system          > 
system          > ConTeXt  ver: 2025.07.27 21:43 LMTX  fmt: 2025.8.2  int: english/english
system          > 
system          > 'cont-new.mkxl' loaded
open source     > level 1, order 1, name '/usr/local/texlive/2025/texmf-dist/tex/context/base/mkxl/cont-new.mkxl'
system          > beware: some patches loaded from cont-new.mkiv
close source    > level 1, order 1, name '/usr/local/texlive/2025/texmf-dist/tex/context/base/mkxl/cont-new.mkxl'
system          > 'cont-sys.mkxl' loaded
open source     > level 1, order 2, name '/usr/local/texlive/2025/texmf-dist/tex/context/texlive/cont-sys.mkxl'
modules         > 'texlive' is loaded
open source     > level 2, order 3, name '/usr/local/texlive/2025/texmf-dist/tex/context/modules/mkxl/m-texlive.mkxl'
resolvers       > lua > loading file '/usr/local/texlive/2025/texmf-dist/tex/context/base/mkiv/data-tld.lua' succeeded
close source    > level 2, order 3, name '/usr/local/texlive/2025/texmf-dist/tex/context/modules/mkxl/m-texlive.mkxl'
open source     > level 2, order 4, name '/usr/local/texlive/2025/texmf-config/tex/context/user/context-papersize.tex'
close source    > level 2, order 4, name '/usr/local/texlive/2025/texmf-config/tex/context/user/context-papersize.tex'
close source    > level 1, order 4, name '/usr/local/texlive/2025/texmf-dist/tex/context/texlive/cont-sys.mkxl'
system          > files > jobname './main', input './main.tex', result './main'
fonts           > latin modern fonts are not preloaded
languages       > language 'en' is active
open source     > level 1, order 5, name './main.tex'
open source     > level 2, order 6, name '/usr/local/texlive/2025/texmf-dist/tex/context/fonts/mkiv/type-imp-texgyre.mkiv'
close source    > level 2, order 6, name '/usr/local/texlive/2025/texmf-dist/tex/context/fonts/mkiv/type-imp-texgyre.mkiv'
fonts           > bodyfont '24pt' is defined (can better be done global (maybe use \usebodyfont)
resolvers       > lua > loading file 'parametric.lua' succeeded
metapost        > initializing instance 'metafun:1' using format 'metafun' and method 'double'
metapost        > loading 'metafun' as '/usr/local/texlive/2025/texmf-dist/metapost/context/base/mpxl/metafun.mpxl' using method 'double'
metapost        > initializing number mode 'double'
metapost        > trace > This is MPLIB for LuaMetaTeX, version 3.15, running in double mode.
metapost        > trace > 
metapost        > trace > loading metafun for lmtx, including the plain 1.004 base definitions
metapost        > trace > 
pages           > flushing realpage 1, userpage 1, subpage 1
pages           > flushing realpage 2, userpage 1, subpage 2
pages           > flushing realpage 3, userpage 1, subpage 3
pages           > flushing realpage 4, userpage 1, subpage 4
pages           > flushing realpage 5, userpage 1, subpage 5
pages           > flushing realpage 6, userpage 1, subpage 6
pages           > flushing realpage 7, userpage 1, subpage 7
pages           > flushing realpage 8, userpage 1, subpage 8
pages           > flushing realpage 9, userpage 1, subpage 9
pages           > flushing realpage 10, userpage 1, subpage 10
pages           > flushing realpage 11, userpage 1, subpage 11
pages           > flushing realpage 12, userpage 1, subpage 12
pages           > flushing realpage 13, userpage 1, subpage 13
pages           > flushing realpage 14, userpage 1, subpage 14
pages           > flushing realpage 15, userpage 1, subpage 15
pages           > flushing realpage 16, userpage 1, subpage 16
pages           > flushing realpage 17, userpage 1, subpage 17
pages           > flushing realpage 18, userpage 1, subpage 18
pages           > flushing realpage 19, userpage 1, subpage 19
pages           > flushing realpage 20, userpage 1, subpage 20
pages           > flushing realpage 21, userpage 1, subpage 21
pages           > flushing realpage 22, userpage 1, subpage 22
pages           > flushing realpage 23, userpage 1, subpage 23
pages           > flushing realpage 24, userpage 1, subpage 24
pages           > flushing realpage 25, userpage 1, subpage 25
pages           > flushing realpage 26, userpage 1, subpage 26
pages           > flushing realpage 27, userpage 1, subpage 27
pages           > flushing realpage 28, userpage 1, subpage 28
pages           > flushing realpage 29, userpage 1, subpage 29
pages           > flushing realpage 30, userpage 1, subpage 30
pages           > flushing realpage 31, userpage 1, subpage 31
pages           > flushing realpage 32, userpage 1, subpage 32
pages           > flushing realpage 33, userpage 1, subpage 33
pages           > flushing realpage 34, userpage 1, subpage 34
pages           > flushing realpage 35, userpage 1, subpage 35
pages           > flushing realpage 36, userpage 1, subpage 36
pages           > flushing realpage 37, userpage 1, subpage 37
pages           > flushing realpage 38, userpage 1, subpage 38
pages           > flushing realpage 39, userpage 1, subpage 39
pages           > flushing realpage 40, userpage 1, subpage 40
pages           > flushing realpage 41, userpage 1, subpage 41
pages           > flushing realpage 42, userpage 1, subpage 42
pages           > flushing realpage 43, userpage 1, subpage 43
pages           > flushing realpage 44, userpage 1, subpage 44
pages           > flushing realpage 45, userpage 1, subpage 45
pages           > flushing realpage 46, userpage 1, subpage 46
pages           > flushing realpage 47, userpage 1, subpage 47
pages           > flushing realpage 48, userpage 1, subpage 48
pages           > flushing realpage 49, userpage 1, subpage 49
pages           > flushing realpage 50, userpage 1, subpage 50
pages           > flushing realpage 51, userpage 1, subpage 51
pages           > flushing realpage 52, userpage 1, subpage 52
pages           > flushing realpage 53, userpage 1, subpage 53
pages           > flushing realpage 54, userpage 1, subpage 54
pages           > flushing realpage 55, userpage 1, subpage 55
pages           > flushing realpage 56, userpage 1, subpage 56
pages           > flushing realpage 57, userpage 1, subpage 57
pages           > flushing realpage 58, userpage 1, subpage 58
pages           > flushing realpage 59, userpage 1, subpage 59
pages           > flushing realpage 60, userpage 1, subpage 60
pages           > flushing realpage 61, userpage 1, subpage 61
pages           > flushing realpage 62, userpage 1, subpage 62
pages           > flushing realpage 63, userpage 1, subpage 63
pages           > flushing realpage 64, userpage 1, subpage 64
pages           > flushing realpage 65, userpage 1, subpage 65
pages           > flushing realpage 66, userpage 1, subpage 66
pages           > flushing realpage 67, userpage 1, subpage 67
pages           > flushing realpage 68, userpage 1, subpage 68
pages           > flushing realpage 69, userpage 1, subpage 69
pages           > flushing realpage 70, userpage 1, subpage 70
pages           > flushing realpage 71, userpage 1, subpage 71
pages           > flushing realpage 72, userpage 1, subpage 72
pages           > flushing realpage 73, userpage 1, subpage 73
pages           > flushing realpage 74, userpage 1, subpage 74
pages           > flushing realpage 75, userpage 1, subpage 75
pages           > flushing realpage 76, userpage 1, subpage 76
pages           > flushing realpage 77, userpage 1, subpage 77
pages           > flushing realpage 78, userpage 1, subpage 78
pages           > flushing realpage 79, userpage 1, subpage 79
pages           > flushing realpage 80, userpage 1, subpage 80
pages           > flushing realpage 81, userpage 1, subpage 81
pages           > flushing realpage 82, userpage 1, subpage 82
pages           > flushing realpage 83, userpage 1, subpage 83
pages           > flushing realpage 84, userpage 1, subpage 84
pages           > flushing realpage 85, userpage 1, subpage 85
pages           > flushing realpage 86, userpage 1, subpage 86
pages           > flushing realpage 87, userpage 1, subpage 87
pages           > flushing realpage 88, userpage 1, subpage 88
pages           > flushing realpage 89, userpage 1, subpage 89
pages           > flushing realpage 90, userpage 1, subpage 90
pages           > flushing realpage 91, userpage 1, subpage 91
pages           > flushing realpage 92, userpage 1, subpage 92
pages           > flushing realpage 93, userpage 1, subpage 93
pages           > flushing realpage 94, userpage 1, subpage 94
pages           > flushing realpage 95, userpage 1, subpage 95
pages           > flushing realpage 96, userpage 1, subpage 96
pages           > flushing realpage 97, userpage 1, subpage 97
pages           > flushing realpage 98, userpage 1, subpage 98
pages           > flushing realpage 99, userpage 1, subpage 99
pages           > flushing realpage 100, userpage 1, subpage 100
pages           > flushing realpage 101, userpage 1, subpage 101
pages           > flushing realpage 102, userpage 1, subpage 102
pages           > flushing realpage 103, userpage 1, subpage 103
pages           > flushing realpage 104, userpage 1, subpage 104
pages           > flushing realpage 105, userpage 1, subpage 105
pages           > flushing realpage 106, userpage 1, subpage 106
pages           > flushing realpage 107, userpage 1, subpage 107
pages           > flushing realpage 108, userpage 1, subpage 108
pages           > flushing realpage 109, userpage 1, subpage 109
pages           > flushing realpage 110, userpage 1, subpage 110
pages           > flushing realpage 111, userpage 1, subpage 111
pages           > flushing realpage 112, userpage 1, subpage 112
pages           > flushing realpage 113, userpage 1, subpage 113
pages           > flushing realpage 114, userpage 1, subpage 114
pages           > flushing realpage 115, userpage 1, subpage 115
pages           > flushing realpage 116, userpage 1, subpage 116
pages           > flushing realpage 117, userpage 1, subpage 117
pages           > flushing realpage 118, userpage 1, subpage 118
pages           > flushing realpage 119, userpage 1, subpage 119
pages           > flushing realpage 120, userpage 1, subpage 120
pages           > flushing realpage 121, userpage 1, subpage 121
pages           > flushing realpage 122, userpage 1, subpage 122
pages           > flushing realpage 123, userpage 1, subpage 123
pages           > flushing realpage 124, userpage 1, subpage 124
pages           > flushing realpage 125, userpage 1, subpage 125
pages           > flushing realpage 126, userpage 1, subpage 126
pages           > flushing realpage 127, userpage 1, subpage 127
pages           > flushing realpage 128, userpage 1, subpage 128
pages           > flushing realpage 129, userpage 1, subpage 129
pages           > flushing realpage 130, userpage 1, subpage 130
pages           > flushing realpage 131, userpage 1, subpage 131
pages           > flushing realpage 132, userpage 1, subpage 132
pages           > flushing realpage 133, userpage 1, subpage 133
pages           > flushing realpage 134, userpage 1, subpage 134
pages           > flushing realpage 135, userpage 1, subpage 135
pages           > flushing realpage 136, userpage 1, subpage 136
pages           > flushing realpage 137, userpage 1, subpage 137
pages           > flushing realpage 138, userpage 1, subpage 138
pages           > flushing realpage 139, userpage 1, subpage 139
pages           > flushing realpage 140, userpage 1, subpage 140
pages           > flushing realpage 141, userpage 1, subpage 141
pages           > flushing realpage 142, userpage 1, subpage 142
pages           > flushing realpage 143, userpage 1, subpage 143
pages           > flushing realpage 144, userpage 1, subpage 144
pages           > flushing realpage 145, userpage 1, subpage 145
pages           > flushing realpage 146, userpage 1, subpage 146
pages           > flushing realpage 147, userpage 1, subpage 147
pages           > flushing realpage 148, userpage 1, subpage 148
pages           > flushing realpage 149, userpage 1, subpage 149
pages           > flushing realpage 150, userpage 1, subpage 150
pages           > flushing realpage 151, userpage 1, subpage 151
pages           > flushing realpage 152, userpage 1, subpage 152
pages           > flushing realpage 153, userpage 1, subpage 153
pages           > flushing realpage 154, userpage 1, subpage 154
pages           > flushing realpage 155, userpage 1, subpage 155
pages           > flushing realpage 156, userpage 1, subpage 156
pages           > flushing realpage 157, userpage 1, subpage 157
pages           > flushing realpage 158, userpage 1, subpage 158
pages           > flushing realpage 159, userpage 1, subpage 159
pages           > flushing realpage 160, userpage 1, subpage 160
pages           > flushing realpage 161, userpage 1, subpage 161
pages           > flushing realpage 162, userpage 1, subpage 162
pages           > flushing realpage 163, userpage 1, subpage 163
pages           > flushing realpage 164, userpage 1, subpage 164
pages           > flushing realpage 165, userpage 1, subpage 165
pages           > flushing realpage 166, userpage 1, subpage 166
pages           > flushing realpage 167, userpage 1, subpage 167
pages           > flushing realpage 168, userpage 1, subpage 168
pages           > flushing realpage 169, userpage 1, subpage 169
pages           > flushing realpage 170, userpage 1, subpage 170
pages           > flushing realpage 171, userpage 1, subpage 171
pages           > flushing realpage 172, userpage 1, subpage 172
pages           > flushing realpage 173, userpage 1, subpage 173
pages           > flushing realpage 174, userpage 1, subpage 174
pages           > flushing realpage 175, userpage 1, subpage 175
pages           > flushing realpage 176, userpage 1, subpage 176
pages           > flushing realpage 177, userpage 1, subpage 177
pages           > flushing realpage 178, userpage 1, subpage 178
pages           > flushing realpage 179, userpage 1, subpage 179
pages           > flushing realpage 180, userpage 1, subpage 180
pages           > flushing realpage 181, userpage 1, subpage 181
pages           > flushing realpage 182, userpage 1, subpage 182
pages           > flushing realpage 183, userpage 1, subpage 183
pages           > flushing realpage 184, userpage 1, subpage 184
pages           > flushing realpage 185, userpage 1, subpage 185
pages           > flushing realpage 186, userpage 1, subpage 186
pages           > flushing realpage 187, userpage 1, subpage 187
pages           > flushing realpage 188, userpage 1, subpage 188
pages           > flushing realpage 189, userpage 1, subpage 189
pages           > flushing realpage 190, userpage 1, subpage 190
pages           > flushing realpage 191, userpage 1, subpage 191
pages           > flushing realpage 192, userpage 1, subpage 192
pages           > flushing realpage 193, userpage 1, subpage 193
pages           > flushing realpage 194, userpage 1, subpage 194
pages           > flushing realpage 195, userpage 1, subpage 195
pages           > flushing realpage 196, userpage 1, subpage 196
pages           > flushing realpage 197, userpage 1, subpage 197
pages           > flushing realpage 198, userpage 1, subpage 198
pages           > flushing realpage 199, userpage 1, subpage 199
pages           > flushing realpage 200, userpage 1, subpage 200
pages           > flushing realpage 201, userpage 1, subpage 201
pages           > flushing realpage 202, userpage 1, subpage 202
pages           > flushing realpage 203, userpage 1, subpage 203
pages           > flushing realpage 204, userpage 1, subpage 204
pages           > flushing realpage 205, userpage 1, subpage 205
pages           > flushing realpage 206, userpage 1, subpage 206
pages           > flushing realpage 207, userpage 1, subpage 207
pages           > flushing realpage 208, userpage 1, subpage 208
pages           > flushing realpage 209, userpage 1, subpage 209
pages           > flushing realpage 210, userpage 1, subpage 210
pages           > flushing realpage 211, userpage 1, subpage 211
pages           > flushing realpage 212, userpage 1, subpage 212
pages           > flushing realpage 213, userpage 1, subpage 213
pages           > flushing realpage 214, userpage 1, subpage 214
pages           > flushing realpage 215, userpage 1, subpage 215
pages           > flushing realpage 216, userpage 1, subpage 216
pages           > flushing realpage 217, userpage 1, subpage 217
pages           > flushing realpage 218, userpage 1, subpage 218
pages           > flushing realpage 219, userpage 1, subpage 219
pages           > flushing realpage 220, userpage 1, subpage 220
pages           > flushing realpage 221, userpage 1, subpage 221
pages           > flushing realpage 222, userpage 1, subpage 222
pages           > flushing realpage 223, userpage 1, subpage 223
pages           > flushing realpage 224, userpage 1, subpage 224
pages           > flushing realpage 225, userpage 1, subpage 225
pages           > flushing realpage 226, userpage 1, subpage 226
pages           > flushing realpage 227, userpage 1, subpage 227
pages           > flushing realpage 228, userpage 1, subpage 228
pages           > flushing realpage 229, userpage 1, subpage 229
pages           > flushing realpage 230, userpage 1, subpage 230
pages           > flushing realpage 231, userpage 1, subpage 231
pages           > flushing realpage 232, userpage 1, subpage 232
pages           > flushing realpage 233, userpage 1, subpage 233
pages           > flushing realpage 234, userpage 1, subpage 234
pages           > flushing realpage 235, userpage 1, subpage 235
pages           > flushing realpage 236, userpage 1, subpage 236
pages           > flushing realpage 237, userpage 1, subpage 237
pages           > flushing realpage 238, userpage 1, subpage 238
pages           > flushing realpage 239, userpage 1, subpage 239
pages           > flushing realpage 240, userpage 1, subpage 240
pages           > flushing realpage 241, userpage 1, subpage 241
pages           > flushing realpage 242, userpage 1, subpage 242
pages           > flushing realpage 243, userpage 1, subpage 243
pages           > flushing realpage 244, userpage 1, subpage 244
pages           > flushing realpage 245, userpage 1, subpage 245
pages           > flushing realpage 246, userpage 1, subpage 246
pages           > flushing realpage 247, userpage 1, subpage 247
pages           > flushing realpage 248, userpage 1, subpage 248
pages           > flushing realpage 249, userpage 1, subpage 249
pages           > flushing realpage 250, userpage 1, subpage 250
pages           > flushing realpage 251, userpage 1, subpage 251
pages           > flushing realpage 252, userpage 1, subpage 252
pages           > flushing realpage 253, userpage 1, subpage 253
pages           > flushing realpage 254, userpage 1, subpage 254
pages           > flushing realpage 255, userpage 1, subpage 255
pages           > flushing realpage 256, userpage 1, subpage 256
pages           > flushing realpage 257, userpage 1, subpage 257
pages           > flushing realpage 258, userpage 1, subpage 258
pages           > flushing realpage 259, userpage 1, subpage 259
pages           > flushing realpage 260, userpage 1, subpage 260
pages           > flushing realpage 261, userpage 1, subpage 261
pages           > flushing realpage 262, userpage 1, subpage 262
pages           > flushing realpage 263, userpage 1, subpage 263
pages           > flushing realpage 264, userpage 1, subpage 264
pages           > flushing realpage 265, userpage 1, subpage 265
pages           > flushing realpage 266, userpage 1, subpage 266
pages           > flushing realpage 267, userpage 1, subpage 267
pages           > flushing realpage 268, userpage 1, subpage 268
pages           > flushing realpage 269, userpage 1, subpage 269
pages           > flushing realpage 270, userpage 1, subpage 270
pages           > flushing realpage 271, userpage 1, subpage 271
pages           > flushing realpage 272, userpage 1, subpage 272
pages           > flushing realpage 273, userpage 1, subpage 273
pages           > flushing realpage 274, userpage 1, subpage 274
pages           > flushing realpage 275, userpage 1, subpage 275
pages           > flushing realpage 276, userpage 1, subpage 276
pages           > flushing realpage 277, userpage 1, subpage 277
pages           > flushing realpage 278, userpage 1, subpage 278
pages           > flushing realpage 279, userpage 1, subpage 279
pages           > flushing realpage 280, userpage 1, subpage 280
pages           > flushing realpage 281, userpage 1, subpage 281
pages           > flushing realpage 282, userpage 1, subpage 282
pages           > flushing realpage 283, userpage 1, subpage 283
pages           > flushing realpage 284, userpage 1, subpage 284
pages           > flushing realpage 285, userpage 1, subpage 285
pages           > flushing realpage 286, userpage 1, subpage 286
pages           > flushing realpage 287, userpage 1, subpage 287
pages           > flushing realpage 288, userpage 1, subpage 288
pages           > flushing realpage 289, userpage 1, subpage 289
pages           > flushing realpage 290, userpage 1, subpage 290
pages           > flushing realpage 291, userpage 1, subpage 291
pages           > flushing realpage 292, userpage 1, subpage 292
pages           > flushing realpage 293, userpage 1, subpage 293
pages           > flushing realpage 294, userpage 1, subpage 294
pages           > flushing realpage 295, userpage 1, subpage 295
pages           > flushing realpage 296, userpage 1, subpage 296
pages           > flushing realpage 297, userpage 1, subpage 297
pages           > flushing realpage 298, userpage 1, subpage 298
pages           > flushing realpage 299, userpage 1, subpage 299
pages           > flushing realpage 300, userpage 1, subpage 300
pages           > flushing realpage 301, userpage 1, subpage 301
pages           > flushing realpage 302, userpage 1, subpage 302
pages           > flushing realpage 303, userpage 1, subpage 303
pages           > flushing realpage 304, userpage 1, subpage 304
pages           > flushing realpage 305, userpage 1, subpage 305
pages           > flushing realpage 306, userpage 1, subpage 306
pages           > flushing realpage 307, userpage 1, subpage 307
pages           > flushing realpage 308, userpage 1, subpage 308
pages           > flushing realpage 309, userpage 1, subpage 309
pages           > flushing realpage 310, userpage 1, subpage 310
pages           > flushing realpage 311, userpage 1, subpage 311
pages           > flushing realpage 312, userpage 1, subpage 312
pages           > flushing realpage 313, userpage 1, subpage 313
pages           > flushing realpage 314, userpage 1, subpage 314
pages           > flushing realpage 315, userpage 1, subpage 315
pages           > flushing realpage 316, userpage 1, subpage 316
pages           > flushing realpage 317, userpage 1, subpage 317
pages           > flushing realpage 318, userpage 1, subpage 318
pages           > flushing realpage 319, userpage 1, subpage 319
pages           > flushing realpage 320, userpage 1, subpage 320
pages           > flushing realpage 321, userpage 1, subpage 321
pages           > flushing realpage 322, userpage 1, subpage 322
pages           > flushing realpage 323, userpage 1, subpage 323
pages           > flushing realpage 324, userpage 1, subpage 324
pages           > flushing realpage 325, userpage 1, subpage 325
pages           > flushing realpage 326, userpage 1, subpage 326
pages           > flushing realpage 327, userpage 1, subpage 327
pages           > flushing realpage 328, userpage 1, subpage 328
pages           > flushing realpage 329, userpage 1, subpage 329
pages           > flushing realpage 330, userpage 1, subpage 330
pages           > flushing realpage 331, userpage 1, subpage 331
pages           > flushing realpage 332, userpage 1, subpage 332
pages           > flushing realpage 333, userpage 1, subpage 333
pages           > flushing realpage 334, userpage 1, subpage 334
pages           > flushing realpage 335, userpage 1, subpage 335
pages           > flushing realpage 336, userpage 1, subpage 336
pages           > flushing realpage 337, userpage 1, subpage 337
pages           > flushing realpage 338, userpage 1, subpage 338
pages           > flushing realpage 339, userpage 1, subpage 339
pages           > flushing realpage 340, userpage 1, subpage 340
pages           > flushing realpage 341, userpage 1, subpage 341
pages           > flushing realpage 342, userpage 1, subpage 342
pages           > flushing realpage 343, userpage 1, subpage 343
pages           > flushing realpage 344, userpage 1, subpage 344
pages           > flushing realpage 345, userpage 1, subpage 345
pages           > flushing realpage 346, userpage 1, subpage 346
pages           > flushing realpage 347, userpage 1, subpage 347
pages           > flushing realpage 348, userpage 1, subpage 348
pages           > flushing realpage 349, userpage 1, subpage 349
pages           > flushing realpage 350, userpage 1, subpage 350
pages           > flushing realpage 351, userpage 1, subpage 351
pages           > flushing realpage 352, userpage 1, subpage 352
pages           > flushing realpage 353, userpage 1, subpage 353
pages           > flushing realpage 354, userpage 1, subpage 354
pages           > flushing realpage 355, userpage 1, subpage 355
pages           > flushing realpage 356, userpage 1, subpage 356
pages           > flushing realpage 357, userpage 1, subpage 357
pages           > flushing realpage 358, userpage 1, subpage 358
pages           > flushing realpage 359, userpage 1, subpage 359
pages           > flushing realpage 360, userpage 1, subpage 360
pages           > flushing realpage 361, userpage 1, subpage 361
pages           > flushing realpage 362, userpage 1, subpage 362
pages           > flushing realpage 363, userpage 1, subpage 363
pages           > flushing realpage 364, userpage 1, subpage 364
pages           > flushing realpage 365, userpage 1, subpage 365
pages           > flushing realpage 366, userpage 1, subpage 366
pages           > flushing realpage 367, userpage 1, subpage 367
pages           > flushing realpage 368, userpage 1, subpage 368
pages           > flushing realpage 369, userpage 1, subpage 369
pages           > flushing realpage 370, userpage 1, subpage 370
pages           > flushing realpage 371, userpage 1, subpage 371
pages           > flushing realpage 372, userpage 1, subpage 372
pages           > flushing realpage 373, userpage 1, subpage 373
pages           > flushing realpage 374, userpage 1, subpage 374
pages           > flushing realpage 375, userpage 1, subpage 375
pages           > flushing realpage 376, userpage 1, subpage 376
pages           > flushing realpage 377, userpage 1, subpage 377
pages           > flushing realpage 378, userpage 1, subpage 378
pages           > flushing realpage 379, userpage 1, subpage 379
pages           > flushing realpage 380, userpage 1, subpage 380
pages           > flushing realpage 381, userpage 1, subpage 381
pages           > flushing realpage 382, userpage 1, subpage 382
pages           > flushing realpage 383, userpage 1, subpage 383
pages           > flushing realpage 384, userpage 1, subpage 384
pages           > flushing realpage 385, userpage 1, subpage 385
pages           > flushing realpage 386, userpage 1, subpage 386
pages           > flushing realpage 387, userpage 1, subpage 387
pages           > flushing realpage 388, userpage 1, subpage 388
pages           > flushing realpage 389, userpage 1, subpage 389
pages           > flushing realpage 390, userpage 1, subpage 390
pages           > flushing realpage 391, userpage 1, subpage 391
pages           > flushing realpage 392, userpage 1, subpage 392
pages           > flushing realpage 393, userpage 1, subpage 393
pages           > flushing realpage 394, userpage 1, subpage 394
pages           > flushing realpage 395, userpage 1, subpage 395
pages           > flushing realpage 396, userpage 1, subpage 396
pages           > flushing realpage 397, userpage 1, subpage 397
pages           > flushing realpage 398, userpage 1, subpage 398
pages           > flushing realpage 399, userpage 1, subpage 399
pages           > flushing realpage 400, userpage 1, subpage 400
pages           > flushing realpage 401, userpage 1, subpage 401
pages           > flushing realpage 402, userpage 1, subpage 402
pages           > flushing realpage 403, userpage 1, subpage 403
pages           > flushing realpage 404, userpage 1, subpage 404
pages           > flushing realpage 405, userpage 1, subpage 405
pages           > flushing realpage 406, userpage 1, subpage 406
pages           > flushing realpage 407, userpage 1, subpage 407
pages           > flushing realpage 408, userpage 1, subpage 408
pages           > flushing realpage 409, userpage 1, subpage 409
pages           > flushing realpage 410, userpage 1, subpage 410
pages           > flushing realpage 411, userpage 1, subpage 411
pages           > flushing realpage 412, userpage 1, subpage 412
pages           > flushing realpage 413, userpage 1, subpage 413
pages           > flushing realpage 414, userpage 1, subpage 414
pages           > flushing realpage 415, userpage 1, subpage 415
pages           > flushing realpage 416, userpage 1, subpage 416
pages           > flushing realpage 417, userpage 1, subpage 417
pages           > flushing realpage 418, userpage 1, subpage 418
pages           > flushing realpage 419, userpage 1, subpage 419
pages           > flushing realpage 420, userpage 1, subpage 420
pages           > flushing realpage 421, userpage 1, subpage 421
pages           > flushing realpage 422, userpage 1, subpage 422
pages           > flushing realpage 423, userpage 1, subpage 423
pages           > flushing realpage 424, userpage 1, subpage 424
pages           > flushing realpage 425, userpage 1, subpage 425
pages           > flushing realpage 426, userpage 1, subpage 426
pages           > flushing realpage 427, userpage 1, subpage 427
pages           > flushing realpage 428, userpage 1, subpage 428
pages           > flushing realpage 429, userpage 1, subpage 429
pages           > flushing realpage 430, userpage 1, subpage 430
pages           > flushing realpage 431, userpage 1, subpage 431
pages           > flushing realpage 432, userpage 1, subpage 432
pages           > flushing realpage 433, userpage 1, subpage 433
pages           > flushing realpage 434, userpage 1, subpage 434
pages           > flushing realpage 435, userpage 1, subpage 435
pages           > flushing realpage 436, userpage 1, subpage 436
pages           > flushing realpage 437, userpage 1, subpage 437
pages           > flushing realpage 438, userpage 1, subpage 438
pages           > flushing realpage 439, userpage 1, subpage 439
pages           > flushing realpage 440, userpage 1, subpage 440
pages           > flushing realpage 441, userpage 1, subpage 441
pages           > flushing realpage 442, userpage 1, subpage 442
pages           > flushing realpage 443, userpage 1, subpage 443
pages           > flushing realpage 444, userpage 1, subpage 444
pages           > flushing realpage 445, userpage 1, subpage 445
pages           > flushing realpage 446, userpage 1, subpage 446
pages           > flushing realpage 447, userpage 1, subpage 447
pages           > flushing realpage 448, userpage 1, subpage 448
pages           > flushing realpage 449, userpage 1, subpage 449
pages           > flushing realpage 450, userpage 1, subpage 450
pages           > flushing realpage 451, userpage 1, subpage 451
pages           > flushing realpage 452, userpage 1, subpage 452
pages           > flushing realpage 453, userpage 1, subpage 453
pages           > flushing realpage 454, userpage 1, subpage 454
pages           > flushing realpage 455, userpage 1, subpage 455
pages           > flushing realpage 456, userpage 1, subpage 456
pages           > flushing realpage 457, userpage 1, subpage 457
pages           > flushing realpage 458, userpage 1, subpage 458
pages           > flushing realpage 459, userpage 1, subpage 459
pages           > flushing realpage 460, userpage 1, subpage 460
pages           > flushing realpage 461, userpage 1, subpage 461
pages           > flushing realpage 462, userpage 1, subpage 462
pages           > flushing realpage 463, userpage 1, subpage 463
pages           > flushing realpage 464, userpage 1, subpage 464
pages           > flushing realpage 465, userpage 1, subpage 465
pages           > flushing realpage 466, userpage 1, subpage 466
pages           > flushing realpage 467, userpage 1, subpage 467
pages           > flushing realpage 468, userpage 1, subpage 468
pages           > flushing realpage 469, userpage 1, subpage 469
pages           > flushing realpage 470, userpage 1, subpage 470
pages           > flushing realpage 471, userpage 1, subpage 471
pages           > flushing realpage 472, userpage 1, subpage 472
pages           > flushing realpage 473, userpage 1, subpage 473
pages           > flushing realpage 474, userpage 1, subpage 474
pages           > flushing realpage 475, userpage 1, subpage 475
pages           > flushing realpage 476, userpage 1, subpage 476
pages           > flushing realpage 477, userpage 1, subpage 477
pages           > flushing realpage 478, userpage 1, subpage 478
pages           > flushing realpage 479, userpage 1, subpage 479
pages           > flushing realpage 480, userpage 1, subpage 480
pages           > flushing realpage 481, userpage 1, subpage 481
pages           > flushing realpage 482, userpage 1, subpage 482
pages           > flushing realpage 483, userpage 1, subpage 483
pages           > flushing realpage 484, userpage 1, subpage 484
pages           > flushing realpage 485, userpage 1, subpage 485
pages           > flushing realpage 486, userpage 1, subpage 486
pages           > flushing realpage 487, userpage 1, subpage 487
pages           > flushing realpage 488, userpage 1, subpage 488
pages           > flushing realpage 489, userpage 1, subpage 489
pages           > flushing realpage 490, userpage 1, subpage 490
pages           > flushing realpage 491, userpage 1, subpage 491
pages           > flushing realpage 492, userpage 1, subpage 492
pages           > flushing realpage 493, userpage 1, subpage 493
pages           > flushing realpage 494, userpage 1, subpage 494
pages           > flushing realpage 495, userpage 1, subpage 495
pages           > flushing realpage 496, userpage 1, subpage 496
pages           > flushing realpage 497, userpage 1, subpage 497
pages           > flushing realpage 498, userpage 1, subpage 498
pages           > flushing realpage 499, userpage 1, subpage 499
pages           > flushing realpage 500, userpage 1, subpage 500
pages           > flushing realpage 501, userpage 1, subpage 501
pages           > flushing realpage 502, userpage 1, subpage 502
pages           > flushing realpage 503, userpage 1, subpage 503
pages           > flushing realpage 504, userpage 1, subpage 504
pages           > flushing realpage 505, userpage 1, subpage 505
pages           > flushing realpage 506, userpage 1, subpage 506
pages           > flushing realpage 507, userpage 1, subpage 507
pages           > flushing realpage 508, userpage 1, subpage 508
pages           > flushing realpage 509, userpage 1, subpage 509
pages           > flushing realpage 510, userpage 1, subpage 510
pages           > flushing realpage 511, userpage 1, subpage 511
pages           > flushing realpage 512, userpage 1, subpage 512
pages           > flushing realpage 513, userpage 1, subpage 513
pages           > flushing realpage 514, userpage 1, subpage 514
pages           > flushing realpage 515, userpage 1, subpage 515
pages           > flushing realpage 516, userpage 1, subpage 516
pages           > flushing realpage 517, userpage 1, subpage 517
pages           > flushing realpage 518, userpage 1, subpage 518
pages           > flushing realpage 519, userpage 1, subpage 519
pages           > flushing realpage 520, userpage 1, subpage 520
pages           > flushing realpage 521, userpage 1, subpage 521
pages           > flushing realpage 522, userpage 1, subpage 522
pages           > flushing realpage 523, userpage 1, subpage 523
pages           > flushing realpage 524, userpage 1, subpage 524
pages           > flushing realpage 525, userpage 1, subpage 525
pages           > flushing realpage 526, userpage 1, subpage 526
pages           > flushing realpage 527, userpage 1, subpage 527
pages           > flushing realpage 528, userpage 1, subpage 528
pages           > flushing realpage 529, userpage 1, subpage 529
pages           > flushing realpage 530, userpage 1, subpage 530
pages           > flushing realpage 531, userpage 1, subpage 531
pages           > flushing realpage 532, userpage 1, subpage 532
pages           > flushing realpage 533, userpage 1, subpage 533
pages           > flushing realpage 534, userpage 1, subpage 534
pages           > flushing realpage 535, userpage 1, subpage 535
pages           > flushing realpage 536, userpage 1, subpage 536
pages           > flushing realpage 537, userpage 1, subpage 537
pages           > flushing realpage 538, userpage 1, subpage 538
pages           > flushing realpage 539, userpage 1, subpage 539
pages           > flushing realpage 540, userpage 1, subpage 540
pages           > flushing realpage 541, userpage 1, subpage 541
pages           > flushing realpage 542, userpage 1, subpage 542
pages           > flushing realpage 543, userpage 1, subpage 543
pages           > flushing realpage 544, userpage 1, subpage 544
pages           > flushing realpage 545, userpage 1, subpage 545
pages           > flushing realpage 546, userpage 1, subpage 546
pages           > flushing realpage 547, userpage 1, subpage 547
pages           > flushing realpage 548, userpage 1, subpage 548
pages           > flushing realpage 549, userpage 1, subpage 549
pages           > flushing realpage 550, userpage 1, subpage 550
pages           > flushing realpage 551, userpage 1, subpage 551
pages           > flushing realpage 552, userpage 1, subpage 552
pages           > flushing realpage 553, userpage 1, subpage 553
pages           > flushing realpage 554, userpage 1, subpage 554
pages           > flushing realpage 555, userpage 1, subpage 555
pages           > flushing realpage 556, userpage 1, subpage 556
pages           > flushing realpage 557, userpage 1, subpage 557
pages           > flushing realpage 558, userpage 1, subpage 558
pages           > flushing realpage 559, userpage 1, subpage 559
pages           > flushing realpage 560, userpage 1, subpage 560
pages           > flushing realpage 561, userpage 1, subpage 561
pages           > flushing realpage 562, userpage 1, subpage 562
pages           > flushing realpage 563, userpage 1, subpage 563
pages           > flushing realpage 564, userpage 1, subpage 564
pages           > flushing realpage 565, userpage 1, subpage 565
pages           > flushing realpage 566, userpage 1, subpage 566
pages           > flushing realpage 567, userpage 1, subpage 567
pages           > flushing realpage 568, userpage 1, subpage 568
pages           > flushing realpage 569, userpage 1, subpage 569
pages           > flushing realpage 570, userpage 1, subpage 570
pages           > flushing realpage 571, userpage 1, subpage 571
pages           > flushing realpage 572, userpage 1, subpage 572
pages           > flushing realpage 573, userpage 1, subpage 573
pages           > flushing realpage 574, userpage 1, subpage 574
pages           > flushing realpage 575, userpage 1, subpage 575
pages           > flushing realpage 576, userpage 1, subpage 576
pages           > flushing realpage 577, userpage 1, subpage 577
pages           > flushing realpage 578, userpage 1, subpage 578
pages           > flushing realpage 579, userpage 1, subpage 579
pages           > flushing realpage 580, userpage 1, subpage 580
pages           > flushing realpage 581, userpage 1, subpage 581
pages           > flushing realpage 582, userpage 1, subpage 582
pages           > flushing realpage 583, userpage 1, subpage 583
pages           > flushing realpage 584, userpage 1, subpage 584
pages           > flushing realpage 585, userpage 1, subpage 585
pages           > flushing realpage 586, userpage 1, subpage 586
pages           > flushing realpage 587, userpage 1, subpage 587
pages           > flushing realpage 588, userpage 1, subpage 588
pages           > flushing realpage 589, userpage 1, subpage 589
pages           > flushing realpage 590, userpage 1, subpage 590
pages           > flushing realpage 591, userpage 1, subpage 591
pages           > flushing realpage 592, userpage 1, subpage 592
pages           > flushing realpage 593, userpage 1, subpage 593
pages           > flushing realpage 594, userpage 1, subpage 594
pages           > flushing realpage 595, userpage 1, subpage 595
pages           > flushing realpage 596, userpage 1, subpage 596
pages           > flushing realpage 597, userpage 1, subpage 597
pages           > flushing realpage 598, userpage 1, subpage 598
pages           > flushing realpage 599, userpage 1, subpage 599
pages           > flushing realpage 600, userpage 1, subpage 600
pages           > flushing realpage 601, userpage 1, subpage 601
pages           > flushing realpage 602, userpage 1, subpage 602
pages           > flushing realpage 603, userpage 1, subpage 603
pages           > flushing realpage 604, userpage 1, subpage 604
pages           > flushing realpage 605, userpage 1, subpage 605
pages           > flushing realpage 606, userpage 1, subpage 606
pages           > flushing realpage 607, userpage 1, subpage 607
pages           > flushing realpage 608, userpage 1, subpage 608
pages           > flushing realpage 609, userpage 1, subpage 609
pages           > flushing realpage 610, userpage 1, subpage 610
pages           > flushing realpage 611, userpage 1, subpage 611
pages           > flushing realpage 612, userpage 1, subpage 612
pages           > flushing realpage 613, userpage 1, subpage 613
pages           > flushing realpage 614, userpage 1, subpage 614
pages           > flushing realpage 615, userpage 1, subpage 615
pages           > flushing realpage 616, userpage 1, subpage 616
pages           > flushing realpage 617, userpage 1, subpage 617
pages           > flushing realpage 618, userpage 1, subpage 618
pages           > flushing realpage 619, userpage 1, subpage 619
pages           > flushing realpage 620, userpage 1, subpage 620
pages           > flushing realpage 621, userpage 1, subpage 621
pages           > flushing realpage 622, userpage 1, subpage 622
pages           > flushing realpage 623, userpage 1, subpage 623
pages           > flushing realpage 624, userpage 1, subpage 624
pages           > flushing realpage 625, userpage 1, subpage 625
pages           > flushing realpage 626, userpage 1, subpage 626
pages           > flushing realpage 627, userpage 1, subpage 627
pages           > flushing realpage 628, userpage 1, subpage 628
pages           > flushing realpage 629, userpage 1, subpage 629
pages           > flushing realpage 630, userpage 1, subpage 630
pages           > flushing realpage 631, userpage 1, subpage 631
pages           > flushing realpage 632, userpage 1, subpage 632
pages           > flushing realpage 633, userpage 1, subpage 633
pages           > flushing realpage 634, userpage 1, subpage 634
pages           > flushing realpage 635, userpage 1, subpage 635
pages           > flushing realpage 636, userpage 1, subpage 636
pages           > flushing realpage 637, userpage 1, subpage 637
pages           > flushing realpage 638, userpage 1, subpage 638
pages           > flushing realpage 639, userpage 1, subpage 639
pages           > flushing realpage 640, userpage 1, subpage 640
pages           > flushing realpage 641, userpage 1, subpage 641
pages           > flushing realpage 642, userpage 1, subpage 642
pages           > flushing realpage 643, userpage 1, subpage 643
pages           > flushing realpage 644, userpage 1, subpage 644
pages           > flushing realpage 645, userpage 1, subpage 645
pages           > flushing realpage 646, userpage 1, subpage 646
pages           > flushing realpage 647, userpage 1, subpage 647
pages           > flushing realpage 648, userpage 1, subpage 648
pages           > flushing realpage 649, userpage 1, subpage 649
pages           > flushing realpage 650, userpage 1, subpage 650
pages           > flushing realpage 651, userpage 1, subpage 651
pages           > flushing realpage 652, userpage 1, subpage 652
pages           > flushing realpage 653, userpage 1, subpage 653
pages           > flushing realpage 654, userpage 1, subpage 654
pages           > flushing realpage 655, userpage 1, subpage 655
pages           > flushing realpage 656, userpage 1, subpage 656
pages           > flushing realpage 657, userpage 1, subpage 657
pages           > flushing realpage 658, userpage 1, subpage 658
pages           > flushing realpage 659, userpage 1, subpage 659
pages           > flushing realpage 660, userpage 1, subpage 660
pages           > flushing realpage 661, userpage 1, subpage 661
pages           > flushing realpage 662, userpage 1, subpage 662
pages           > flushing realpage 663, userpage 1, subpage 663
pages           > flushing realpage 664, userpage 1, subpage 664
pages           > flushing realpage 665, userpage 1, subpage 665
pages           > flushing realpage 666, userpage 1, subpage 666
pages           > flushing realpage 667, userpage 1, subpage 667
pages           > flushing realpage 668, userpage 1, subpage 668
pages           > flushing realpage 669, userpage 1, subpage 669
pages           > flushing realpage 670, userpage 1, subpage 670
pages           > flushing realpage 671, userpage 1, subpage 671
pages           > flushing realpage 672, userpage 1, subpage 672
pages           > flushing realpage 673, userpage 1, subpage 673
pages           > flushing realpage 674, userpage 1, subpage 674
pages           > flushing realpage 675, userpage 1, subpage 675
pages           > flushing realpage 676, userpage 1, subpage 676
pages           > flushing realpage 677, userpage 1, subpage 677
pages           > flushing realpage 678, userpage 1, subpage 678
pages           > flushing realpage 679, userpage 1, subpage 679
pages           > flushing realpage 680, userpage 1, subpage 680
pages           > flushing realpage 681, userpage 1, subpage 681
pages           > flushing realpage 682, userpage 1, subpage 682
pages           > flushing realpage 683, userpage 1, subpage 683
pages           > flushing realpage 684, userpage 1, subpage 684
pages           > flushing realpage 685, userpage 1, subpage 685
pages           > flushing realpage 686, userpage 1, subpage 686
pages           > flushing realpage 687, userpage 1, subpage 687
pages           > flushing realpage 688, userpage 1, subpage 688
pages           > flushing realpage 689, userpage 1, subpage 689
pages           > flushing realpage 690, userpage 1, subpage 690
pages           > flushing realpage 691, userpage 1, subpage 691
pages           > flushing realpage 692, userpage 1, subpage 692
pages           > flushing realpage 693, userpage 1, subpage 693
pages           > flushing realpage 694, userpage 1, subpage 694
pages           > flushing realpage 695, userpage 1, subpage 695
pages           > flushing realpage 696, userpage 1, subpage 696
pages           > flushing realpage 697, userpage 1, subpage 697
pages           > flushing realpage 698, userpage 1, subpage 698
pages           > flushing realpage 699, userpage 1, subpage 699
pages           > flushing realpage 700, userpage 1, subpage 700
pages           > flushing realpage 701, userpage 1, subpage 701
pages           > flushing realpage 702, userpage 1, subpage 702
pages           > flushing realpage 703, userpage 1, subpage 703
pages           > flushing realpage 704, userpage 1, subpage 704
pages           > flushing realpage 705, userpage 1, subpage 705
pages           > flushing realpage 706, userpage 1, subpage 706
pages           > flushing realpage 707, userpage 1, subpage 707
pages           > flushing realpage 708, userpage 1, subpage 708
pages           > flushing realpage 709, userpage 1, subpage 709
pages           > flushing realpage 710, userpage 1, subpage 710
pages           > flushing realpage 711, userpage 1, subpage 711
pages           > flushing realpage 712, userpage 1, subpage 712
pages           > flushing realpage 713, userpage 1, subpage 713
pages           > flushing realpage 714, userpage 1, subpage 714
pages           > flushing realpage 715, userpage 1, subpage 715
pages           > flushing realpage 716, userpage 1, subpage 716
pages           > flushing realpage 717, userpage 1, subpage 717
pages           > flushing realpage 718, userpage 1, subpage 718
pages           > flushing realpage 719, userpage 1, subpage 719
pages           > flushing realpage 720, userpage 1, subpage 720
pages           > flushing realpage 721, userpage 1, subpage 721
pages           > flushing realpage 722, userpage 1, subpage 722
pages           > flushing realpage 723, userpage 1, subpage 723
pages           > flushing realpage 724, userpage 1, subpage 724
pages           > flushing realpage 725, userpage 1, subpage 725
pages           > flushing realpage 726, userpage 1, subpage 726
pages           > flushing realpage 727, userpage 1, subpage 727
pages           > flushing realpage 728, userpage 1, subpage 728
pages           > flushing realpage 729, userpage 1, subpage 729
pages           > flushing realpage 730, userpage 1, subpage 730
pages           > flushing realpage 731, userpage 1, subpage 731
pages           > flushing realpage 732, userpage 1, subpage 732
pages           > flushing realpage 733, userpage 1, subpage 733
pages           > flushing realpage 734, userpage 1, subpage 734
pages           > flushing realpage 735, userpage 1, subpage 735
pages           > flushing realpage 736, userpage 1, subpage 736
pages           > flushing realpage 737, userpage 1, subpage 737
pages           > flushing realpage 738, userpage 1, subpage 738
pages           > flushing realpage 739, userpage 1, subpage 739
pages           > flushing realpage 740, userpage 1, subpage 740
pages           > flushing realpage 741, userpage 1, subpage 741
pages           > flushing realpage 742, userpage 1, subpage 742
pages           > flushing realpage 743, userpage 1, subpage 743
pages           > flushing realpage 744, userpage 1, subpage 744
pages           > flushing realpage 745, userpage 1, subpage 745
pages           > flushing realpage 746, userpage 1, subpage 746
pages           > flushing realpage 747, userpage 1, subpage 747
pages           > flushing realpage 748, userpage 1, subpage 748
pages           > flushing realpage 749, userpage 1, subpage 749
pages           > flushing realpage 750, userpage 1, subpage 750
pages           > flushing realpage 751, userpage 1, subpage 751
pages           > flushing realpage 752, userpage 1, subpage 752
pages           > flushing realpage 753, userpage 1, subpage 753
pages           > flushing realpage 754, userpage 1, subpage 754
pages           > flushing realpage 755, userpage 1, subpage 755
pages           > flushing realpage 756, userpage 1, subpage 756
pages           > flushing realpage 757, userpage 1, subpage 757
pages           > flushing realpage 758, userpage 1, subpage 758
pages           > flushing realpage 759, userpage 1, subpage 759
pages           > flushing realpage 760, userpage 1, subpage 760
pages           > flushing realpage 761, userpage 1, subpage 761
pages           > flushing realpage 762, userpage 1, subpage 762
pages           > flushing realpage 763, userpage 1, subpage 763
pages           > flushing realpage 764, userpage 1, subpage 764
pages           > flushing realpage 765, userpage 1, subpage 765
pages           > flushing realpage 766, userpage 1, subpage 766
pages           > flushing realpage 767, userpage 1, subpage 767
pages           > flushing realpage 768, userpage 1, subpage 768
pages           > flushing realpage 769, userpage 1, subpage 769
pages           > flushing realpage 770, userpage 1, subpage 770
pages           > flushing realpage 771, userpage 1, subpage 771
pages           > flushing realpage 772, userpage 1, subpage 772
pages           > flushing realpage 773, userpage 1, subpage 773
pages           > flushing realpage 774, userpage 1, subpage 774
pages           > flushing realpage 775, userpage 1, subpage 775
pages           > flushing realpage 776, userpage 1, subpage 776
pages           > flushing realpage 777, userpage 1, subpage 777
pages           > flushing realpage 778, userpage 1, subpage 778
pages           > flushing realpage 779, userpage 1, subpage 779
pages           > flushing realpage 780, userpage 1, subpage 780
pages           > flushing realpage 781, userpage 1, subpage 781
pages           > flushing realpage 782, userpage 1, subpage 782
pages           > flushing realpage 783, userpage 1, subpage 783
pages           > flushing realpage 784, userpage 1, subpage 784
pages           > flushing realpage 785, userpage 1, subpage 785
pages           > flushing realpage 786, userpage 1, subpage 786
pages           > flushing realpage 787, userpage 1, subpage 787
pages           > flushing realpage 788, userpage 1, subpage 788
pages           > flushing realpage 789, userpage 1, subpage 789
pages           > flushing realpage 790, userpage 1, subpage 790
pages           > flushing realpage 791, userpage 1, subpage 791
pages           > flushing realpage 792, userpage 1, subpage 792
pages           > flushing realpage 793, userpage 1, subpage 793
pages           > flushing realpage 794, userpage 1, subpage 794
pages           > flushing realpage 795, userpage 1, subpage 795
pages           > flushing realpage 796, userpage 1, subpage 796
pages           > flushing realpage 797, userpage 1, subpage 797
pages           > flushing realpage 798, userpage 1, subpage 798
pages           > flushing realpage 799, userpage 1, subpage 799
pages           > flushing realpage 800, userpage 1, subpage 800
pages           > flushing realpage 801, userpage 1, subpage 801
pages           > flushing realpage 802, userpage 1, subpage 802
pages           > flushing realpage 803, userpage 1, subpage 803
pages           > flushing realpage 804, userpage 1, subpage 804
pages           > flushing realpage 805, userpage 1, subpage 805
pages           > flushing realpage 806, userpage 1, subpage 806
pages           > flushing realpage 807, userpage 1, subpage 807
pages           > flushing realpage 808, userpage 1, subpage 808
pages           > flushing realpage 809, userpage 1, subpage 809
pages           > flushing realpage 810, userpage 1, subpage 810
pages           > flushing realpage 811, userpage 1, subpage 811
pages           > flushing realpage 812, userpage 1, subpage 812
pages           > flushing realpage 813, userpage 1, subpage 813
pages           > flushing realpage 814, userpage 1, subpage 814
pages           > flushing realpage 815, userpage 1, subpage 815
pages           > flushing realpage 816, userpage 1, subpage 816
pages           > flushing realpage 817, userpage 1, subpage 817
pages           > flushing realpage 818, userpage 1, subpage 818
pages           > flushing realpage 819, userpage 1, subpage 819
pages           > flushing realpage 820, userpage 1, subpage 820
pages           > flushing realpage 821, userpage 1, subpage 821
pages           > flushing realpage 822, userpage 1, subpage 822
pages           > flushing realpage 823, userpage 1, subpage 823
pages           > flushing realpage 824, userpage 1, subpage 824
pages           > flushing realpage 825, userpage 1, subpage 825
pages           > flushing realpage 826, userpage 1, subpage 826
pages           > flushing realpage 827, userpage 1, subpage 827
pages           > flushing realpage 828, userpage 1, subpage 828
pages           > flushing realpage 829, userpage 1, subpage 829
pages           > flushing realpage 830, userpage 1, subpage 830
pages           > flushing realpage 831, userpage 1, subpage 831
pages           > flushing realpage 832, userpage 1, subpage 832
pages           > flushing realpage 833, userpage 1, subpage 833
pages           > flushing realpage 834, userpage 1, subpage 834
pages           > flushing realpage 835, userpage 1, subpage 835
pages           > flushing realpage 836, userpage 1, subpage 836
pages           > flushing realpage 837, userpage 1, subpage 837
pages           > flushing realpage 838, userpage 1, subpage 838
pages           > flushing realpage 839, userpage 1, subpage 839
pages           > flushing realpage 840, userpage 1, subpage 840
pages           > flushing realpage 841, userpage 1, subpage 841
pages           > flushing realpage 842, userpage 1, subpage 842
pages           > flushing realpage 843, userpage 1, subpage 843
pages           > flushing realpage 844, userpage 1, subpage 844
pages           > flushing realpage 845, userpage 1, subpage 845
pages           > flushing realpage 846, userpage 1, subpage 846
pages           > flushing realpage 847, userpage 1, subpage 847
pages           > flushing realpage 848, userpage 1, subpage 848
pages           > flushing realpage 849, userpage 1, subpage 849
pages           > flushing realpage 850, userpage 1, subpage 850
pages           > flushing realpage 851, userpage 1, subpage 851
pages           > flushing realpage 852, userpage 1, subpage 852
pages           > flushing realpage 853, userpage 1, subpage 853
pages           > flushing realpage 854, userpage 1, subpage 854
pages           > flushing realpage 855, userpage 1, subpage 855
pages           > flushing realpage 856, userpage 1, subpage 856
pages           > flushing realpage 857, userpage 1, subpage 857
pages           > flushing realpage 858, userpage 1, subpage 858
pages           > flushing realpage 859, userpage 1, subpage 859
pages           > flushing realpage 860, userpage 1, subpage 860
pages           > flushing realpage 861, userpage 1, subpage 861
pages           > flushing realpage 862, userpage 1, subpage 862
pages           > flushing realpage 863, userpage 1, subpage 863
pages           > flushing realpage 864, userpage 1, subpage 864
pages           > flushing realpage 865, userpage 1, subpage 865
pages           > flushing realpage 866, userpage 1, subpage 866
pages           > flushing realpage 867, userpage 1, subpage 867
pages           > flushing realpage 868, userpage 1, subpage 868
pages           > flushing realpage 869, userpage 1, subpage 869
pages           > flushing realpage 870, userpage 1, subpage 870
pages           > flushing realpage 871, userpage 1, subpage 871
pages           > flushing realpage 872, userpage 1, subpage 872
pages           > flushing realpage 873, userpage 1, subpage 873
pages           > flushing realpage 874, userpage 1, subpage 874
pages           > flushing realpage 875, userpage 1, subpage 875
pages           > flushing realpage 876, userpage 1, subpage 876
pages           > flushing realpage 877, userpage 1, subpage 877
pages           > flushing realpage 878, userpage 1, subpage 878
pages           > flushing realpage 879, userpage 1, subpage 879
pages           > flushing realpage 880, userpage 1, subpage 880
pages           > flushing realpage 881, userpage 1, subpage 881
pages           > flushing realpage 882, userpage 1, subpage 882
pages           > flushing realpage 883, userpage 1, subpage 883
pages           > flushing realpage 884, userpage 1, subpage 884
pages           > flushing realpage 885, userpage 1, subpage 885
pages           > flushing realpage 886, userpage 1, subpage 886
pages           > flushing realpage 887, userpage 1, subpage 887
pages           > flushing realpage 888, userpage 1, subpage 888
pages           > flushing realpage 889, userpage 1, subpage 889
pages           > flushing realpage 890, userpage 1, subpage 890
pages           > flushing realpage 891, userpage 1, subpage 891
pages           > flushing realpage 892, userpage 1, subpage 892
pages           > flushing realpage 893, userpage 1, subpage 893
pages           > flushing realpage 894, userpage 1, subpage 894
pages           > flushing realpage 895, userpage 1, subpage 895
pages           > flushing realpage 896, userpage 1, subpage 896
pages           > flushing realpage 897, userpage 1, subpage 897
pages           > flushing realpage 898, userpage 1, subpage 898
pages           > flushing realpage 899, userpage 1, subpage 899
pages           > flushing realpage 900, userpage 1, subpage 900
pages           > flushing realpage 901, userpage 1, subpage 901
pages           > flushing realpage 902, userpage 1, subpage 902
pages           > flushing realpage 903, userpage 1, subpage 903
pages           > flushing realpage 904, userpage 1, subpage 904
pages           > flushing realpage 905, userpage 1, subpage 905
pages           > flushing realpage 906, userpage 1, subpage 906
pages           > flushing realpage 907, userpage 1, subpage 907
pages           > flushing realpage 908, userpage 1, subpage 908
pages           > flushing realpage 909, userpage 1, subpage 909
pages           > flushing realpage 910, userpage 1, subpage 910
pages           > flushing realpage 911, userpage 1, subpage 911
pages           > flushing realpage 912, userpage 1, subpage 912
pages           > flushing realpage 913, userpage 1, subpage 913
pages           > flushing realpage 914, userpage 1, subpage 914
pages           > flushing realpage 915, userpage 1, subpage 915
pages           > flushing realpage 916, userpage 1, subpage 916
pages           > flushing realpage 917, userpage 1, subpage 917
pages           > flushing realpage 918, userpage 1, subpage 918
pages           > flushing realpage 919, userpage 1, subpage 919
pages           > flushing realpage 920, userpage 1, subpage 920
pages           > flushing realpage 921, userpage 1, subpage 921
pages           > flushing realpage 922, userpage 1, subpage 922
pages           > flushing realpage 923, userpage 1, subpage 923
pages           > flushing realpage 924, userpage 1, subpage 924
pages           > flushing realpage 925, userpage 1, subpage 925
pages           > flushing realpage 926, userpage 1, subpage 926
pages           > flushing realpage 927, userpage 1, subpage 927
pages           > flushing realpage 928, userpage 1, subpage 928
pages           > flushing realpage 929, userpage 1, subpage 929
pages           > flushing realpage 930, userpage 1, subpage 930
pages           > flushing realpage 931, userpage 1, subpage 931
pages           > flushing realpage 932, userpage 1, subpage 932
pages           > flushing realpage 933, userpage 1, subpage 933
pages           > flushing realpage 934, userpage 1, subpage 934
pages           > flushing realpage 935, userpage 1, subpage 935
pages           > flushing realpage 936, userpage 1, subpage 936
pages           > flushing realpage 937, userpage 1, subpage 937
pages           > flushing realpage 938, userpage 1, subpage 938
pages           > flushing realpage 939, userpage 1, subpage 939
pages           > flushing realpage 940, userpage 1, subpage 940
pages           > flushing realpage 941, userpage 1, subpage 941
pages           > flushing realpage 942, userpage 1, subpage 942
pages           > flushing realpage 943, userpage 1, subpage 943
pages           > flushing realpage 944, userpage 1, subpage 944
pages           > flushing realpage 945, userpage 1, subpage 945
pages           > flushing realpage 946, userpage 1, subpage 946
pages           > flushing realpage 947, userpage 1, subpage 947
pages           > flushing realpage 948, userpage 1, subpage 948
pages           > flushing realpage 949, userpage 1, subpage 949
pages           > flushing realpage 950, userpage 1, subpage 950
pages           > flushing realpage 951, userpage 1, subpage 951
pages           > flushing realpage 952, userpage 1, subpage 952
pages           > flushing realpage 953, userpage 1, subpage 953
pages           > flushing realpage 954, userpage 1, subpage 954
pages           > flushing realpage 955, userpage 1, subpage 955
pages           > flushing realpage 956, userpage 1, subpage 956
pages           > flushing realpage 957, userpage 1, subpage 957
pages           > flushing realpage 958, userpage 1, subpage 958
pages           > flushing realpage 959, userpage 1, subpage 959
pages           > flushing realpage 960, userpage 1, subpage 960
pages           > flushing realpage 961, userpage 1, subpage 961
pages           > flushing realpage 962, userpage 1, subpage 962
pages           > flushing realpage 963, userpage 1, subpage 963
pages           > flushing realpage 964, userpage 1, subpage 964
pages           > flushing realpage 965, userpage 1, subpage 965
pages           > flushing realpage 966, userpage 1, subpage 966
pages           > flushing realpage 967, userpage 1, subpage 967
pages           > flushing realpage 968, userpage 1, subpage 968
pages           > flushing realpage 969, userpage 1, subpage 969
pages           > flushing realpage 970, userpage 1, subpage 970
pages           > flushing realpage 971, userpage 1, subpage 971
pages           > flushing realpage 972, userpage 1, subpage 972
pages           > flushing realpage 973, userpage 1, subpage 973
pages           > flushing realpage 974, userpage 1, subpage 974
pages           > flushing realpage 975, userpage 1, subpage 975
pages           > flushing realpage 976, userpage 1, subpage 976
pages           > flushing realpage 977, userpage 1, subpage 977
pages           > flushing realpage 978, userpage 1, subpage 978
pages           > flushing realpage 979, userpage 1, subpage 979
pages           > flushing realpage 980, userpage 1, subpage 980
pages           > flushing realpage 981, userpage 1, subpage 981
pages           > flushing realpage 982, userpage 1, subpage 982
pages           > flushing realpage 983, userpage 1, subpage 983
pages           > flushing realpage 984, userpage 1, subpage 984
pages           > flushing realpage 985, userpage 1, subpage 985
pages           > flushing realpage 986, userpage 1, subpage 986
pages           > flushing realpage 987, userpage 1, subpage 987
pages           > flushing realpage 988, userpage 1, subpage 988
pages           > flushing realpage 989, userpage 1, subpage 989
pages           > flushing realpage 990, userpage 1, subpage 990
pages           > flushing realpage 991, userpage 1, subpage 991
pages           > flushing realpage 992, userpage 1, subpage 992
pages           > flushing realpage 993, userpage 1, subpage 993
pages           > flushing realpage 994, userpage 1, subpage 994
pages           > flushing realpage 995, userpage 1, subpage 995
pages           > flushing realpage 996, userpage 1, subpage 996
pages           > flushing realpage 997, userpage 1, subpage 997
pages           > flushing realpage 998, userpage 1, subpage 998
pages           > flushing realpage 999, userpage 1, subpage 999
pages           > flushing realpage 1000, userpage 1, subpage 1000
pages           > flushing realpage 1001, userpage 1, subpage 1001
pages           > flushing realpage 1002, userpage 1, subpage 1002
pages           > flushing realpage 1003, userpage 1, subpage 1003
pages           > flushing realpage 1004, userpage 1, subpage 1004
pages           > flushing realpage 1005, userpage 1, subpage 1005
pages           > flushing realpage 1006, userpage 1, subpage 1006
pages           > flushing realpage 1007, userpage 1, subpage 1007
pages           > flushing realpage 1008, userpage 1, subpage 1008
pages           > flushing realpage 1009, userpage 1, subpage 1009
pages           > flushing realpage 1010, userpage 1, subpage 1010
pages           > flushing realpage 1011, userpage 1, subpage 1011
pages           > flushing realpage 1012, userpage 1, subpage 1012
pages           > flushing realpage 1013, userpage 1, subpage 1013
pages           > flushing realpage 1014, userpage 1, subpage 1014
pages           > flushing realpage 1015, userpage 1, subpage 1015
pages           > flushing realpage 1016, userpage 1, subpage 1016
pages           > flushing realpage 1017, userpage 1, subpage 1017
pages           > flushing realpage 1018, userpage 1, subpage 1018
pages           > flushing realpage 1019, userpage 1, subpage 1019
pages           > flushing realpage 1020, userpage 1, subpage 1020
pages           > flushing realpage 1021, userpage 1, subpage 1021
pages           > flushing realpage 1022, userpage 1, subpage 1022
pages           > flushing realpage 1023, userpage 1, subpage 1023
pages           > flushing realpage 1024, userpage 1, subpage 1024
pages           > flushing realpage 1025, userpage 1, subpage 1025
pages           > flushing realpage 1026, userpage 1, subpage 1026
pages           > flushing realpage 1027, userpage 1, subpage 1027
pages           > flushing realpage 1028, userpage 1, subpage 1028
pages           > flushing realpage 1029, userpage 1, subpage 1029
pages           > flushing realpage 1030, userpage 1, subpage 1030
pages           > flushing realpage 1031, userpage 1, subpage 1031
pages           > flushing realpage 1032, userpage 1, subpage 1032
pages           > flushing realpage 1033, userpage 1, subpage 1033
pages           > flushing realpage 1034, userpage 1, subpage 1034
pages           > flushing realpage 1035, userpage 1, subpage 1035
pages           > flushing realpage 1036, userpage 1, subpage 1036
pages           > flushing realpage 1037, userpage 1, subpage 1037
pages           > flushing realpage 1038, userpage 1, subpage 1038
pages           > flushing realpage 1039, userpage 1, subpage 1039
pages           > flushing realpage 1040, userpage 1, subpage 1040
pages           > flushing realpage 1041, userpage 1, subpage 1041
pages           > flushing realpage 1042, userpage 1, subpage 1042
pages           > flushing realpage 1043, userpage 1, subpage 1043
pages           > flushing realpage 1044, userpage 1, subpage 1044
pages           > flushing realpage 1045, userpage 1, subpage 1045
pages           > flushing realpage 1046, userpage 1, subpage 1046
pages           > flushing realpage 1047, userpage 1, subpage 1047
pages           > flushing realpage 1048, userpage 1, subpage 1048
pages           > flushing realpage 1049, userpage 1, subpage 1049
pages           > flushing realpage 1050, userpage 1, subpage 1050
pages           > flushing realpage 1051, userpage 1, subpage 1051
pages           > flushing realpage 1052, userpage 1, subpage 1052
pages           > flushing realpage 1053, userpage 1, subpage 1053
pages           > flushing realpage 1054, userpage 1, subpage 1054
pages           > flushing realpage 1055, userpage 1, subpage 1055
pages           > flushing realpage 1056, userpage 1, subpage 1056
pages           > flushing realpage 1057, userpage 1, subpage 1057
pages           > flushing realpage 1058, userpage 1, subpage 1058
pages           > flushing realpage 1059, userpage 1, subpage 1059
pages           > flushing realpage 1060, userpage 1, subpage 1060
pages           > flushing realpage 1061, userpage 1, subpage 1061
pages           > flushing realpage 1062, userpage 1, subpage 1062
pages           > flushing realpage 1063, userpage 1, subpage 1063
pages           > flushing realpage 1064, userpage 1, subpage 1064
pages           > flushing realpage 1065, userpage 1, subpage 1065
pages           > flushing realpage 1066, userpage 1, subpage 1066
pages           > flushing realpage 1067, userpage 1, subpage 1067
pages           > flushing realpage 1068, userpage 1, subpage 1068
pages           > flushing realpage 1069, userpage 1, subpage 1069
pages           > flushing realpage 1070, userpage 1, subpage 1070
pages           > flushing realpage 1071, userpage 1, subpage 1071
pages           > flushing realpage 1072, userpage 1, subpage 1072
pages           > flushing realpage 1073, userpage 1, subpage 1073
pages           > flushing realpage 1074, userpage 1, subpage 1074
pages           > flushing realpage 1075, userpage 1, subpage 1075
pages           > flushing realpage 1076, userpage 1, subpage 1076
pages           > flushing realpage 1077, userpage 1, subpage 1077
pages           > flushing realpage 1078, userpage 1, subpage 1078
pages           > flushing realpage 1079, userpage 1, subpage 1079
pages           > flushing realpage 1080, userpage 1, subpage 1080
pages           > flushing realpage 1081, userpage 1, subpage 1081
pages           > flushing realpage 1082, userpage 1, subpage 1082
pages           > flushing realpage 1083, userpage 1, subpage 1083
pages           > flushing realpage 1084, userpage 1, subpage 1084
pages           > flushing realpage 1085, userpage 1, subpage 1085
pages           > flushing realpage 1086, userpage 1, subpage 1086
pages           > flushing realpage 1087, userpage 1, subpage 1087
pages           > flushing realpage 1088, userpage 1, subpage 1088
pages           > flushing realpage 1089, userpage 1, subpage 1089
pages           > flushing realpage 1090, userpage 1, subpage 1090
pages           > flushing realpage 1091, userpage 1, subpage 1091
pages           > flushing realpage 1092, userpage 1, subpage 1092
pages           > flushing realpage 1093, userpage 1, subpage 1093
pages           > flushing realpage 1094, userpage 1, subpage 1094
pages           > flushing realpage 1095, userpage 1, subpage 1095
pages           > flushing realpage 1096, userpage 1, subpage 1096
pages           > flushing realpage 1097, userpage 1, subpage 1097
pages           > flushing realpage 1098, userpage 1, subpage 1098
pages           > flushing realpage 1099, userpage 1, subpage 1099
pages           > flushing realpage 1100, userpage 1, subpage 1100
pages           > flushing realpage 1101, userpage 1, subpage 1101
pages           > flushing realpage 1102, userpage 1, subpage 1102
pages           > flushing realpage 1103, userpage 1, subpage 1103
pages           > flushing realpage 1104, userpage 1, subpage 1104
pages           > flushing realpage 1105, userpage 1, subpage 1105
pages           > flushing realpage 1106, userpage 1, subpage 1106
pages           > flushing realpage 1107, userpage 1, subpage 1107
pages           > flushing realpage 1108, userpage 1, subpage 1108
pages           > flushing realpage 1109, userpage 1, subpage 1109
pages           > flushing realpage 1110, userpage 1, subpage 1110
pages           > flushing realpage 1111, userpage 1, subpage 1111
pages           > flushing realpage 1112, userpage 1, subpage 1112
pages           > flushing realpage 1113, userpage 1, subpage 1113
pages           > flushing realpage 1114, userpage 1, subpage 1114
pages           > flushing realpage 1115, userpage 1, subpage 1115
pages           > flushing realpage 1116, userpage 1, subpage 1116
pages           > flushing realpage 1117, userpage 1, subpage 1117
pages           > flushing realpage 1118, userpage 1, subpage 1118
pages           > flushing realpage 1119, userpage 1, subpage 1119
pages           > flushing realpage 1120, userpage 1, subpage 1120
pages           > flushing realpage 1121, userpage 1, subpage 1121
pages           > flushing realpage 1122, userpage 1, subpage 1122
pages           > flushing realpage 1123, userpage 1, subpage 1123
pages           > flushing realpage 1124, userpage 1, subpage 1124
pages           > flushing realpage 1125, userpage 1, subpage 1125
pages           > flushing realpage 1126, userpage 1, subpage 1126
pages           > flushing realpage 1127, userpage 1, subpage 1127
pages           > flushing realpage 1128, userpage 1, subpage 1128
pages           > flushing realpage 1129, userpage 1, subpage 1129
pages           > flushing realpage 1130, userpage 1, subpage 1130
pages           > flushing realpage 1131, userpage 1, subpage 1131
pages           > flushing realpage 1132, userpage 1, subpage 1132
pages           > flushing realpage 1133, userpage 1, subpage 1133
pages           > flushing realpage 1134, userpage 1, subpage 1134
pages           > flushing realpage 1135, userpage 1, subpage 1135
pages           > flushing realpage 1136, userpage 1, subpage 1136
pages           > flushing realpage 1137, userpage 1, subpage 1137
pages           > flushing realpage 1138, userpage 1, subpage 1138
pages           > flushing realpage 1139, userpage 1, subpage 1139
pages           > flushing realpage 1140, userpage 1, subpage 1140
pages           > flushing realpage 1141, userpage 1, subpage 1141
pages           > flushing realpage 1142, userpage 1, subpage 1142
pages           > flushing realpage 1143, userpage 1, subpage 1143
pages           > flushing realpage 1144, userpage 1, subpage 1144
pages           > flushing realpage 1145, userpage 1, subpage 1145
pages           > flushing realpage 1146, userpage 1, subpage 1146
pages           > flushing realpage 1147, userpage 1, subpage 1147
pages           > flushing realpage 1148, userpage 1, subpage 1148
pages           > flushing realpage 1149, userpage 1, subpage 1149
pages           > flushing realpage 1150, userpage 1, subpage 1150
pages           > flushing realpage 1151, userpage 1, subpage 1151
pages           > flushing realpage 1152, userpage 1, subpage 1152
pages           > flushing realpage 1153, userpage 1, subpage 1153
pages           > flushing realpage 1154, userpage 1, subpage 1154
pages           > flushing realpage 1155, userpage 1, subpage 1155
pages           > flushing realpage 1156, userpage 1, subpage 1156
pages           > flushing realpage 1157, userpage 1, subpage 1157
pages           > flushing realpage 1158, userpage 1, subpage 1158
pages           > flushing realpage 1159, userpage 1, subpage 1159
pages           > flushing realpage 1160, userpage 1, subpage 1160
pages           > flushing realpage 1161, userpage 1, subpage 1161
pages           > flushing realpage 1162, userpage 1, subpage 1162
pages           > flushing realpage 1163, userpage 1, subpage 1163
pages           > flushing realpage 1164, userpage 1, subpage 1164
pages           > flushing realpage 1165, userpage 1, subpage 1165
pages           > flushing realpage 1166, userpage 1, subpage 1166
pages           > flushing realpage 1167, userpage 1, subpage 1167
pages           > flushing realpage 1168, userpage 1, subpage 1168
pages           > flushing realpage 1169, userpage 1, subpage 1169
pages           > flushing realpage 1170, userpage 1, subpage 1170
pages           > flushing realpage 1171, userpage 1, subpage 1171
pages           > flushing realpage 1172, userpage 1, subpage 1172
pages           > flushing realpage 1173, userpage 1, subpage 1173
pages           > flushing realpage 1174, userpage 1, subpage 1174
pages           > flushing realpage 1175, userpage 1, subpage 1175
pages           > flushing realpage 1176, userpage 1, subpage 1176
pages           > flushing realpage 1177, userpage 1, subpage 1177
pages           > flushing realpage 1178, userpage 1, subpage 1178
pages           > flushing realpage 1179, userpage 1, subpage 1179
pages           > flushing realpage 1180, userpage 1, subpage 1180
pages           > flushing realpage 1181, userpage 1, subpage 1181
pages           > flushing realpage 1182, userpage 1, subpage 1182
pages           > flushing realpage 1183, userpage 1, subpage 1183
pages           > flushing realpage 1184, userpage 1, subpage 1184
pages           > flushing realpage 1185, userpage 1, subpage 1185
pages           > flushing realpage 1186, userpage 1, subpage 1186
pages           > flushing realpage 1187, userpage 1, subpage 1187
pages           > flushing realpage 1188, userpage 1, subpage 1188
pages           > flushing realpage 1189, userpage 1, subpage 1189
pages           > flushing realpage 1190, userpage 1, subpage 1190
pages           > flushing realpage 1191, userpage 1, subpage 1191
pages           > flushing realpage 1192, userpage 1, subpage 1192
pages           > flushing realpage 1193, userpage 1, subpage 1193
pages           > flushing realpage 1194, userpage 1, subpage 1194
pages           > flushing realpage 1195, userpage 1, subpage 1195
pages           > flushing realpage 1196, userpage 1, subpage 1196
pages           > flushing realpage 1197, userpage 1, subpage 1197
pages           > flushing realpage 1198, userpage 1, subpage 1198
pages           > flushing realpage 1199, userpage 1, subpage 1199
pages           > flushing realpage 1200, userpage 1, subpage 1200
pages           > flushing realpage 1201, userpage 1, subpage 1201
pages           > flushing realpage 1202, userpage 1, subpage 1202
pages           > flushing realpage 1203, userpage 1, subpage 1203
pages           > flushing realpage 1204, userpage 1, subpage 1204
pages           > flushing realpage 1205, userpage 1, subpage 1205
pages           > flushing realpage 1206, userpage 1, subpage 1206
pages           > flushing realpage 1207, userpage 1, subpage 1207
pages           > flushing realpage 1208, userpage 1, subpage 1208
pages           > flushing realpage 1209, userpage 1, subpage 1209
pages           > flushing realpage 1210, userpage 1, subpage 1210
pages           > flushing realpage 1211, userpage 1, subpage 1211
pages           > flushing realpage 1212, userpage 1, subpage 1212
pages           > flushing realpage 1213, userpage 1, subpage 1213
pages           > flushing realpage 1214, userpage 1, subpage 1214
pages           > flushing realpage 1215, userpage 1, subpage 1215
pages           > flushing realpage 1216, userpage 1, subpage 1216
pages           > flushing realpage 1217, userpage 1, subpage 1217
pages           > flushing realpage 1218, userpage 1, subpage 1218
pages           > flushing realpage 1219, userpage 1, subpage 1219
pages           > flushing realpage 1220, userpage 1, subpage 1220
pages           > flushing realpage 1221, userpage 1, subpage 1221
pages           > flushing realpage 1222, userpage 1, subpage 1222
pages           > flushing realpage 1223, userpage 1, subpage 1223
pages           > flushing realpage 1224, userpage 1, subpage 1224
pages           > flushing realpage 1225, userpage 1, subpage 1225
pages           > flushing realpage 1226, userpage 1, subpage 1226
pages           > flushing realpage 1227, userpage 1, subpage 1227
pages           > flushing realpage 1228, userpage 1, subpage 1228
pages           > flushing realpage 1229, userpage 1, subpage 1229
pages           > flushing realpage 1230, userpage 1, subpage 1230
pages           > flushing realpage 1231, userpage 1, subpage 1231
pages           > flushing realpage 1232, userpage 1, subpage 1232
pages           > flushing realpage 1233, userpage 1, subpage 1233
pages           > flushing realpage 1234, userpage 1, subpage 1234
pages           > flushing realpage 1235, userpage 1, subpage 1235
pages           > flushing realpage 1236, userpage 1, subpage 1236
pages           > flushing realpage 1237, userpage 1, subpage 1237
pages           > flushing realpage 1238, userpage 1, subpage 1238
pages           > flushing realpage 1239, userpage 1, subpage 1239
pages           > flushing realpage 1240, userpage 1, subpage 1240
pages           > flushing realpage 1241, userpage 1, subpage 1241
pages           > flushing realpage 1242, userpage 1, subpage 1242
pages           > flushing realpage 1243, userpage 1, subpage 1243
pages           > flushing realpage 1244, userpage 1, subpage 1244
pages           > flushing realpage 1245, userpage 1, subpage 1245
pages           > flushing realpage 1246, userpage 1, subpage 1246
pages           > flushing realpage 1247, userpage 1, subpage 1247
pages           > flushing realpage 1248, userpage 1, subpage 1248
pages           > flushing realpage 1249, userpage 1, subpage 1249
pages           > flushing realpage 1250, userpage 1, subpage 1250
pages           > flushing realpage 1251, userpage 1, subpage 1251
pages           > flushing realpage 1252, userpage 1, subpage 1252
pages           > flushing realpage 1253, userpage 1, subpage 1253
pages           > flushing realpage 1254, userpage 1, subpage 1254
pages           > flushing realpage 1255, userpage 1, subpage 1255
pages           > flushing realpage 1256, userpage 1, subpage 1256
pages           > flushing realpage 1257, userpage 1, subpage 1257
pages           > flushing realpage 1258, userpage 1, subpage 1258
pages           > flushing realpage 1259, userpage 1, subpage 1259
pages           > flushing realpage 1260, userpage 1, subpage 1260
pages           > flushing realpage 1261, userpage 1, subpage 1261
pages           > flushing realpage 1262, userpage 1, subpage 1262
pages           > flushing realpage 1263, userpage 1, subpage 1263
pages           > flushing realpage 1264, userpage 1, subpage 1264
pages           > flushing realpage 1265, userpage 1, subpage 1265
pages           > flushing realpage 1266, userpage 1, subpage 1266
pages           > flushing realpage 1267, userpage 1, subpage 1267
pages           > flushing realpage 1268, userpage 1, subpage 1268
pages           > flushing realpage 1269, userpage 1, subpage 1269
pages           > flushing realpage 1270, userpage 1, subpage 1270
pages           > flushing realpage 1271, userpage 1, subpage 1271
pages           > flushing realpage 1272, userpage 1, subpage 1272
pages           > flushing realpage 1273, userpage 1, subpage 1273
pages           > flushing realpage 1274, userpage 1, subpage 1274
pages           > flushing realpage 1275, userpage 1, subpage 1275
pages           > flushing realpage 1276, userpage 1, subpage 1276
pages           > flushing realpage 1277, userpage 1, subpage 1277
pages           > flushing realpage 1278, userpage 1, subpage 1278
pages           > flushing realpage 1279, userpage 1, subpage 1279
pages           > flushing realpage 1280, userpage 1, subpage 1280
pages           > flushing realpage 1281, userpage 1, subpage 1281
pages           > flushing realpage 1282, userpage 1, subpage 1282
pages           > flushing realpage 1283, userpage 1, subpage 1283
pages           > flushing realpage 1284, userpage 1, subpage 1284
pages           > flushing realpage 1285, userpage 1, subpage 1285
pages           > flushing realpage 1286, userpage 1, subpage 1286
pages           > flushing realpage 1287, userpage 1, subpage 1287
pages           > flushing realpage 1288, userpage 1, subpage 1288
pages           > flushing realpage 1289, userpage 1, subpage 1289
pages           > flushing realpage 1290, userpage 1, subpage 1290
pages           > flushing realpage 1291, userpage 1, subpage 1291
pages           > flushing realpage 1292, userpage 1, subpage 1292
pages           > flushing realpage 1293, userpage 1, subpage 1293
pages           > flushing realpage 1294, userpage 1, subpage 1294
pages           > flushing realpage 1295, userpage 1, subpage 1295
pages           > flushing realpage 1296, userpage 1, subpage 1296
pages           > flushing realpage 1297, userpage 1, subpage 1297
pages           > flushing realpage 1298, userpage 1, subpage 1298
pages           > flushing realpage 1299, userpage 1, subpage 1299
pages           > flushing realpage 1300, userpage 1, subpage 1300
pages           > flushing realpage 1301, userpage 1, subpage 1301
pages           > flushing realpage 1302, userpage 1, subpage 1302
pages           > flushing realpage 1303, userpage 1, subpage 1303
pages           > flushing realpage 1304, userpage 1, subpage 1304
pages           > flushing realpage 1305, userpage 1, subpage 1305
pages           > flushing realpage 1306, userpage 1, subpage 1306
pages           > flushing realpage 1307, userpage 1, subpage 1307
pages           > flushing realpage 1308, userpage 1, subpage 1308
pages           > flushing realpage 1309, userpage 1, subpage 1309
pages           > flushing realpage 1310, userpage 1, subpage 1310
pages           > flushing realpage 1311, userpage 1, subpage 1311
pages           > flushing realpage 1312, userpage 1, subpage 1312
pages           > flushing realpage 1313, userpage 1, subpage 1313
pages           > flushing realpage 1314, userpage 1, subpage 1314
pages           > flushing realpage 1315, userpage 1, subpage 1315
pages           > flushing realpage 1316, userpage 1, subpage 1316
pages           > flushing realpage 1317, userpage 1, subpage 1317
pages           > flushing realpage 1318, userpage 1, subpage 1318
pages           > flushing realpage 1319, userpage 1, subpage 1319
pages           > flushing realpage 1320, userpage 1, subpage 1320
pages           > flushing realpage 1321, userpage 1, subpage 1321
pages           > flushing realpage 1322, userpage 1, subpage 1322
pages           > flushing realpage 1323, userpage 1, subpage 1323
pages           > flushing realpage 1324, userpage 1, subpage 1324
pages           > flushing realpage 1325, userpage 1, subpage 1325
pages           > flushing realpage 1326, userpage 1, subpage 1326
pages           > flushing realpage 1327, userpage 1, subpage 1327
pages           > flushing realpage 1328, userpage 1, subpage 1328
pages           > flushing realpage 1329, userpage 1, subpage 1329
pages           > flushing realpage 1330, userpage 1, subpage 1330
pages           > flushing realpage 1331, userpage 1, subpage 1331
pages           > flushing realpage 1332, userpage 1, subpage 1332
pages           > flushing realpage 1333, userpage 1, subpage 1333
pages           > flushing realpage 1334, userpage 1, subpage 1334
pages           > flushing realpage 1335, userpage 1, subpage 1335
pages           > flushing realpage 1336, userpage 1, subpage 1336
pages           > flushing realpage 1337, userpage 1, subpage 1337
pages           > flushing realpage 1338, userpage 1, subpage 1338
pages           > flushing realpage 1339, userpage 1, subpage 1339
pages           > flushing realpage 1340, userpage 1, subpage 1340
pages           > flushing realpage 1341, userpage 1, subpage 1341
pages           > flushing realpage 1342, userpage 1, subpage 1342
pages           > flushing realpage 1343, userpage 1, subpage 1343
pages           > flushing realpage 1344, userpage 1, subpage 1344
pages           > flushing realpage 1345, userpage 1, subpage 1345
pages           > flushing realpage 1346, userpage 1, subpage 1346
pages           > flushing realpage 1347, userpage 1, subpage 1347
pages           > flushing realpage 1348, userpage 1, subpage 1348
pages           > flushing realpage 1349, userpage 1, subpage 1349
pages           > flushing realpage 1350, userpage 1, subpage 1350
pages           > flushing realpage 1351, userpage 1, subpage 1351
pages           > flushing realpage 1352, userpage 1, subpage 1352
pages           > flushing realpage 1353, userpage 1, subpage 1353
pages           > flushing realpage 1354, userpage 1, subpage 1354
pages           > flushing realpage 1355, userpage 1, subpage 1355
pages           > flushing realpage 1356, userpage 1, subpage 1356
pages           > flushing realpage 1357, userpage 1, subpage 1357
pages           > flushing realpage 1358, userpage 1, subpage 1358
pages           > flushing realpage 1359, userpage 1, subpage 1359
pages           > flushing realpage 1360, userpage 1, subpage 1360
pages           > flushing realpage 1361, userpage 1, subpage 1361
pages           > flushing realpage 1362, userpage 1, subpage 1362
pages           > flushing realpage 1363, userpage 1, subpage 1363
pages           > flushing realpage 1364, userpage 1, subpage 1364
pages           > flushing realpage 1365, userpage 1, subpage 1365
pages           > flushing realpage 1366, userpage 1, subpage 1366
pages           > flushing realpage 1367, userpage 1, subpage 1367
pages           > flushing realpage 1368, userpage 1, subpage 1368
pages           > flushing realpage 1369, userpage 1, subpage 1369
pages           > flushing realpage 1370, userpage 1, subpage 1370
pages           > flushing realpage 1371, userpage 1, subpage 1371
pages           > flushing realpage 1372, userpage 1, subpage 1372
pages           > flushing realpage 1373, userpage 1, subpage 1373
pages           > flushing realpage 1374, userpage 1, subpage 1374
pages           > flushing realpage 1375, userpage 1, subpage 1375
pages           > flushing realpage 1376, userpage 1, subpage 1376
pages           > flushing realpage 1377, userpage 1, subpage 1377
pages           > flushing realpage 1378, userpage 1, subpage 1378
pages           > flushing realpage 1379, userpage 1, subpage 1379
pages           > flushing realpage 1380, userpage 1, subpage 1380
pages           > flushing realpage 1381, userpage 1, subpage 1381
pages           > flushing realpage 1382, userpage 1, subpage 1382
pages           > flushing realpage 1383, userpage 1, subpage 1383
pages           > flushing realpage 1384, userpage 1, subpage 1384
pages           > flushing realpage 1385, userpage 1, subpage 1385
pages           > flushing realpage 1386, userpage 1, subpage 1386
pages           > flushing realpage 1387, userpage 1, subpage 1387
pages           > flushing realpage 1388, userpage 1, subpage 1388
pages           > flushing realpage 1389, userpage 1, subpage 1389
pages           > flushing realpage 1390, userpage 1, subpage 1390
pages           > flushing realpage 1391, userpage 1, subpage 1391
pages           > flushing realpage 1392, userpage 1, subpage 1392
pages           > flushing realpage 1393, userpage 1, subpage 1393
pages           > flushing realpage 1394, userpage 1, subpage 1394
pages           > flushing realpage 1395, userpage 1, subpage 1395
pages           > flushing realpage 1396, userpage 1, subpage 1396
pages           > flushing realpage 1397, userpage 1, subpage 1397
pages           > flushing realpage 1398, userpage 1, subpage 1398
pages           > flushing realpage 1399, userpage 1, subpage 1399
pages           > flushing realpage 1400, userpage 1, subpage 1400
pages           > flushing realpage 1401, userpage 1, subpage 1401
pages           > flushing realpage 1402, userpage 1, subpage 1402
pages           > flushing realpage 1403, userpage 1, subpage 1403
pages           > flushing realpage 1404, userpage 1, subpage 1404
pages           > flushing realpage 1405, userpage 1, subpage 1405
pages           > flushing realpage 1406, userpage 1, subpage 1406
pages           > flushing realpage 1407, userpage 1, subpage 1407
pages           > flushing realpage 1408, userpage 1, subpage 1408
pages           > flushing realpage 1409, userpage 1, subpage 1409
pages           > flushing realpage 1410, userpage 1, subpage 1410
pages           > flushing realpage 1411, userpage 1, subpage 1411
pages           > flushing realpage 1412, userpage 1, subpage 1412
pages           > flushing realpage 1413, userpage 1, subpage 1413
pages           > flushing realpage 1414, userpage 1, subpage 1414
pages           > flushing realpage 1415, userpage 1, subpage 1415
pages           > flushing realpage 1416, userpage 1, subpage 1416
pages           > flushing realpage 1417, userpage 1, subpage 1417
pages           > flushing realpage 1418, userpage 1, subpage 1418
pages           > flushing realpage 1419, userpage 1, subpage 1419
pages           > flushing realpage 1420, userpage 1, subpage 1420
pages           > flushing realpage 1421, userpage 1, subpage 1421
pages           > flushing realpage 1422, userpage 1, subpage 1422
pages           > flushing realpage 1423, userpage 1, subpage 1423
pages           > flushing realpage 1424, userpage 1, subpage 1424
pages           > flushing realpage 1425, userpage 1, subpage 1425
pages           > flushing realpage 1426, userpage 1, subpage 1426
pages           > flushing realpage 1427, userpage 1, subpage 1427
pages           > flushing realpage 1428, userpage 1, subpage 1428
pages           > flushing realpage 1429, userpage 1, subpage 1429
pages           > flushing realpage 1430, userpage 1, subpage 1430
pages           > flushing realpage 1431, userpage 1, subpage 1431
pages           > flushing realpage 1432, userpage 1, subpage 1432
pages           > flushing realpage 1433, userpage 1, subpage 1433
pages           > flushing realpage 1434, userpage 1, subpage 1434
pages           > flushing realpage 1435, userpage 1, subpage 1435
pages           > flushing realpage 1436, userpage 1, subpage 1436
pages           > flushing realpage 1437, userpage 1, subpage 1437
pages           > flushing realpage 1438, userpage 1, subpage 1438
pages           > flushing realpage 1439, userpage 1, subpage 1439
pages           > flushing realpage 1440, userpage 1, subpage 1440
pages           > flushing realpage 1441, userpage 1, subpage 1441
pages           > flushing realpage 1442, userpage 1, subpage 1442
pages           > flushing realpage 1443, userpage 1, subpage 1443
pages           > flushing realpage 1444, userpage 1, subpage 1444
pages           > flushing realpage 1445, userpage 1, subpage 1445
pages           > flushing realpage 1446, userpage 1, subpage 1446
pages           > flushing realpage 1447, userpage 1, subpage 1447
pages           > flushing realpage 1448, userpage 1, subpage 1448
pages           > flushing realpage 1449, userpage 1, subpage 1449
pages           > flushing realpage 1450, userpage 1, subpage 1450
pages           > flushing realpage 1451, userpage 1, subpage 1451
pages           > flushing realpage 1452, userpage 1, subpage 1452
pages           > flushing realpage 1453, userpage 1, subpage 1453
pages           > flushing realpage 1454, userpage 1, subpage 1454
pages           > flushing realpage 1455, userpage 1, subpage 1455
pages           > flushing realpage 1456, userpage 1, subpage 1456
pages           > flushing realpage 1457, userpage 1, subpage 1457
pages           > flushing realpage 1458, userpage 1, subpage 1458
pages           > flushing realpage 1459, userpage 1, subpage 1459
pages           > flushing realpage 1460, userpage 1, subpage 1460
pages           > flushing realpage 1461, userpage 1, subpage 1461
pages           > flushing realpage 1462, userpage 1, subpage 1462
pages           > flushing realpage 1463, userpage 1, subpage 1463
pages           > flushing realpage 1464, userpage 1, subpage 1464
pages           > flushing realpage 1465, userpage 1, subpage 1465
pages           > flushing realpage 1466, userpage 1, subpage 1466
pages           > flushing realpage 1467, userpage 1, subpage 1467
pages           > flushing realpage 1468, userpage 1, subpage 1468
pages           > flushing realpage 1469, userpage 1, subpage 1469
pages           > flushing realpage 1470, userpage 1, subpage 1470
pages           > flushing realpage 1471, userpage 1, subpage 1471
pages           > flushing realpage 1472, userpage 1, subpage 1472
pages           > flushing realpage 1473, userpage 1, subpage 1473
pages           > flushing realpage 1474, userpage 1, subpage 1474
pages           > flushing realpage 1475, userpage 1, subpage 1475
pages           > flushing realpage 1476, userpage 1, subpage 1476
pages           > flushing realpage 1477, userpage 1, subpage 1477
pages           > flushing realpage 1478, userpage 1, subpage 1478
pages           > flushing realpage 1479, userpage 1, subpage 1479
pages           > flushing realpage 1480, userpage 1, subpage 1480
pages           > flushing realpage 1481, userpage 1, subpage 1481
pages           > flushing realpage 1482, userpage 1, subpage 1482
pages           > flushing realpage 1483, userpage 1, subpage 1483
pages           > flushing realpage 1484, userpage 1, subpage 1484
pages           > flushing realpage 1485, userpage 1, subpage 1485
pages           > flushing realpage 1486, userpage 1, subpage 1486
pages           > flushing realpage 1487, userpage 1, subpage 1487
pages           > flushing realpage 1488, userpage 1, subpage 1488
pages           > flushing realpage 1489, userpage 1, subpage 1489
pages           > flushing realpage 1490, userpage 1, subpage 1490
pages           > flushing realpage 1491, userpage 1, subpage 1491
pages           > flushing realpage 1492, userpage 1, subpage 1492
pages           > flushing realpage 1493, userpage 1, subpage 1493
pages           > flushing realpage 1494, userpage 1, subpage 1494
pages           > flushing realpage 1495, userpage 1, subpage 1495
pages           > flushing realpage 1496, userpage 1, subpage 1496
pages           > flushing realpage 1497, userpage 1, subpage 1497
pages           > flushing realpage 1498, userpage 1, subpage 1498
pages           > flushing realpage 1499, userpage 1, subpage 1499
pages           > flushing realpage 1500, userpage 1, subpage 1500
pages           > flushing realpage 1501, userpage 1, subpage 1501
pages           > flushing realpage 1502, userpage 1, subpage 1502
pages           > flushing realpage 1503, userpage 1, subpage 1503
pages           > flushing realpage 1504, userpage 1, subpage 1504
pages           > flushing realpage 1505, userpage 1, subpage 1505
pages           > flushing realpage 1506, userpage 1, subpage 1506
pages           > flushing realpage 1507, userpage 1, subpage 1507
pages           > flushing realpage 1508, userpage 1, subpage 1508
pages           > flushing realpage 1509, userpage 1, subpage 1509
pages           > flushing realpage 1510, userpage 1, subpage 1510
pages           > flushing realpage 1511, userpage 1, subpage 1511
pages           > flushing realpage 1512, userpage 1, subpage 1512
pages           > flushing realpage 1513, userpage 1, subpage 1513
pages           > flushing realpage 1514, userpage 1, subpage 1514
pages           > flushing realpage 1515, userpage 1, subpage 1515
pages           > flushing realpage 1516, userpage 1, subpage 1516
pages           > flushing realpage 1517, userpage 1, subpage 1517
pages           > flushing realpage 1518, userpage 1, subpage 1518
pages           > flushing realpage 1519, userpage 1, subpage 1519
pages           > flushing realpage 1520, userpage 1, subpage 1520
pages           > flushing realpage 1521, userpage 1, subpage 1521
pages           > flushing realpage 1522, userpage 1, subpage 1522
pages           > flushing realpage 1523, userpage 1, subpage 1523
pages           > flushing realpage 1524, userpage 1, subpage 1524
pages           > flushing realpage 1525, userpage 1, subpage 1525
pages           > flushing realpage 1526, userpage 1, subpage 1526
pages           > flushing realpage 1527, userpage 1, subpage 1527
pages           > flushing realpage 1528, userpage 1, subpage 1528
pages           > flushing realpage 1529, userpage 1, subpage 1529
pages           > flushing realpage 1530, userpage 1, subpage 1530
pages           > flushing realpage 1531, userpage 1, subpage 1531
pages           > flushing realpage 1532, userpage 1, subpage 1532
pages           > flushing realpage 1533, userpage 1, subpage 1533
pages           > flushing realpage 1534, userpage 1, subpage 1534
pages           > flushing realpage 1535, userpage 1, subpage 1535
pages           > flushing realpage 1536, userpage 1, subpage 1536
pages           > flushing realpage 1537, userpage 1, subpage 1537
pages           > flushing realpage 1538, userpage 1, subpage 1538
pages           > flushing realpage 1539, userpage 1, subpage 1539
pages           > flushing realpage 1540, userpage 1, subpage 1540
pages           > flushing realpage 1541, userpage 1, subpage 1541
pages           > flushing realpage 1542, userpage 1, subpage 1542
pages           > flushing realpage 1543, userpage 1, subpage 1543
pages           > flushing realpage 1544, userpage 1, subpage 1544
pages           > flushing realpage 1545, userpage 1, subpage 1545
pages           > flushing realpage 1546, userpage 1, subpage 1546
pages           > flushing realpage 1547, userpage 1, subpage 1547
pages           > flushing realpage 1548, userpage 1, subpage 1548
pages           > flushing realpage 1549, userpage 1, subpage 1549
pages           > flushing realpage 1550, userpage 1, subpage 1550
pages           > flushing realpage 1551, userpage 1, subpage 1551
pages           > flushing realpage 1552, userpage 1, subpage 1552
pages           > flushing realpage 1553, userpage 1, subpage 1553
pages           > flushing realpage 1554, userpage 1, subpage 1554
pages           > flushing realpage 1555, userpage 1, subpage 1555
pages           > flushing realpage 1556, userpage 1, subpage 1556
pages           > flushing realpage 1557, userpage 1, subpage 1557
pages           > flushing realpage 1558, userpage 1, subpage 1558
pages           > flushing realpage 1559, userpage 1, subpage 1559
pages           > flushing realpage 1560, userpage 1, subpage 1560
pages           > flushing realpage 1561, userpage 1, subpage 1561
pages           > flushing realpage 1562, userpage 1, subpage 1562
pages           > flushing realpage 1563, userpage 1, subpage 1563
pages           > flushing realpage 1564, userpage 1, subpage 1564
pages           > flushing realpage 1565, userpage 1, subpage 1565
pages           > flushing realpage 1566, userpage 1, subpage 1566
pages           > flushing realpage 1567, userpage 1, subpage 1567
pages           > flushing realpage 1568, userpage 1, subpage 1568
pages           > flushing realpage 1569, userpage 1, subpage 1569
pages           > flushing realpage 1570, userpage 1, subpage 1570
pages           > flushing realpage 1571, userpage 1, subpage 1571
pages           > flushing realpage 1572, userpage 1, subpage 1572
pages           > flushing realpage 1573, userpage 1, subpage 1573
pages           > flushing realpage 1574, userpage 1, subpage 1574
pages           > flushing realpage 1575, userpage 1, subpage 1575
pages           > flushing realpage 1576, userpage 1, subpage 1576
pages           > flushing realpage 1577, userpage 1, subpage 1577
pages           > flushing realpage 1578, userpage 1, subpage 1578
pages           > flushing realpage 1579, userpage 1, subpage 1579
pages           > flushing realpage 1580, userpage 1, subpage 1580
pages           > flushing realpage 1581, userpage 1, subpage 1581
pages           > flushing realpage 1582, userpage 1, subpage 1582
pages           > flushing realpage 1583, userpage 1, subpage 1583
pages           > flushing realpage 1584, userpage 1, subpage 1584
pages           > flushing realpage 1585, userpage 1, subpage 1585
pages           > flushing realpage 1586, userpage 1, subpage 1586
pages           > flushing realpage 1587, userpage 1, subpage 1587
pages           > flushing realpage 1588, userpage 1, subpage 1588
pages           > flushing realpage 1589, userpage 1, subpage 1589
pages           > flushing realpage 1590, userpage 1, subpage 1590
pages           > flushing realpage 1591, userpage 1, subpage 1591
pages           > flushing realpage 1592, userpage 1, subpage 1592
pages           > flushing realpage 1593, userpage 1, subpage 1593
pages           > flushing realpage 1594, userpage 1, subpage 1594
pages           > flushing realpage 1595, userpage 1, subpage 1595
pages           > flushing realpage 1596, userpage 1, subpage 1596
pages           > flushing realpage 1597, userpage 1, subpage 1597
pages           > flushing realpage 1598, userpage 1, subpage 1598
pages           > flushing realpage 1599, userpage 1, subpage 1599
pages           > flushing realpage 1600, userpage 1, subpage 1600
pages           > flushing realpage 1601, userpage 1, subpage 1601
pages           > flushing realpage 1602, userpage 1, subpage 1602
pages           > flushing realpage 1603, userpage 1, subpage 1603
pages           > flushing realpage 1604, userpage 1, subpage 1604
pages           > flushing realpage 1605, userpage 1, subpage 1605
pages           > flushing realpage 1606, userpage 1, subpage 1606
pages           > flushing realpage 1607, userpage 1, subpage 1607
pages           > flushing realpage 1608, userpage 1, subpage 1608
pages           > flushing realpage 1609, userpage 1, subpage 1609
pages           > flushing realpage 1610, userpage 1, subpage 1610
pages           > flushing realpage 1611, userpage 1, subpage 1611
pages           > flushing realpage 1612, userpage 1, subpage 1612
pages           > flushing realpage 1613, userpage 1, subpage 1613
pages           > flushing realpage 1614, userpage 1, subpage 1614
pages           > flushing realpage 1615, userpage 1, subpage 1615
pages           > flushing realpage 1616, userpage 1, subpage 1616
pages           > flushing realpage 1617, userpage 1, subpage 1617
pages           > flushing realpage 1618, userpage 1, subpage 1618
pages           > flushing realpage 1619, userpage 1, subpage 1619
pages           > flushing realpage 1620, userpage 1, subpage 1620
pages           > flushing realpage 1621, userpage 1, subpage 1621
pages           > flushing realpage 1622, userpage 1, subpage 1622
pages           > flushing realpage 1623, userpage 1, subpage 1623
pages           > flushing realpage 1624, userpage 1, subpage 1624
pages           > flushing realpage 1625, userpage 1, subpage 1625
pages           > flushing realpage 1626, userpage 1, subpage 1626
pages           > flushing realpage 1627, userpage 1, subpage 1627
pages           > flushing realpage 1628, userpage 1, subpage 1628
pages           > flushing realpage 1629, userpage 1, subpage 1629
pages           > flushing realpage 1630, userpage 1, subpage 1630
pages           > flushing realpage 1631, userpage 1, subpage 1631
pages           > flushing realpage 1632, userpage 1, subpage 1632
pages           > flushing realpage 1633, userpage 1, subpage 1633
pages           > flushing realpage 1634, userpage 1, subpage 1634
pages           > flushing realpage 1635, userpage 1, subpage 1635
pages           > flushing realpage 1636, userpage 1, subpage 1636
pages           > flushing realpage 1637, userpage 1, subpage 1637
pages           > flushing realpage 1638, userpage 1, subpage 1638
pages           > flushing realpage 1639, userpage 1, subpage 1639
pages           > flushing realpage 1640, userpage 1, subpage 1640
pages           > flushing realpage 1641, userpage 1, subpage 1641
pages           > flushing realpage 1642, userpage 1, subpage 1642
pages           > flushing realpage 1643, userpage 1, subpage 1643
pages           > flushing realpage 1644, userpage 1, subpage 1644
pages           > flushing realpage 1645, userpage 1, subpage 1645
pages           > flushing realpage 1646, userpage 1, subpage 1646
pages           > flushing realpage 1647, userpage 1, subpage 1647
pages           > flushing realpage 1648, userpage 1, subpage 1648
pages           > flushing realpage 1649, userpage 1, subpage 1649
pages           > flushing realpage 1650, userpage 1, subpage 1650
pages           > flushing realpage 1651, userpage 1, subpage 1651
pages           > flushing realpage 1652, userpage 1, subpage 1652
pages           > flushing realpage 1653, userpage 1, subpage 1653
pages           > flushing realpage 1654, userpage 1, subpage 1654
pages           > flushing realpage 1655, userpage 1, subpage 1655
pages           > flushing realpage 1656, userpage 1, subpage 1656
pages           > flushing realpage 1657, userpage 1, subpage 1657
pages           > flushing realpage 1658, userpage 1, subpage 1658
pages           > flushing realpage 1659, userpage 1, subpage 1659
pages           > flushing realpage 1660, userpage 1, subpage 1660
pages           > flushing realpage 1661, userpage 1, subpage 1661
pages           > flushing realpage 1662, userpage 1, subpage 1662
pages           > flushing realpage 1663, userpage 1, subpage 1663
pages           > flushing realpage 1664, userpage 1, subpage 1664
pages           > flushing realpage 1665, userpage 1, subpage 1665
pages           > flushing realpage 1666, userpage 1, subpage 1666
pages           > flushing realpage 1667, userpage 1, subpage 1667
pages           > flushing realpage 1668, userpage 1, subpage 1668
pages           > flushing realpage 1669, userpage 1, subpage 1669
pages           > flushing realpage 1670, userpage 1, subpage 1670
pages           > flushing realpage 1671, userpage 1, subpage 1671
pages           > flushing realpage 1672, userpage 1, subpage 1672
pages           > flushing realpage 1673, userpage 1, subpage 1673
pages           > flushing realpage 1674, userpage 1, subpage 1674
pages           > flushing realpage 1675, userpage 1, subpage 1675
pages           > flushing realpage 1676, userpage 1, subpage 1676
pages           > flushing realpage 1677, userpage 1, subpage 1677
pages           > flushing realpage 1678, userpage 1, subpage 1678
pages           > flushing realpage 1679, userpage 1, subpage 1679
pages           > flushing realpage 1680, userpage 1, subpage 1680
pages           > flushing realpage 1681, userpage 1, subpage 1681
pages           > flushing realpage 1682, userpage 1, subpage 1682
pages           > flushing realpage 1683, userpage 1, subpage 1683
pages           > flushing realpage 1684, userpage 1, subpage 1684
pages           > flushing realpage 1685, userpage 1, subpage 1685
pages           > flushing realpage 1686, userpage 1, subpage 1686
pages           > flushing realpage 1687, userpage 1, subpage 1687
pages           > flushing realpage 1688, userpage 1, subpage 1688
pages           > flushing realpage 1689, userpage 1, subpage 1689
pages           > flushing realpage 1690, userpage 1, subpage 1690
pages           > flushing realpage 1691, userpage 1, subpage 1691
pages           > flushing realpage 1692, userpage 1, subpage 1692
pages           > flushing realpage 1693, userpage 1, subpage 1693
pages           > flushing realpage 1694, userpage 1, subpage 1694
pages           > flushing realpage 1695, userpage 1, subpage 1695
pages           > flushing realpage 1696, userpage 1, subpage 1696
pages           > flushing realpage 1697, userpage 1, subpage 1697
pages           > flushing realpage 1698, userpage 1, subpage 1698
pages           > flushing realpage 1699, userpage 1, subpage 1699
pages           > flushing realpage 1700, userpage 1, subpage 1700
pages           > flushing realpage 1701, userpage 1, subpage 1701
pages           > flushing realpage 1702, userpage 1, subpage 1702
pages           > flushing realpage 1703, userpage 1, subpage 1703
pages           > flushing realpage 1704, userpage 1, subpage 1704
pages           > flushing realpage 1705, userpage 1, subpage 1705
pages           > flushing realpage 1706, userpage 1, subpage 1706
pages           > flushing realpage 1707, userpage 1, subpage 1707
pages           > flushing realpage 1708, userpage 1, subpage 1708
pages           > flushing realpage 1709, userpage 1, subpage 1709
pages           > flushing realpage 1710, userpage 1, subpage 1710
pages           > flushing realpage 1711, userpage 1, subpage 1711
pages           > flushing realpage 1712, userpage 1, subpage 1712
pages           > flushing realpage 1713, userpage 1, subpage 1713
pages           > flushing realpage 1714, userpage 1, subpage 1714
pages           > flushing realpage 1715, userpage 1, subpage 1715
pages           > flushing realpage 1716, userpage 1, subpage 1716
pages           > flushing realpage 1717, userpage 1, subpage 1717
pages           > flushing realpage 1718, userpage 1, subpage 1718
pages           > flushing realpage 1719, userpage 1, subpage 1719
pages           > flushing realpage 1720, userpage 1, subpage 1720
pages           > flushing realpage 1721, userpage 1, subpage 1721
pages           > flushing realpage 1722, userpage 1, subpage 1722
pages           > flushing realpage 1723, userpage 1, subpage 1723
pages           > flushing realpage 1724, userpage 1, subpage 1724
pages           > flushing realpage 1725, userpage 1, subpage 1725
pages           > flushing realpage 1726, userpage 1, subpage 1726
pages           > flushing realpage 1727, userpage 1, subpage 1727
pages           > flushing realpage 1728, userpage 1, subpage 1728
pages           > flushing realpage 1729, userpage 1, subpage 1729
pages           > flushing realpage 1730, userpage 1, subpage 1730
pages           > flushing realpage 1731, userpage 1, subpage 1731
pages           > flushing realpage 1732, userpage 1, subpage 1732
pages           > flushing realpage 1733, userpage 1, subpage 1733
pages           > flushing realpage 1734, userpage 1, subpage 1734
pages           > flushing realpage 1735, userpage 1, subpage 1735
pages           > flushing realpage 1736, userpage 1, subpage 1736
pages           > flushing realpage 1737, userpage 1, subpage 1737
pages           > flushing realpage 1738, userpage 1, subpage 1738
pages           > flushing realpage 1739, userpage 1, subpage 1739
pages           > flushing realpage 1740, userpage 1, subpage 1740
pages           > flushing realpage 1741, userpage 1, subpage 1741
pages           > flushing realpage 1742, userpage 1, subpage 1742
pages           > flushing realpage 1743, userpage 1, subpage 1743
pages           > flushing realpage 1744, userpage 1, subpage 1744
pages           > flushing realpage 1745, userpage 1, subpage 1745
pages           > flushing realpage 1746, userpage 1, subpage 1746
pages           > flushing realpage 1747, userpage 1, subpage 1747
pages           > flushing realpage 1748, userpage 1, subpage 1748
pages           > flushing realpage 1749, userpage 1, subpage 1749
pages           > flushing realpage 1750, userpage 1, subpage 1750
pages           > flushing realpage 1751, userpage 1, subpage 1751
pages           > flushing realpage 1752, userpage 1, subpage 1752
pages           > flushing realpage 1753, userpage 1, subpage 1753
pages           > flushing realpage 1754, userpage 1, subpage 1754
pages           > flushing realpage 1755, userpage 1, subpage 1755
pages           > flushing realpage 1756, userpage 1, subpage 1756
pages           > flushing realpage 1757, userpage 1, subpage 1757
pages           > flushing realpage 1758, userpage 1, subpage 1758
pages           > flushing realpage 1759, userpage 1, subpage 1759
pages           > flushing realpage 1760, userpage 1, subpage 1760
pages           > flushing realpage 1761, userpage 1, subpage 1761
pages           > flushing realpage 1762, userpage 1, subpage 1762
pages           > flushing realpage 1763, userpage 1, subpage 1763
pages           > flushing realpage 1764, userpage 1, subpage 1764
pages           > flushing realpage 1765, userpage 1, subpage 1765
pages           > flushing realpage 1766, userpage 1, subpage 1766
pages           > flushing realpage 1767, userpage 1, subpage 1767
pages           > flushing realpage 1768, userpage 1, subpage 1768
pages           > flushing realpage 1769, userpage 1, subpage 1769
pages           > flushing realpage 1770, userpage 1, subpage 1770
pages           > flushing realpage 1771, userpage 1, subpage 1771
pages           > flushing realpage 1772, userpage 1, subpage 1772
pages           > flushing realpage 1773, userpage 1, subpage 1773
pages           > flushing realpage 1774, userpage 1, subpage 1774
pages           > flushing realpage 1775, userpage 1, subpage 1775
pages           > flushing realpage 1776, userpage 1, subpage 1776
pages           > flushing realpage 1777, userpage 1, subpage 1777
pages           > flushing realpage 1778, userpage 1, subpage 1778
pages           > flushing realpage 1779, userpage 1, subpage 1779
pages           > flushing realpage 1780, userpage 1, subpage 1780
pages           > flushing realpage 1781, userpage 1, subpage 1781
pages           > flushing realpage 1782, userpage 1, subpage 1782
pages           > flushing realpage 1783, userpage 1, subpage 1783
pages           > flushing realpage 1784, userpage 1, subpage 1784
pages           > flushing realpage 1785, userpage 1, subpage 1785
pages           > flushing realpage 1786, userpage 1, subpage 1786
pages           > flushing realpage 1787, userpage 1, subpage 1787
pages           > flushing realpage 1788, userpage 1, subpage 1788
pages           > flushing realpage 1789, userpage 1, subpage 1789
pages           > flushing realpage 1790, userpage 1, subpage 1790
pages           > flushing realpage 1791, userpage 1, subpage 1791
pages           > flushing realpage 1792, userpage 1, subpage 1792
pages           > flushing realpage 1793, userpage 1, subpage 1793
pages           > flushing realpage 1794, userpage 1, subpage 1794
pages           > flushing realpage 1795, userpage 1, subpage 1795
pages           > flushing realpage 1796, userpage 1, subpage 1796
pages           > flushing realpage 1797, userpage 1, subpage 1797
pages           > flushing realpage 1798, userpage 1, subpage 1798
pages           > flushing realpage 1799, userpage 1, subpage 1799
pages           > flushing realpage 1800, userpage 1, subpage 1800
pages           > flushing realpage 1801, userpage 1, subpage 1801
pages           > flushing realpage 1802, userpage 1, subpage 1802
pages           > flushing realpage 1803, userpage 1, subpage 1803
pages           > flushing realpage 1804, userpage 1, subpage 1804
pages           > flushing realpage 1805, userpage 1, subpage 1805
pages           > flushing realpage 1806, userpage 1, subpage 1806
pages           > flushing realpage 1807, userpage 1, subpage 1807
pages           > flushing realpage 1808, userpage 1, subpage 1808
pages           > flushing realpage 1809, userpage 1, subpage 1809
pages           > flushing realpage 1810, userpage 1, subpage 1810
pages           > flushing realpage 1811, userpage 1, subpage 1811
pages           > flushing realpage 1812, userpage 1, subpage 1812
pages           > flushing realpage 1813, userpage 1, subpage 1813
pages           > flushing realpage 1814, userpage 1, subpage 1814
pages           > flushing realpage 1815, userpage 1, subpage 1815
pages           > flushing realpage 1816, userpage 1, subpage 1816
pages           > flushing realpage 1817, userpage 1, subpage 1817
pages           > flushing realpage 1818, userpage 1, subpage 1818
pages           > flushing realpage 1819, userpage 1, subpage 1819
pages           > flushing realpage 1820, userpage 1, subpage 1820
pages           > flushing realpage 1821, userpage 1, subpage 1821
pages           > flushing realpage 1822, userpage 1, subpage 1822
pages           > flushing realpage 1823, userpage 1, subpage 1823
pages           > flushing realpage 1824, userpage 1, subpage 1824
pages           > flushing realpage 1825, userpage 1, subpage 1825
pages           > flushing realpage 1826, userpage 1, subpage 1826
pages           > flushing realpage 1827, userpage 1, subpage 1827
pages           > flushing realpage 1828, userpage 1, subpage 1828
pages           > flushing realpage 1829, userpage 1, subpage 1829
pages           > flushing realpage 1830, userpage 1, subpage 1830
pages           > flushing realpage 1831, userpage 1, subpage 1831
pages           > flushing realpage 1832, userpage 1, subpage 1832
pages           > flushing realpage 1833, userpage 1, subpage 1833
pages           > flushing realpage 1834, userpage 1, subpage 1834
pages           > flushing realpage 1835, userpage 1, subpage 1835
pages           > flushing realpage 1836, userpage 1, subpage 1836
pages           > flushing realpage 1837, userpage 1, subpage 1837
pages           > flushing realpage 1838, userpage 1, subpage 1838
pages           > flushing realpage 1839, userpage 1, subpage 1839
pages           > flushing realpage 1840, userpage 1, subpage 1840
pages           > flushing realpage 1841, userpage 1, subpage 1841
pages           > flushing realpage 1842, userpage 1, subpage 1842
pages           > flushing realpage 1843, userpage 1, subpage 1843
pages           > flushing realpage 1844, userpage 1, subpage 1844
pages           > flushing realpage 1845, userpage 1, subpage 1845
pages           > flushing realpage 1846, userpage 1, subpage 1846
pages           > flushing realpage 1847, userpage 1, subpage 1847
pages           > flushing realpage 1848, userpage 1, subpage 1848
pages           > flushing realpage 1849, userpage 1, subpage 1849
pages           > flushing realpage 1850, userpage 1, subpage 1850
pages           > flushing realpage 1851, userpage 1, subpage 1851
pages           > flushing realpage 1852, userpage 1, subpage 1852
pages           > flushing realpage 1853, userpage 1, subpage 1853
pages           > flushing realpage 1854, userpage 1, subpage 1854
pages           > flushing realpage 1855, userpage 1, subpage 1855
pages           > flushing realpage 1856, userpage 1, subpage 1856
pages           > flushing realpage 1857, userpage 1, subpage 1857
pages           > flushing realpage 1858, userpage 1, subpage 1858
pages           > flushing realpage 1859, userpage 1, subpage 1859
pages           > flushing realpage 1860, userpage 1, subpage 1860
pages           > flushing realpage 1861, userpage 1, subpage 1861
pages           > flushing realpage 1862, userpage 1, subpage 1862
pages           > flushing realpage 1863, userpage 1, subpage 1863
pages           > flushing realpage 1864, userpage 1, subpage 1864
pages           > flushing realpage 1865, userpage 1, subpage 1865
pages           > flushing realpage 1866, userpage 1, subpage 1866
pages           > flushing realpage 1867, userpage 1, subpage 1867
pages           > flushing realpage 1868, userpage 1, subpage 1868
pages           > flushing realpage 1869, userpage 1, subpage 1869
pages           > flushing realpage 1870, userpage 1, subpage 1870
pages           > flushing realpage 1871, userpage 1, subpage 1871
pages           > flushing realpage 1872, userpage 1, subpage 1872
pages           > flushing realpage 1873, userpage 1, subpage 1873
pages           > flushing realpage 1874, userpage 1, subpage 1874
pages           > flushing realpage 1875, userpage 1, subpage 1875
pages           > flushing realpage 1876, userpage 1, subpage 1876
pages           > flushing realpage 1877, userpage 1, subpage 1877
pages           > flushing realpage 1878, userpage 1, subpage 1878
pages           > flushing realpage 1879, userpage 1, subpage 1879
pages           > flushing realpage 1880, userpage 1, subpage 1880
pages           > flushing realpage 1881, userpage 1, subpage 1881
pages           > flushing realpage 1882, userpage 1, subpage 1882
pages           > flushing realpage 1883, userpage 1, subpage 1883
pages           > flushing realpage 1884, userpage 1, subpage 1884
pages           > flushing realpage 1885, userpage 1, subpage 1885
pages           > flushing realpage 1886, userpage 1, subpage 1886
pages           > flushing realpage 1887, userpage 1, subpage 1887
pages           > flushing realpage 1888, userpage 1, subpage 1888
pages           > flushing realpage 1889, userpage 1, subpage 1889
pages           > flushing realpage 1890, userpage 1, subpage 1890
pages           > flushing realpage 1891, userpage 1, subpage 1891
pages           > flushing realpage 1892, userpage 1, subpage 1892
pages           > flushing realpage 1893, userpage 1, subpage 1893
pages           > flushing realpage 1894, userpage 1, subpage 1894
pages           > flushing realpage 1895, userpage 1, subpage 1895
pages           > flushing realpage 1896, userpage 1, subpage 1896
pages           > flushing realpage 1897, userpage 1, subpage 1897
pages           > flushing realpage 1898, userpage 1, subpage 1898
pages           > flushing realpage 1899, userpage 1, subpage 1899
pages           > flushing realpage 1900, userpage 1, subpage 1900
pages           > flushing realpage 1901, userpage 1, subpage 1901
pages           > flushing realpage 1902, userpage 1, subpage 1902
pages           > flushing realpage 1903, userpage 1, subpage 1903
pages           > flushing realpage 1904, userpage 1, subpage 1904
pages           > flushing realpage 1905, userpage 1, subpage 1905
pages           > flushing realpage 1906, userpage 1, subpage 1906
pages           > flushing realpage 1907, userpage 1, subpage 1907
pages           > flushing realpage 1908, userpage 1, subpage 1908
pages           > flushing realpage 1909, userpage 1, subpage 1909
pages           > flushing realpage 1910, userpage 1, subpage 1910
pages           > flushing realpage 1911, userpage 1, subpage 1911
pages           > flushing realpage 1912, userpage 1, subpage 1912
pages           > flushing realpage 1913, userpage 1, subpage 1913
pages           > flushing realpage 1914, userpage 1, subpage 1914
pages           > flushing realpage 1915, userpage 1, subpage 1915
pages           > flushing realpage 1916, userpage 1, subpage 1916
pages           > flushing realpage 1917, userpage 1, subpage 1917
pages           > flushing realpage 1918, userpage 1, subpage 1918
pages           > flushing realpage 1919, userpage 1, subpage 1919
pages           > flushing realpage 1920, userpage 1, subpage 1920
pages           > flushing realpage 1921, userpage 1, subpage 1921
pages           > flushing realpage 1922, userpage 1, subpage 1922
pages           > flushing realpage 1923, userpage 1, subpage 1923
pages           > flushing realpage 1924, userpage 1, subpage 1924
pages           > flushing realpage 1925, userpage 1, subpage 1925
pages           > flushing realpage 1926, userpage 1, subpage 1926
pages           > flushing realpage 1927, userpage 1, subpage 1927
pages           > flushing realpage 1928, userpage 1, subpage 1928
pages           > flushing realpage 1929, userpage 1, subpage 1929
pages           > flushing realpage 1930, userpage 1, subpage 1930
pages           > flushing realpage 1931, userpage 1, subpage 1931
pages           > flushing realpage 1932, userpage 1, subpage 1932
pages           > flushing realpage 1933, userpage 1, subpage 1933
pages           > flushing realpage 1934, userpage 1, subpage 1934
pages           > flushing realpage 1935, userpage 1, subpage 1935
pages           > flushing realpage 1936, userpage 1, subpage 1936
pages           > flushing realpage 1937, userpage 1, subpage 1937
pages           > flushing realpage 1938, userpage 1, subpage 1938
pages           > flushing realpage 1939, userpage 1, subpage 1939
pages           > flushing realpage 1940, userpage 1, subpage 1940
pages           > flushing realpage 1941, userpage 1, subpage 1941
pages           > flushing realpage 1942, userpage 1, subpage 1942
pages           > flushing realpage 1943, userpage 1, subpage 1943
pages           > flushing realpage 1944, userpage 1, subpage 1944
pages           > flushing realpage 1945, userpage 1, subpage 1945
pages           > flushing realpage 1946, userpage 1, subpage 1946
pages           > flushing realpage 1947, userpage 1, subpage 1947
pages           > flushing realpage 1948, userpage 1, subpage 1948
pages           > flushing realpage 1949, userpage 1, subpage 1949
pages           > flushing realpage 1950, userpage 1, subpage 1950
pages           > flushing realpage 1951, userpage 1, subpage 1951
pages           > flushing realpage 1952, userpage 1, subpage 1952
pages           > flushing realpage 1953, userpage 1, subpage 1953
pages           > flushing realpage 1954, userpage 1, subpage 1954
pages           > flushing realpage 1955, userpage 1, subpage 1955
pages           > flushing realpage 1956, userpage 1, subpage 1956
pages           > flushing realpage 1957, userpage 1, subpage 1957
pages           > flushing realpage 1958, userpage 1, subpage 1958
pages           > flushing realpage 1959, userpage 1, subpage 1959
pages           > flushing realpage 1960, userpage 1, subpage 1960
pages           > flushing realpage 1961, userpage 1, subpage 1961
pages           > flushing realpage 1962, userpage 1, subpage 1962
pages           > flushing realpage 1963, userpage 1, subpage 1963
pages           > flushing realpage 1964, userpage 1, subpage 1964
pages           > flushing realpage 1965, userpage 1, subpage 1965
pages           > flushing realpage 1966, userpage 1, subpage 1966
pages           > flushing realpage 1967, userpage 1, subpage 1967
pages           > flushing realpage 1968, userpage 1, subpage 1968
pages           > flushing realpage 1969, userpage 1, subpage 1969
pages           > flushing realpage 1970, userpage 1, subpage 1970
pages           > flushing realpage 1971, userpage 1, subpage 1971
pages           > flushing realpage 1972, userpage 1, subpage 1972
pages           > flushing realpage 1973, userpage 1, subpage 1973
pages           > flushing realpage 1974, userpage 1, subpage 1974
pages           > flushing realpage 1975, userpage 1, subpage 1975
pages           > flushing realpage 1976, userpage 1, subpage 1976
pages           > flushing realpage 1977, userpage 1, subpage 1977
pages           > flushing realpage 1978, userpage 1, subpage 1978
pages           > flushing realpage 1979, userpage 1, subpage 1979
pages           > flushing realpage 1980, userpage 1, subpage 1980
pages           > flushing realpage 1981, userpage 1, subpage 1981
pages           > flushing realpage 1982, userpage 1, subpage 1982
pages           > flushing realpage 1983, userpage 1, subpage 1983
pages           > flushing realpage 1984, userpage 1, subpage 1984
pages           > flushing realpage 1985, userpage 1, subpage 1985
pages           > flushing realpage 1986, userpage 1, subpage 1986
pages           > flushing realpage 1987, userpage 1, subpage 1987
pages           > flushing realpage 1988, userpage 1, subpage 1988
pages           > flushing realpage 1989, userpage 1, subpage 1989
pages           > flushing realpage 1990, userpage 1, subpage 1990
pages           > flushing realpage 1991, userpage 1, subpage 1991
pages           > flushing realpage 1992, userpage 1, subpage 1992
pages           > flushing realpage 1993, userpage 1, subpage 1993
pages           > flushing realpage 1994, userpage 1, subpage 1994
pages           > flushing realpage 1995, userpage 1, subpage 1995
pages           > flushing realpage 1996, userpage 1, subpage 1996
pages           > flushing realpage 1997, userpage 1, subpage 1997
pages           > flushing realpage 1998, userpage 1, subpage 1998
pages           > flushing realpage 1999, userpage 1, subpage 1999
pages           > flushing realpage 2000, userpage 1, subpage 2000
pages           > flushing realpage 2001, userpage 1, subpage 2001
pages           > flushing realpage 2002, userpage 1, subpage 2002
pages           > flushing realpage 2003, userpage 1, subpage 2003
pages           > flushing realpage 2004, userpage 1, subpage 2004
pages           > flushing realpage 2005, userpage 1, subpage 2005
pages           > flushing realpage 2006, userpage 1, subpage 2006
pages           > flushing realpage 2007, userpage 1, subpage 2007
pages           > flushing realpage 2008, userpage 1, subpage 2008
pages           > flushing realpage 2009, userpage 1, subpage 2009
pages           > flushing realpage 2010, userpage 1, subpage 2010
pages           > flushing realpage 2011, userpage 1, subpage 2011
pages           > flushing realpage 2012, userpage 1, subpage 2012
pages           > flushing realpage 2013, userpage 1, subpage 2013
pages           > flushing realpage 2014, userpage 1, subpage 2014
pages           > flushing realpage 2015, userpage 1, subpage 2015
pages           > flushing realpage 2016, userpage 1, subpage 2016
pages           > flushing realpage 2017, userpage 1, subpage 2017
pages           > flushing realpage 2018, userpage 1, subpage 2018
pages           > flushing realpage 2019, userpage 1, subpage 2019
pages           > flushing realpage 2020, userpage 1, subpage 2020
pages           > flushing realpage 2021, userpage 1, subpage 2021
pages           > flushing realpage 2022, userpage 1, subpage 2022
pages           > flushing realpage 2023, userpage 1, subpage 2023
pages           > flushing realpage 2024, userpage 1, subpage 2024
pages           > flushing realpage 2025, userpage 1, subpage 2025
pages           > flushing realpage 2026, userpage 1, subpage 2026
pages           > flushing realpage 2027, userpage 1, subpage 2027
pages           > flushing realpage 2028, userpage 1, subpage 2028
pages           > flushing realpage 2029, userpage 1, subpage 2029
pages           > flushing realpage 2030, userpage 1, subpage 2030
pages           > flushing realpage 2031, userpage 1, subpage 2031
pages           > flushing realpage 2032, userpage 1, subpage 2032
pages           > flushing realpage 2033, userpage 1, subpage 2033
pages           > flushing realpage 2034, userpage 1, subpage 2034
pages           > flushing realpage 2035, userpage 1, subpage 2035
pages           > flushing realpage 2036, userpage 1, subpage 2036
pages           > flushing realpage 2037, userpage 1, subpage 2037
pages           > flushing realpage 2038, userpage 1, subpage 2038
pages           > flushing realpage 2039, userpage 1, subpage 2039
pages           > flushing realpage 2040, userpage 1, subpage 2040
pages           > flushing realpage 2041, userpage 1, subpage 2041
pages           > flushing realpage 2042, userpage 1, subpage 2042
pages           > flushing realpage 2043, userpage 1, subpage 2043
pages           > flushing realpage 2044, userpage 1, subpage 2044
pages           > flushing realpage 2045, userpage 1, subpage 2045
pages           > flushing realpage 2046, userpage 1, subpage 2046
pages           > flushing realpage 2047, userpage 1, subpage 2047
pages           > flushing realpage 2048, userpage 1, subpage 2048
pages           > flushing realpage 2049, userpage 1, subpage 2049
pages           > flushing realpage 2050, userpage 1, subpage 2050
pages           > flushing realpage 2051, userpage 1, subpage 2051
pages           > flushing realpage 2052, userpage 1, subpage 2052
pages           > flushing realpage 2053, userpage 1, subpage 2053
pages           > flushing realpage 2054, userpage 1, subpage 2054
pages           > flushing realpage 2055, userpage 1, subpage 2055
pages           > flushing realpage 2056, userpage 1, subpage 2056
pages           > flushing realpage 2057, userpage 1, subpage 2057
pages           > flushing realpage 2058, userpage 1, subpage 2058
pages           > flushing realpage 2059, userpage 1, subpage 2059
pages           > flushing realpage 2060, userpage 1, subpage 2060
pages           > flushing realpage 2061, userpage 1, subpage 2061
pages           > flushing realpage 2062, userpage 1, subpage 2062
pages           > flushing realpage 2063, userpage 1, subpage 2063
pages           > flushing realpage 2064, userpage 1, subpage 2064
pages           > flushing realpage 2065, userpage 1, subpage 2065
pages           > flushing realpage 2066, userpage 1, subpage 2066
pages           > flushing realpage 2067, userpage 1, subpage 2067
pages           > flushing realpage 2068, userpage 1, subpage 2068
pages           > flushing realpage 2069, userpage 1, subpage 2069
pages           > flushing realpage 2070, userpage 1, subpage 2070
pages           > flushing realpage 2071, userpage 1, subpage 2071
pages           > flushing realpage 2072, userpage 1, subpage 2072
pages           > flushing realpage 2073, userpage 1, subpage 2073
pages           > flushing realpage 2074, userpage 1, subpage 2074
pages           > flushing realpage 2075, userpage 1, subpage 2075
pages           > flushing realpage 2076, userpage 1, subpage 2076
pages           > flushing realpage 2077, userpage 1, subpage 2077
pages           > flushing realpage 2078, userpage 1, subpage 2078
pages           > flushing realpage 2079, userpage 1, subpage 2079
pages           > flushing realpage 2080, userpage 1, subpage 2080
pages           > flushing realpage 2081, userpage 1, subpage 2081
pages           > flushing realpage 2082, userpage 1, subpage 2082
pages           > flushing realpage 2083, userpage 1, subpage 2083
pages           > flushing realpage 2084, userpage 1, subpage 2084
pages           > flushing realpage 2085, userpage 1, subpage 2085
pages           > flushing realpage 2086, userpage 1, subpage 2086
pages           > flushing realpage 2087, userpage 1, subpage 2087
pages           > flushing realpage 2088, userpage 1, subpage 2088
pages           > flushing realpage 2089, userpage 1, subpage 2089
pages           > flushing realpage 2090, userpage 1, subpage 2090
pages           > flushing realpage 2091, userpage 1, subpage 2091
pages           > flushing realpage 2092, userpage 1, subpage 2092
pages           > flushing realpage 2093, userpage 1, subpage 2093
pages           > flushing realpage 2094, userpage 1, subpage 2094
pages           > flushing realpage 2095, userpage 1, subpage 2095
pages           > flushing realpage 2096, userpage 1, subpage 2096
pages           > flushing realpage 2097, userpage 1, subpage 2097
pages           > flushing realpage 2098, userpage 1, subpage 2098
pages           > flushing realpage 2099, userpage 1, subpage 2099
pages           > flushing realpage 2100, userpage 1, subpage 2100
pages           > flushing realpage 2101, userpage 1, subpage 2101
pages           > flushing realpage 2102, userpage 1, subpage 2102
pages           > flushing realpage 2103, userpage 1, subpage 2103
pages           > flushing realpage 2104, userpage 1, subpage 2104
pages           > flushing realpage 2105, userpage 1, subpage 2105
pages           > flushing realpage 2106, userpage 1, subpage 2106
pages           > flushing realpage 2107, userpage 1, subpage 2107
pages           > flushing realpage 2108, userpage 1, subpage 2108
pages           > flushing realpage 2109, userpage 1, subpage 2109
pages           > flushing realpage 2110, userpage 1, subpage 2110
pages           > flushing realpage 2111, userpage 1, subpage 2111
pages           > flushing realpage 2112, userpage 1, subpage 2112
pages           > flushing realpage 2113, userpage 1, subpage 2113
pages           > flushing realpage 2114, userpage 1, subpage 2114
pages           > flushing realpage 2115, userpage 1, subpage 2115
pages           > flushing realpage 2116, userpage 1, subpage 2116
pages           > flushing realpage 2117, userpage 1, subpage 2117
pages           > flushing realpage 2118, userpage 1, subpage 2118
pages           > flushing realpage 2119, userpage 1, subpage 2119
pages           > flushing realpage 2120, userpage 1, subpage 2120
pages           > flushing realpage 2121, userpage 1, subpage 2121
pages           > flushing realpage 2122, userpage 1, subpage 2122
pages           > flushing realpage 2123, userpage 1, subpage 2123
pages           > flushing realpage 2124, userpage 1, subpage 2124
pages           > flushing realpage 2125, userpage 1, subpage 2125
pages           > flushing realpage 2126, userpage 1, subpage 2126
pages           > flushing realpage 2127, userpage 1, subpage 2127
pages           > flushing realpage 2128, userpage 1, subpage 2128
pages           > flushing realpage 2129, userpage 1, subpage 2129
pages           > flushing realpage 2130, userpage 1, subpage 2130
pages           > flushing realpage 2131, userpage 1, subpage 2131
pages           > flushing realpage 2132, userpage 1, subpage 2132
pages           > flushing realpage 2133, userpage 1, subpage 2133
pages           > flushing realpage 2134, userpage 1, subpage 2134
pages           > flushing realpage 2135, userpage 1, subpage 2135
pages           > flushing realpage 2136, userpage 1, subpage 2136
pages           > flushing realpage 2137, userpage 1, subpage 2137
pages           > flushing realpage 2138, userpage 1, subpage 2138
pages           > flushing realpage 2139, userpage 1, subpage 2139
pages           > flushing realpage 2140, userpage 1, subpage 2140
pages           > flushing realpage 2141, userpage 1, subpage 2141
pages           > flushing realpage 2142, userpage 1, subpage 2142
pages           > flushing realpage 2143, userpage 1, subpage 2143
pages           > flushing realpage 2144, userpage 1, subpage 2144
pages           > flushing realpage 2145, userpage 1, subpage 2145
pages           > flushing realpage 2146, userpage 1, subpage 2146
pages           > flushing realpage 2147, userpage 1, subpage 2147
pages           > flushing realpage 2148, userpage 1, subpage 2148
pages           > flushing realpage 2149, userpage 1, subpage 2149
pages           > flushing realpage 2150, userpage 1, subpage 2150
pages           > flushing realpage 2151, userpage 1, subpage 2151
pages           > flushing realpage 2152, userpage 1, subpage 2152
pages           > flushing realpage 2153, userpage 1, subpage 2153
pages           > flushing realpage 2154, userpage 1, subpage 2154
pages           > flushing realpage 2155, userpage 1, subpage 2155
pages           > flushing realpage 2156, userpage 1, subpage 2156
pages           > flushing realpage 2157, userpage 1, subpage 2157
pages           > flushing realpage 2158, userpage 1, subpage 2158
pages           > flushing realpage 2159, userpage 1, subpage 2159
pages           > flushing realpage 2160, userpage 1, subpage 2160
pages           > flushing realpage 2161, userpage 1, subpage 2161
pages           > flushing realpage 2162, userpage 1, subpage 2162
pages           > flushing realpage 2163, userpage 1, subpage 2163
pages           > flushing realpage 2164, userpage 1, subpage 2164
pages           > flushing realpage 2165, userpage 1, subpage 2165
pages           > flushing realpage 2166, userpage 1, subpage 2166
pages           > flushing realpage 2167, userpage 1, subpage 2167
pages           > flushing realpage 2168, userpage 1, subpage 2168
pages           > flushing realpage 2169, userpage 1, subpage 2169
pages           > flushing realpage 2170, userpage 1, subpage 2170
pages           > flushing realpage 2171, userpage 1, subpage 2171
pages           > flushing realpage 2172, userpage 1, subpage 2172
pages           > flushing realpage 2173, userpage 1, subpage 2173
pages           > flushing realpage 2174, userpage 1, subpage 2174
pages           > flushing realpage 2175, userpage 1, subpage 2175
pages           > flushing realpage 2176, userpage 1, subpage 2176
pages           > flushing realpage 2177, userpage 1, subpage 2177
pages           > flushing realpage 2178, userpage 1, subpage 2178
pages           > flushing realpage 2179, userpage 1, subpage 2179
pages           > flushing realpage 2180, userpage 1, subpage 2180
pages           > flushing realpage 2181, userpage 1, subpage 2181
pages           > flushing realpage 2182, userpage 1, subpage 2182
pages           > flushing realpage 2183, userpage 1, subpage 2183
pages           > flushing realpage 2184, userpage 1, subpage 2184
pages           > flushing realpage 2185, userpage 1, subpage 2185
pages           > flushing realpage 2186, userpage 1, subpage 2186
pages           > flushing realpage 2187, userpage 1, subpage 2187
pages           > flushing realpage 2188, userpage 1, subpage 2188
pages           > flushing realpage 2189, userpage 1, subpage 2189
pages           > flushing realpage 2190, userpage 1, subpage 2190
pages           > flushing realpage 2191, userpage 1, subpage 2191
pages           > flushing realpage 2192, userpage 1, subpage 2192
pages           > flushing realpage 2193, userpage 1, subpage 2193
pages           > flushing realpage 2194, userpage 1, subpage 2194
pages           > flushing realpage 2195, userpage 1, subpage 2195
pages           > flushing realpage 2196, userpage 1, subpage 2196
pages           > flushing realpage 2197, userpage 1, subpage 2197
pages           > flushing realpage 2198, userpage 1, subpage 2198
pages           > flushing realpage 2199, userpage 1, subpage 2199
pages           > flushing realpage 2200, userpage 1, subpage 2200
pages           > flushing realpage 2201, userpage 1, subpage 2201
pages           > flushing realpage 2202, userpage 1, subpage 2202
pages           > flushing realpage 2203, userpage 1, subpage 2203
pages           > flushing realpage 2204, userpage 1, subpage 2204
pages           > flushing realpage 2205, userpage 1, subpage 2205
pages           > flushing realpage 2206, userpage 1, subpage 2206
pages           > flushing realpage 2207, userpage 1, subpage 2207
pages           > flushing realpage 2208, userpage 1, subpage 2208
pages           > flushing realpage 2209, userpage 1, subpage 2209
pages           > flushing realpage 2210, userpage 1, subpage 2210
pages           > flushing realpage 2211, userpage 1, subpage 2211
pages           > flushing realpage 2212, userpage 1, subpage 2212
pages           > flushing realpage 2213, userpage 1, subpage 2213
pages           > flushing realpage 2214, userpage 1, subpage 2214
pages           > flushing realpage 2215, userpage 1, subpage 2215
pages           > flushing realpage 2216, userpage 1, subpage 2216
pages           > flushing realpage 2217, userpage 1, subpage 2217
pages           > flushing realpage 2218, userpage 1, subpage 2218
pages           > flushing realpage 2219, userpage 1, subpage 2219
pages           > flushing realpage 2220, userpage 1, subpage 2220
pages           > flushing realpage 2221, userpage 1, subpage 2221
pages           > flushing realpage 2222, userpage 1, subpage 2222
pages           > flushing realpage 2223, userpage 1, subpage 2223
pages           > flushing realpage 2224, userpage 1, subpage 2224
pages           > flushing realpage 2225, userpage 1, subpage 2225
pages           > flushing realpage 2226, userpage 1, subpage 2226
pages           > flushing realpage 2227, userpage 1, subpage 2227
pages           > flushing realpage 2228, userpage 1, subpage 2228
pages           > flushing realpage 2229, userpage 1, subpage 2229
pages           > flushing realpage 2230, userpage 1, subpage 2230
pages           > flushing realpage 2231, userpage 1, subpage 2231
pages           > flushing realpage 2232, userpage 1, subpage 2232
pages           > flushing realpage 2233, userpage 1, subpage 2233
pages           > flushing realpage 2234, userpage 1, subpage 2234
pages           > flushing realpage 2235, userpage 1, subpage 2235
pages           > flushing realpage 2236, userpage 1, subpage 2236
pages           > flushing realpage 2237, userpage 1, subpage 2237
pages           > flushing realpage 2238, userpage 1, subpage 2238
pages           > flushing realpage 2239, userpage 1, subpage 2239
pages           > flushing realpage 2240, userpage 1, subpage 2240
pages           > flushing realpage 2241, userpage 1, subpage 2241
pages           > flushing realpage 2242, userpage 1, subpage 2242
pages           > flushing realpage 2243, userpage 1, subpage 2243
pages           > flushing realpage 2244, userpage 1, subpage 2244
pages           > flushing realpage 2245, userpage 1, subpage 2245
pages           > flushing realpage 2246, userpage 1, subpage 2246
pages           > flushing realpage 2247, userpage 1, subpage 2247
pages           > flushing realpage 2248, userpage 1, subpage 2248
pages           > flushing realpage 2249, userpage 1, subpage 2249
pages           > flushing realpage 2250, userpage 1, subpage 2250
pages           > flushing realpage 2251, userpage 1, subpage 2251
pages           > flushing realpage 2252, userpage 1, subpage 2252
pages           > flushing realpage 2253, userpage 1, subpage 2253
pages           > flushing realpage 2254, userpage 1, subpage 2254
pages           > flushing realpage 2255, userpage 1, subpage 2255
pages           > flushing realpage 2256, userpage 1, subpage 2256
pages           > flushing realpage 2257, userpage 1, subpage 2257
pages           > flushing realpage 2258, userpage 1, subpage 2258
pages           > flushing realpage 2259, userpage 1, subpage 2259
pages           > flushing realpage 2260, userpage 1, subpage 2260
pages           > flushing realpage 2261, userpage 1, subpage 2261
pages           > flushing realpage 2262, userpage 1, subpage 2262
pages           > flushing realpage 2263, userpage 1, subpage 2263
pages           > flushing realpage 2264, userpage 1, subpage 2264
pages           > flushing realpage 2265, userpage 1, subpage 2265
pages           > flushing realpage 2266, userpage 1, subpage 2266
pages           > flushing realpage 2267, userpage 1, subpage 2267
pages           > flushing realpage 2268, userpage 1, subpage 2268
pages           > flushing realpage 2269, userpage 1, subpage 2269
pages           > flushing realpage 2270, userpage 1, subpage 2270
pages           > flushing realpage 2271, userpage 1, subpage 2271
pages           > flushing realpage 2272, userpage 1, subpage 2272
pages           > flushing realpage 2273, userpage 1, subpage 2273
pages           > flushing realpage 2274, userpage 1, subpage 2274
pages           > flushing realpage 2275, userpage 1, subpage 2275
pages           > flushing realpage 2276, userpage 1, subpage 2276
pages           > flushing realpage 2277, userpage 1, subpage 2277
pages           > flushing realpage 2278, userpage 1, subpage 2278
pages           > flushing realpage 2279, userpage 1, subpage 2279
pages           > flushing realpage 2280, userpage 1, subpage 2280
pages           > flushing realpage 2281, userpage 1, subpage 2281
pages           > flushing realpage 2282, userpage 1, subpage 2282
pages           > flushing realpage 2283, userpage 1, subpage 2283
pages           > flushing realpage 2284, userpage 1, subpage 2284
pages           > flushing realpage 2285, userpage 1, subpage 2285
pages           > flushing realpage 2286, userpage 1, subpage 2286
pages           > flushing realpage 2287, userpage 1, subpage 2287
pages           > flushing realpage 2288, userpage 1, subpage 2288
pages           > flushing realpage 2289, userpage 1, subpage 2289
pages           > flushing realpage 2290, userpage 1, subpage 2290
pages           > flushing realpage 2291, userpage 1, subpage 2291
pages           > flushing realpage 2292, userpage 1, subpage 2292
pages           > flushing realpage 2293, userpage 1, subpage 2293
pages           > flushing realpage 2294, userpage 1, subpage 2294
pages           > flushing realpage 2295, userpage 1, subpage 2295
pages           > flushing realpage 2296, userpage 1, subpage 2296
pages           > flushing realpage 2297, userpage 1, subpage 2297
pages           > flushing realpage 2298, userpage 1, subpage 2298
pages           > flushing realpage 2299, userpage 1, subpage 2299
pages           > flushing realpage 2300, userpage 1, subpage 2300
pages           > flushing realpage 2301, userpage 1, subpage 2301
pages           > flushing realpage 2302, userpage 1, subpage 2302
pages           > flushing realpage 2303, userpage 1, subpage 2303
pages           > flushing realpage 2304, userpage 1, subpage 2304
pages           > flushing realpage 2305, userpage 1, subpage 2305
pages           > flushing realpage 2306, userpage 1, subpage 2306
pages           > flushing realpage 2307, userpage 1, subpage 2307
pages           > flushing realpage 2308, userpage 1, subpage 2308
pages           > flushing realpage 2309, userpage 1, subpage 2309
pages           > flushing realpage 2310, userpage 1, subpage 2310
pages           > flushing realpage 2311, userpage 1, subpage 2311
pages           > flushing realpage 2312, userpage 1, subpage 2312
pages           > flushing realpage 2313, userpage 1, subpage 2313
pages           > flushing realpage 2314, userpage 1, subpage 2314
pages           > flushing realpage 2315, userpage 1, subpage 2315
pages           > flushing realpage 2316, userpage 1, subpage 2316
pages           > flushing realpage 2317, userpage 1, subpage 2317
pages           > flushing realpage 2318, userpage 1, subpage 2318
pages           > flushing realpage 2319, userpage 1, subpage 2319
pages           > flushing realpage 2320, userpage 1, subpage 2320
pages           > flushing realpage 2321, userpage 1, subpage 2321
pages           > flushing realpage 2322, userpage 1, subpage 2322
pages           > flushing realpage 2323, userpage 1, subpage 2323
pages           > flushing realpage 2324, userpage 1, subpage 2324
pages           > flushing realpage 2325, userpage 1, subpage 2325
pages           > flushing realpage 2326, userpage 1, subpage 2326
pages           > flushing realpage 2327, userpage 1, subpage 2327
pages           > flushing realpage 2328, userpage 1, subpage 2328
pages           > flushing realpage 2329, userpage 1, subpage 2329
pages           > flushing realpage 2330, userpage 1, subpage 2330
pages           > flushing realpage 2331, userpage 1, subpage 2331
pages           > flushing realpage 2332, userpage 1, subpage 2332
pages           > flushing realpage 2333, userpage 1, subpage 2333
pages           > flushing realpage 2334, userpage 1, subpage 2334
pages           > flushing realpage 2335, userpage 1, subpage 2335
pages           > flushing realpage 2336, userpage 1, subpage 2336
pages           > flushing realpage 2337, userpage 1, subpage 2337
pages           > flushing realpage 2338, userpage 1, subpage 2338
pages           > flushing realpage 2339, userpage 1, subpage 2339
pages           > flushing realpage 2340, userpage 1, subpage 2340
pages           > flushing realpage 2341, userpage 1, subpage 2341
pages           > flushing realpage 2342, userpage 1, subpage 2342
pages           > flushing realpage 2343, userpage 1, subpage 2343
pages           > flushing realpage 2344, userpage 1, subpage 2344
pages           > flushing realpage 2345, userpage 1, subpage 2345
pages           > flushing realpage 2346, userpage 1, subpage 2346
pages           > flushing realpage 2347, userpage 1, subpage 2347
pages           > flushing realpage 2348, userpage 1, subpage 2348
pages           > flushing realpage 2349, userpage 1, subpage 2349
pages           > flushing realpage 2350, userpage 1, subpage 2350
pages           > flushing realpage 2351, userpage 1, subpage 2351
pages           > flushing realpage 2352, userpage 1, subpage 2352
pages           > flushing realpage 2353, userpage 1, subpage 2353
pages           > flushing realpage 2354, userpage 1, subpage 2354
pages           > flushing realpage 2355, userpage 1, subpage 2355
pages           > flushing realpage 2356, userpage 1, subpage 2356
pages           > flushing realpage 2357, userpage 1, subpage 2357
pages           > flushing realpage 2358, userpage 1, subpage 2358
pages           > flushing realpage 2359, userpage 1, subpage 2359
pages           > flushing realpage 2360, userpage 1, subpage 2360
pages           > flushing realpage 2361, userpage 1, subpage 2361
pages           > flushing realpage 2362, userpage 1, subpage 2362
pages           > flushing realpage 2363, userpage 1, subpage 2363
pages           > flushing realpage 2364, userpage 1, subpage 2364
pages           > flushing realpage 2365, userpage 1, subpage 2365
pages           > flushing realpage 2366, userpage 1, subpage 2366
pages           > flushing realpage 2367, userpage 1, subpage 2367
pages           > flushing realpage 2368, userpage 1, subpage 2368
pages           > flushing realpage 2369, userpage 1, subpage 2369
pages           > flushing realpage 2370, userpage 1, subpage 2370
pages           > flushing realpage 2371, userpage 1, subpage 2371
pages           > flushing realpage 2372, userpage 1, subpage 2372
pages           > flushing realpage 2373, userpage 1, subpage 2373
pages           > flushing realpage 2374, userpage 1, subpage 2374
pages           > flushing realpage 2375, userpage 1, subpage 2375
pages           > flushing realpage 2376, userpage 1, subpage 2376
pages           > flushing realpage 2377, userpage 1, subpage 2377
pages           > flushing realpage 2378, userpage 1, subpage 2378
pages           > flushing realpage 2379, userpage 1, subpage 2379
pages           > flushing realpage 2380, userpage 1, subpage 2380
pages           > flushing realpage 2381, userpage 1, subpage 2381
pages           > flushing realpage 2382, userpage 1, subpage 2382
pages           > flushing realpage 2383, userpage 1, subpage 2383
pages           > flushing realpage 2384, userpage 1, subpage 2384
pages           > flushing realpage 2385, userpage 1, subpage 2385
pages           > flushing realpage 2386, userpage 1, subpage 2386
pages           > flushing realpage 2387, userpage 1, subpage 2387
pages           > flushing realpage 2388, userpage 1, subpage 2388
pages           > flushing realpage 2389, userpage 1, subpage 2389
pages           > flushing realpage 2390, userpage 1, subpage 2390
pages           > flushing realpage 2391, userpage 1, subpage 2391
pages           > flushing realpage 2392, userpage 1, subpage 2392
pages           > flushing realpage 2393, userpage 1, subpage 2393
pages           > flushing realpage 2394, userpage 1, subpage 2394
pages           > flushing realpage 2395, userpage 1, subpage 2395
pages           > flushing realpage 2396, userpage 1, subpage 2396
pages           > flushing realpage 2397, userpage 1, subpage 2397
pages           > flushing realpage 2398, userpage 1, subpage 2398
pages           > flushing realpage 2399, userpage 1, subpage 2399
pages           > flushing realpage 2400, userpage 1, subpage 2400
pages           > flushing realpage 2401, userpage 1, subpage 2401
pages           > flushing realpage 2402, userpage 1, subpage 2402
pages           > flushing realpage 2403, userpage 1, subpage 2403
pages           > flushing realpage 2404, userpage 1, subpage 2404
pages           > flushing realpage 2405, userpage 1, subpage 2405
pages           > flushing realpage 2406, userpage 1, subpage 2406
pages           > flushing realpage 2407, userpage 1, subpage 2407
pages           > flushing realpage 2408, userpage 1, subpage 2408
pages           > flushing realpage 2409, userpage 1, subpage 2409
pages           > flushing realpage 2410, userpage 1, subpage 2410
pages           > flushing realpage 2411, userpage 1, subpage 2411
pages           > flushing realpage 2412, userpage 1, subpage 2412
pages           > flushing realpage 2413, userpage 1, subpage 2413
pages           > flushing realpage 2414, userpage 1, subpage 2414
pages           > flushing realpage 2415, userpage 1, subpage 2415
pages           > flushing realpage 2416, userpage 1, subpage 2416
pages           > flushing realpage 2417, userpage 1, subpage 2417
pages           > flushing realpage 2418, userpage 1, subpage 2418
pages           > flushing realpage 2419, userpage 1, subpage 2419
pages           > flushing realpage 2420, userpage 1, subpage 2420
pages           > flushing realpage 2421, userpage 1, subpage 2421
pages           > flushing realpage 2422, userpage 1, subpage 2422
pages           > flushing realpage 2423, userpage 1, subpage 2423
pages           > flushing realpage 2424, userpage 1, subpage 2424
pages           > flushing realpage 2425, userpage 1, subpage 2425
pages           > flushing realpage 2426, userpage 1, subpage 2426
pages           > flushing realpage 2427, userpage 1, subpage 2427
pages           > flushing realpage 2428, userpage 1, subpage 2428
pages           > flushing realpage 2429, userpage 1, subpage 2429
pages           > flushing realpage 2430, userpage 1, subpage 2430
pages           > flushing realpage 2431, userpage 1, subpage 2431
pages           > flushing realpage 2432, userpage 1, subpage 2432
pages           > flushing realpage 2433, userpage 1, subpage 2433
pages           > flushing realpage 2434, userpage 1, subpage 2434
pages           > flushing realpage 2435, userpage 1, subpage 2435
pages           > flushing realpage 2436, userpage 1, subpage 2436
pages           > flushing realpage 2437, userpage 1, subpage 2437
pages           > flushing realpage 2438, userpage 1, subpage 2438
pages           > flushing realpage 2439, userpage 1, subpage 2439
pages           > flushing realpage 2440, userpage 1, subpage 2440
pages           > flushing realpage 2441, userpage 1, subpage 2441
pages           > flushing realpage 2442, userpage 1, subpage 2442
pages           > flushing realpage 2443, userpage 1, subpage 2443
pages           > flushing realpage 2444, userpage 1, subpage 2444
pages           > flushing realpage 2445, userpage 1, subpage 2445
pages           > flushing realpage 2446, userpage 1, subpage 2446
pages           > flushing realpage 2447, userpage 1, subpage 2447
pages           > flushing realpage 2448, userpage 1, subpage 2448
pages           > flushing realpage 2449, userpage 1, subpage 2449
pages           > flushing realpage 2450, userpage 1, subpage 2450
pages           > flushing realpage 2451, userpage 1, subpage 2451
pages           > flushing realpage 2452, userpage 1, subpage 2452
pages           > flushing realpage 2453, userpage 1, subpage 2453
pages           > flushing realpage 2454, userpage 1, subpage 2454
pages           > flushing realpage 2455, userpage 1, subpage 2455
pages           > flushing realpage 2456, userpage 1, subpage 2456
pages           > flushing realpage 2457, userpage 1, subpage 2457
pages           > flushing realpage 2458, userpage 1, subpage 2458
pages           > flushing realpage 2459, userpage 1, subpage 2459
pages           > flushing realpage 2460, userpage 1, subpage 2460
pages           > flushing realpage 2461, userpage 1, subpage 2461
pages           > flushing realpage 2462, userpage 1, subpage 2462
pages           > flushing realpage 2463, userpage 1, subpage 2463
pages           > flushing realpage 2464, userpage 1, subpage 2464
pages           > flushing realpage 2465, userpage 1, subpage 2465
pages           > flushing realpage 2466, userpage 1, subpage 2466
pages           > flushing realpage 2467, userpage 1, subpage 2467
pages           > flushing realpage 2468, userpage 1, subpage 2468
pages           > flushing realpage 2469, userpage 1, subpage 2469
pages           > flushing realpage 2470, userpage 1, subpage 2470
pages           > flushing realpage 2471, userpage 1, subpage 2471
pages           > flushing realpage 2472, userpage 1, subpage 2472
pages           > flushing realpage 2473, userpage 1, subpage 2473
pages           > flushing realpage 2474, userpage 1, subpage 2474
pages           > flushing realpage 2475, userpage 1, subpage 2475
pages           > flushing realpage 2476, userpage 1, subpage 2476
pages           > flushing realpage 2477, userpage 1, subpage 2477
pages           > flushing realpage 2478, userpage 1, subpage 2478
pages           > flushing realpage 2479, userpage 1, subpage 2479
pages           > flushing realpage 2480, userpage 1, subpage 2480
pages           > flushing realpage 2481, userpage 1, subpage 2481
pages           > flushing realpage 2482, userpage 1, subpage 2482
pages           > flushing realpage 2483, userpage 1, subpage 2483
pages           > flushing realpage 2484, userpage 1, subpage 2484
pages           > flushing realpage 2485, userpage 1, subpage 2485
pages           > flushing realpage 2486, userpage 1, subpage 2486
pages           > flushing realpage 2487, userpage 1, subpage 2487
pages           > flushing realpage 2488, userpage 1, subpage 2488
pages           > flushing realpage 2489, userpage 1, subpage 2489
pages           > flushing realpage 2490, userpage 1, subpage 2490
pages           > flushing realpage 2491, userpage 1, subpage 2491
pages           > flushing realpage 2492, userpage 1, subpage 2492
pages           > flushing realpage 2493, userpage 1, subpage 2493
pages           > flushing realpage 2494, userpage 1, subpage 2494
pages           > flushing realpage 2495, userpage 1, subpage 2495
pages           > flushing realpage 2496, userpage 1, subpage 2496
pages           > flushing realpage 2497, userpage 1, subpage 2497
pages           > flushing realpage 2498, userpage 1, subpage 2498
pages           > flushing realpage 2499, userpage 1, subpage 2499
pages           > flushing realpage 2500, userpage 1, subpage 2500
pages           > flushing realpage 2501, userpage 1, subpage 2501
pages           > flushing realpage 2502, userpage 1, subpage 2502
pages           > flushing realpage 2503, userpage 1, subpage 2503
pages           > flushing realpage 2504, userpage 1, subpage 2504
pages           > flushing realpage 2505, userpage 1, subpage 2505
pages           > flushing realpage 2506, userpage 1, subpage 2506
pages           > flushing realpage 2507, userpage 1, subpage 2507
pages           > flushing realpage 2508, userpage 1, subpage 2508
pages           > flushing realpage 2509, userpage 1, subpage 2509
pages           > flushing realpage 2510, userpage 1, subpage 2510
pages           > flushing realpage 2511, userpage 1, subpage 2511
pages           > flushing realpage 2512, userpage 1, subpage 2512
pages           > flushing realpage 2513, userpage 1, subpage 2513
pages           > flushing realpage 2514, userpage 1, subpage 2514
pages           > flushing realpage 2515, userpage 1, subpage 2515
pages           > flushing realpage 2516, userpage 1, subpage 2516
pages           > flushing realpage 2517, userpage 1, subpage 2517
pages           > flushing realpage 2518, userpage 1, subpage 2518
pages           > flushing realpage 2519, userpage 1, subpage 2519
pages           > flushing realpage 2520, userpage 1, subpage 2520
pages           > flushing realpage 2521, userpage 1, subpage 2521
pages           > flushing realpage 2522, userpage 1, subpage 2522
pages           > flushing realpage 2523, userpage 1, subpage 2523
pages           > flushing realpage 2524, userpage 1, subpage 2524
pages           > flushing realpage 2525, userpage 1, subpage 2525
pages           > flushing realpage 2526, userpage 1, subpage 2526
pages           > flushing realpage 2527, userpage 1, subpage 2527
pages           > flushing realpage 2528, userpage 1, subpage 2528
pages           > flushing realpage 2529, userpage 1, subpage 2529
pages           > flushing realpage 2530, userpage 1, subpage 2530
pages           > flushing realpage 2531, userpage 1, subpage 2531
pages           > flushing realpage 2532, userpage 1, subpage 2532
pages           > flushing realpage 2533, userpage 1, subpage 2533
pages           > flushing realpage 2534, userpage 1, subpage 2534
pages           > flushing realpage 2535, userpage 1, subpage 2535
pages           > flushing realpage 2536, userpage 1, subpage 2536
pages           > flushing realpage 2537, userpage 1, subpage 2537
pages           > flushing realpage 2538, userpage 1, subpage 2538
pages           > flushing realpage 2539, userpage 1, subpage 2539
pages           > flushing realpage 2540, userpage 1, subpage 2540
pages           > flushing realpage 2541, userpage 1, subpage 2541
pages           > flushing realpage 2542, userpage 1, subpage 2542
pages           > flushing realpage 2543, userpage 1, subpage 2543
pages           > flushing realpage 2544, userpage 1, subpage 2544
pages           > flushing realpage 2545, userpage 1, subpage 2545
pages           > flushing realpage 2546, userpage 1, subpage 2546
pages           > flushing realpage 2547, userpage 1, subpage 2547
pages           > flushing realpage 2548, userpage 1, subpage 2548
pages           > flushing realpage 2549, userpage 1, subpage 2549
pages           > flushing realpage 2550, userpage 1, subpage 2550
pages           > flushing realpage 2551, userpage 1, subpage 2551
pages           > flushing realpage 2552, userpage 1, subpage 2552
pages           > flushing realpage 2553, userpage 1, subpage 2553
pages           > flushing realpage 2554, userpage 1, subpage 2554
pages           > flushing realpage 2555, userpage 1, subpage 2555
pages           > flushing realpage 2556, userpage 1, subpage 2556
pages           > flushing realpage 2557, userpage 1, subpage 2557
pages           > flushing realpage 2558, userpage 1, subpage 2558
pages           > flushing realpage 2559, userpage 1, subpage 2559
pages           > flushing realpage 2560, userpage 1, subpage 2560
pages           > flushing realpage 2561, userpage 1, subpage 2561
pages           > flushing realpage 2562, userpage 1, subpage 2562
pages           > flushing realpage 2563, userpage 1, subpage 2563
pages           > flushing realpage 2564, userpage 1, subpage 2564
pages           > flushing realpage 2565, userpage 1, subpage 2565
pages           > flushing realpage 2566, userpage 1, subpage 2566
pages           > flushing realpage 2567, userpage 1, subpage 2567
pages           > flushing realpage 2568, userpage 1, subpage 2568
pages           > flushing realpage 2569, userpage 1, subpage 2569
pages           > flushing realpage 2570, userpage 1, subpage 2570
pages           > flushing realpage 2571, userpage 1, subpage 2571
pages           > flushing realpage 2572, userpage 1, subpage 2572
pages           > flushing realpage 2573, userpage 1, subpage 2573
pages           > flushing realpage 2574, userpage 1, subpage 2574
pages           > flushing realpage 2575, userpage 1, subpage 2575
pages           > flushing realpage 2576, userpage 1, subpage 2576
pages           > flushing realpage 2577, userpage 1, subpage 2577
pages           > flushing realpage 2578, userpage 1, subpage 2578
pages           > flushing realpage 2579, userpage 1, subpage 2579
pages           > flushing realpage 2580, userpage 1, subpage 2580
pages           > flushing realpage 2581, userpage 1, subpage 2581
pages           > flushing realpage 2582, userpage 1, subpage 2582
pages           > flushing realpage 2583, userpage 1, subpage 2583
pages           > flushing realpage 2584, userpage 1, subpage 2584
pages           > flushing realpage 2585, userpage 1, subpage 2585
pages           > flushing realpage 2586, userpage 1, subpage 2586
pages           > flushing realpage 2587, userpage 1, subpage 2587
pages           > flushing realpage 2588, userpage 1, subpage 2588
pages           > flushing realpage 2589, userpage 1, subpage 2589
pages           > flushing realpage 2590, userpage 1, subpage 2590
pages           > flushing realpage 2591, userpage 1, subpage 2591
pages           > flushing realpage 2592, userpage 1, subpage 2592
pages           > flushing realpage 2593, userpage 1, subpage 2593
pages           > flushing realpage 2594, userpage 1, subpage 2594
pages           > flushing realpage 2595, userpage 1, subpage 2595
pages           > flushing realpage 2596, userpage 1, subpage 2596
pages           > flushing realpage 2597, userpage 1, subpage 2597
pages           > flushing realpage 2598, userpage 1, subpage 2598
pages           > flushing realpage 2599, userpage 1, subpage 2599
pages           > flushing realpage 2600, userpage 1, subpage 2600
pages           > flushing realpage 2601, userpage 1, subpage 2601
pages           > flushing realpage 2602, userpage 1, subpage 2602
pages           > flushing realpage 2603, userpage 1, subpage 2603
pages           > flushing realpage 2604, userpage 1, subpage 2604
pages           > flushing realpage 2605, userpage 1, subpage 2605
pages           > flushing realpage 2606, userpage 1, subpage 2606
pages           > flushing realpage 2607, userpage 1, subpage 2607
pages           > flushing realpage 2608, userpage 1, subpage 2608
pages           > flushing realpage 2609, userpage 1, subpage 2609
pages           > flushing realpage 2610, userpage 1, subpage 2610
pages           > flushing realpage 2611, userpage 1, subpage 2611
pages           > flushing realpage 2612, userpage 1, subpage 2612
pages           > flushing realpage 2613, userpage 1, subpage 2613
pages           > flushing realpage 2614, userpage 1, subpage 2614
pages           > flushing realpage 2615, userpage 1, subpage 2615
pages           > flushing realpage 2616, userpage 1, subpage 2616
pages           > flushing realpage 2617, userpage 1, subpage 2617
pages           > flushing realpage 2618, userpage 1, subpage 2618
pages           > flushing realpage 2619, userpage 1, subpage 2619
pages           > flushing realpage 2620, userpage 1, subpage 2620
pages           > flushing realpage 2621, userpage 1, subpage 2621
pages           > flushing realpage 2622, userpage 1, subpage 2622
pages           > flushing realpage 2623, userpage 1, subpage 2623
pages           > flushing realpage 2624, userpage 1, subpage 2624
pages           > flushing realpage 2625, userpage 1, subpage 2625
pages           > flushing realpage 2626, userpage 1, subpage 2626
pages           > flushing realpage 2627, userpage 1, subpage 2627
pages           > flushing realpage 2628, userpage 1, subpage 2628
pages           > flushing realpage 2629, userpage 1, subpage 2629
pages           > flushing realpage 2630, userpage 1, subpage 2630
pages           > flushing realpage 2631, userpage 1, subpage 2631
pages           > flushing realpage 2632, userpage 1, subpage 2632
pages           > flushing realpage 2633, userpage 1, subpage 2633
pages           > flushing realpage 2634, userpage 1, subpage 2634
pages           > flushing realpage 2635, userpage 1, subpage 2635
pages           > flushing realpage 2636, userpage 1, subpage 2636
pages           > flushing realpage 2637, userpage 1, subpage 2637
pages           > flushing realpage 2638, userpage 1, subpage 2638
pages           > flushing realpage 2639, userpage 1, subpage 2639
pages           > flushing realpage 2640, userpage 1, subpage 2640
pages           > flushing realpage 2641, userpage 1, subpage 2641
pages           > flushing realpage 2642, userpage 1, subpage 2642
pages           > flushing realpage 2643, userpage 1, subpage 2643
pages           > flushing realpage 2644, userpage 1, subpage 2644
pages           > flushing realpage 2645, userpage 1, subpage 2645
pages           > flushing realpage 2646, userpage 1, subpage 2646
pages           > flushing realpage 2647, userpage 1, subpage 2647
pages           > flushing realpage 2648, userpage 1, subpage 2648
pages           > flushing realpage 2649, userpage 1, subpage 2649
pages           > flushing realpage 2650, userpage 1, subpage 2650
pages           > flushing realpage 2651, userpage 1, subpage 2651
pages           > flushing realpage 2652, userpage 1, subpage 2652
pages           > flushing realpage 2653, userpage 1, subpage 2653
pages           > flushing realpage 2654, userpage 1, subpage 2654
pages           > flushing realpage 2655, userpage 1, subpage 2655
pages           > flushing realpage 2656, userpage 1, subpage 2656
pages           > flushing realpage 2657, userpage 1, subpage 2657
pages           > flushing realpage 2658, userpage 1, subpage 2658
pages           > flushing realpage 2659, userpage 1, subpage 2659
pages           > flushing realpage 2660, userpage 1, subpage 2660
pages           > flushing realpage 2661, userpage 1, subpage 2661
pages           > flushing realpage 2662, userpage 1, subpage 2662
pages           > flushing realpage 2663, userpage 1, subpage 2663
pages           > flushing realpage 2664, userpage 1, subpage 2664
pages           > flushing realpage 2665, userpage 1, subpage 2665
pages           > flushing realpage 2666, userpage 1, subpage 2666
pages           > flushing realpage 2667, userpage 1, subpage 2667
pages           > flushing realpage 2668, userpage 1, subpage 2668
pages           > flushing realpage 2669, userpage 1, subpage 2669
pages           > flushing realpage 2670, userpage 1, subpage 2670
pages           > flushing realpage 2671, userpage 1, subpage 2671
pages           > flushing realpage 2672, userpage 1, subpage 2672
pages           > flushing realpage 2673, userpage 1, subpage 2673
pages           > flushing realpage 2674, userpage 1, subpage 2674
pages           > flushing realpage 2675, userpage 1, subpage 2675
pages           > flushing realpage 2676, userpage 1, subpage 2676
pages           > flushing realpage 2677, userpage 1, subpage 2677
pages           > flushing realpage 2678, userpage 1, subpage 2678
pages           > flushing realpage 2679, userpage 1, subpage 2679
pages           > flushing realpage 2680, userpage 1, subpage 2680
pages           > flushing realpage 2681, userpage 1, subpage 2681
pages           > flushing realpage 2682, userpage 1, subpage 2682
pages           > flushing realpage 2683, userpage 1, subpage 2683
pages           > flushing realpage 2684, userpage 1, subpage 2684
pages           > flushing realpage 2685, userpage 1, subpage 2685
pages           > flushing realpage 2686, userpage 1, subpage 2686
pages           > flushing realpage 2687, userpage 1, subpage 2687
pages           > flushing realpage 2688, userpage 1, subpage 2688
pages           > flushing realpage 2689, userpage 1, subpage 2689
pages           > flushing realpage 2690, userpage 1, subpage 2690
pages           > flushing realpage 2691, userpage 1, subpage 2691
pages           > flushing realpage 2692, userpage 1, subpage 2692
pages           > flushing realpage 2693, userpage 1, subpage 2693
pages           > flushing realpage 2694, userpage 1, subpage 2694
pages           > flushing realpage 2695, userpage 1, subpage 2695
pages           > flushing realpage 2696, userpage 1, subpage 2696
pages           > flushing realpage 2697, userpage 1, subpage 2697
pages           > flushing realpage 2698, userpage 1, subpage 2698
pages           > flushing realpage 2699, userpage 1, subpage 2699
pages           > flushing realpage 2700, userpage 1, subpage 2700
pages           > flushing realpage 2701, userpage 1, subpage 2701
pages           > flushing realpage 2702, userpage 1, subpage 2702
pages           > flushing realpage 2703, userpage 1, subpage 2703
pages           > flushing realpage 2704, userpage 1, subpage 2704
pages           > flushing realpage 2705, userpage 1, subpage 2705
pages           > flushing realpage 2706, userpage 1, subpage 2706
pages           > flushing realpage 2707, userpage 1, subpage 2707
pages           > flushing realpage 2708, userpage 1, subpage 2708
pages           > flushing realpage 2709, userpage 1, subpage 2709
pages           > flushing realpage 2710, userpage 1, subpage 2710
pages           > flushing realpage 2711, userpage 1, subpage 2711
pages           > flushing realpage 2712, userpage 1, subpage 2712
pages           > flushing realpage 2713, userpage 1, subpage 2713
pages           > flushing realpage 2714, userpage 1, subpage 2714
pages           > flushing realpage 2715, userpage 1, subpage 2715
pages           > flushing realpage 2716, userpage 1, subpage 2716
pages           > flushing realpage 2717, userpage 1, subpage 2717
pages           > flushing realpage 2718, userpage 1, subpage 2718
pages           > flushing realpage 2719, userpage 1, subpage 2719
pages           > flushing realpage 2720, userpage 1, subpage 2720
pages           > flushing realpage 2721, userpage 1, subpage 2721
pages           > flushing realpage 2722, userpage 1, subpage 2722
pages           > flushing realpage 2723, userpage 1, subpage 2723
pages           > flushing realpage 2724, userpage 1, subpage 2724
pages           > flushing realpage 2725, userpage 1, subpage 2725
pages           > flushing realpage 2726, userpage 1, subpage 2726
pages           > flushing realpage 2727, userpage 1, subpage 2727
pages           > flushing realpage 2728, userpage 1, subpage 2728
pages           > flushing realpage 2729, userpage 1, subpage 2729
pages           > flushing realpage 2730, userpage 1, subpage 2730
pages           > flushing realpage 2731, userpage 1, subpage 2731
pages           > flushing realpage 2732, userpage 1, subpage 2732
pages           > flushing realpage 2733, userpage 1, subpage 2733
pages           > flushing realpage 2734, userpage 1, subpage 2734
pages           > flushing realpage 2735, userpage 1, subpage 2735
pages           > flushing realpage 2736, userpage 1, subpage 2736
pages           > flushing realpage 2737, userpage 1, subpage 2737
pages           > flushing realpage 2738, userpage 1, subpage 2738
pages           > flushing realpage 2739, userpage 1, subpage 2739
pages           > flushing realpage 2740, userpage 1, subpage 2740
pages           > flushing realpage 2741, userpage 1, subpage 2741
pages           > flushing realpage 2742, userpage 1, subpage 2742
pages           > flushing realpage 2743, userpage 1, subpage 2743
pages           > flushing realpage 2744, userpage 1, subpage 2744
pages           > flushing realpage 2745, userpage 1, subpage 2745
pages           > flushing realpage 2746, userpage 1, subpage 2746
pages           > flushing realpage 2747, userpage 1, subpage 2747
pages           > flushing realpage 2748, userpage 1, subpage 2748
pages           > flushing realpage 2749, userpage 1, subpage 2749
pages           > flushing realpage 2750, userpage 1, subpage 2750
pages           > flushing realpage 2751, userpage 1, subpage 2751
pages           > flushing realpage 2752, userpage 1, subpage 2752
pages           > flushing realpage 2753, userpage 1, subpage 2753
pages           > flushing realpage 2754, userpage 1, subpage 2754
pages           > flushing realpage 2755, userpage 1, subpage 2755
pages           > flushing realpage 2756, userpage 1, subpage 2756
pages           > flushing realpage 2757, userpage 1, subpage 2757
pages           > flushing realpage 2758, userpage 1, subpage 2758
pages           > flushing realpage 2759, userpage 1, subpage 2759
pages           > flushing realpage 2760, userpage 1, subpage 2760
pages           > flushing realpage 2761, userpage 1, subpage 2761
pages           > flushing realpage 2762, userpage 1, subpage 2762
pages           > flushing realpage 2763, userpage 1, subpage 2763
pages           > flushing realpage 2764, userpage 1, subpage 2764
pages           > flushing realpage 2765, userpage 1, subpage 2765
pages           > flushing realpage 2766, userpage 1, subpage 2766
pages           > flushing realpage 2767, userpage 1, subpage 2767
pages           > flushing realpage 2768, userpage 1, subpage 2768
pages           > flushing realpage 2769, userpage 1, subpage 2769
pages           > flushing realpage 2770, userpage 1, subpage 2770
pages           > flushing realpage 2771, userpage 1, subpage 2771
pages           > flushing realpage 2772, userpage 1, subpage 2772
pages           > flushing realpage 2773, userpage 1, subpage 2773
pages           > flushing realpage 2774, userpage 1, subpage 2774
pages           > flushing realpage 2775, userpage 1, subpage 2775
pages           > flushing realpage 2776, userpage 1, subpage 2776
pages           > flushing realpage 2777, userpage 1, subpage 2777
pages           > flushing realpage 2778, userpage 1, subpage 2778
pages           > flushing realpage 2779, userpage 1, subpage 2779
pages           > flushing realpage 2780, userpage 1, subpage 2780
pages           > flushing realpage 2781, userpage 1, subpage 2781
pages           > flushing realpage 2782, userpage 1, subpage 2782
pages           > flushing realpage 2783, userpage 1, subpage 2783
pages           > flushing realpage 2784, userpage 1, subpage 2784
pages           > flushing realpage 2785, userpage 1, subpage 2785
pages           > flushing realpage 2786, userpage 1, subpage 2786
pages           > flushing realpage 2787, userpage 1, subpage 2787
pages           > flushing realpage 2788, userpage 1, subpage 2788
pages           > flushing realpage 2789, userpage 1, subpage 2789
pages           > flushing realpage 2790, userpage 1, subpage 2790
pages           > flushing realpage 2791, userpage 1, subpage 2791
pages           > flushing realpage 2792, userpage 1, subpage 2792
pages           > flushing realpage 2793, userpage 1, subpage 2793
pages           > flushing realpage 2794, userpage 1, subpage 2794
pages           > flushing realpage 2795, userpage 1, subpage 2795
pages           > flushing realpage 2796, userpage 1, subpage 2796
pages           > flushing realpage 2797, userpage 1, subpage 2797
pages           > flushing realpage 2798, userpage 1, subpage 2798
pages           > flushing realpage 2799, userpage 1, subpage 2799
pages           > flushing realpage 2800, userpage 1, subpage 2800
pages           > flushing realpage 2801, userpage 1, subpage 2801
pages           > flushing realpage 2802, userpage 1, subpage 2802
pages           > flushing realpage 2803, userpage 1, subpage 2803
pages           > flushing realpage 2804, userpage 1, subpage 2804
pages           > flushing realpage 2805, userpage 1, subpage 2805
pages           > flushing realpage 2806, userpage 1, subpage 2806
pages           > flushing realpage 2807, userpage 1, subpage 2807
pages           > flushing realpage 2808, userpage 1, subpage 2808
pages           > flushing realpage 2809, userpage 1, subpage 2809
pages           > flushing realpage 2810, userpage 1, subpage 2810
pages           > flushing realpage 2811, userpage 1, subpage 2811
pages           > flushing realpage 2812, userpage 1, subpage 2812
pages           > flushing realpage 2813, userpage 1, subpage 2813
pages           > flushing realpage 2814, userpage 1, subpage 2814
pages           > flushing realpage 2815, userpage 1, subpage 2815
pages           > flushing realpage 2816, userpage 1, subpage 2816
pages           > flushing realpage 2817, userpage 1, subpage 2817
pages           > flushing realpage 2818, userpage 1, subpage 2818
pages           > flushing realpage 2819, userpage 1, subpage 2819
pages           > flushing realpage 2820, userpage 1, subpage 2820
pages           > flushing realpage 2821, userpage 1, subpage 2821
pages           > flushing realpage 2822, userpage 1, subpage 2822
pages           > flushing realpage 2823, userpage 1, subpage 2823
pages           > flushing realpage 2824, userpage 1, subpage 2824
pages           > flushing realpage 2825, userpage 1, subpage 2825
pages           > flushing realpage 2826, userpage 1, subpage 2826
pages           > flushing realpage 2827, userpage 1, subpage 2827
pages           > flushing realpage 2828, userpage 1, subpage 2828
pages           > flushing realpage 2829, userpage 1, subpage 2829
pages           > flushing realpage 2830, userpage 1, subpage 2830
pages           > flushing realpage 2831, userpage 1, subpage 2831
pages           > flushing realpage 2832, userpage 1, subpage 2832
pages           > flushing realpage 2833, userpage 1, subpage 2833
pages           > flushing realpage 2834, userpage 1, subpage 2834
pages           > flushing realpage 2835, userpage 1, subpage 2835
pages           > flushing realpage 2836, userpage 1, subpage 2836
pages           > flushing realpage 2837, userpage 1, subpage 2837
pages           > flushing realpage 2838, userpage 1, subpage 2838
pages           > flushing realpage 2839, userpage 1, subpage 2839
pages           > flushing realpage 2840, userpage 1, subpage 2840
pages           > flushing realpage 2841, userpage 1, subpage 2841
pages           > flushing realpage 2842, userpage 1, subpage 2842
pages           > flushing realpage 2843, userpage 1, subpage 2843
pages           > flushing realpage 2844, userpage 1, subpage 2844
pages           > flushing realpage 2845, userpage 1, subpage 2845
pages           > flushing realpage 2846, userpage 1, subpage 2846
pages           > flushing realpage 2847, userpage 1, subpage 2847
pages           > flushing realpage 2848, userpage 1, subpage 2848
pages           > flushing realpage 2849, userpage 1, subpage 2849
pages           > flushing realpage 2850, userpage 1, subpage 2850
pages           > flushing realpage 2851, userpage 1, subpage 2851
pages           > flushing realpage 2852, userpage 1, subpage 2852
pages           > flushing realpage 2853, userpage 1, subpage 2853
pages           > flushing realpage 2854, userpage 1, subpage 2854
pages           > flushing realpage 2855, userpage 1, subpage 2855
pages           > flushing realpage 2856, userpage 1, subpage 2856
pages           > flushing realpage 2857, userpage 1, subpage 2857
pages           > flushing realpage 2858, userpage 1, subpage 2858
pages           > flushing realpage 2859, userpage 1, subpage 2859
pages           > flushing realpage 2860, userpage 1, subpage 2860
pages           > flushing realpage 2861, userpage 1, subpage 2861
pages           > flushing realpage 2862, userpage 1, subpage 2862
pages           > flushing realpage 2863, userpage 1, subpage 2863
pages           > flushing realpage 2864, userpage 1, subpage 2864
pages           > flushing realpage 2865, userpage 1, subpage 2865
pages           > flushing realpage 2866, userpage 1, subpage 2866
pages           > flushing realpage 2867, userpage 1, subpage 2867
pages           > flushing realpage 2868, userpage 1, subpage 2868
pages           > flushing realpage 2869, userpage 1, subpage 2869
pages           > flushing realpage 2870, userpage 1, subpage 2870
pages           > flushing realpage 2871, userpage 1, subpage 2871
pages           > flushing realpage 2872, userpage 1, subpage 2872
pages           > flushing realpage 2873, userpage 1, subpage 2873
pages           > flushing realpage 2874, userpage 1, subpage 2874
pages           > flushing realpage 2875, userpage 1, subpage 2875
pages           > flushing realpage 2876, userpage 1, subpage 2876
pages           > flushing realpage 2877, userpage 1, subpage 2877
pages           > flushing realpage 2878, userpage 1, subpage 2878
pages           > flushing realpage 2879, userpage 1, subpage 2879
pages           > flushing realpage 2880, userpage 1, subpage 2880
pages           > flushing realpage 2881, userpage 1, subpage 2881
pages           > flushing realpage 2882, userpage 1, subpage 2882
pages           > flushing realpage 2883, userpage 1, subpage 2883
pages           > flushing realpage 2884, userpage 1, subpage 2884
pages           > flushing realpage 2885, userpage 1, subpage 2885
pages           > flushing realpage 2886, userpage 1, subpage 2886
pages           > flushing realpage 2887, userpage 1, subpage 2887
pages           > flushing realpage 2888, userpage 1, subpage 2888
pages           > flushing realpage 2889, userpage 1, subpage 2889
pages           > flushing realpage 2890, userpage 1, subpage 2890
pages           > flushing realpage 2891, userpage 1, subpage 2891
pages           > flushing realpage 2892, userpage 1, subpage 2892
pages           > flushing realpage 2893, userpage 1, subpage 2893
pages           > flushing realpage 2894, userpage 1, subpage 2894
pages           > flushing realpage 2895, userpage 1, subpage 2895
pages           > flushing realpage 2896, userpage 1, subpage 2896
pages           > flushing realpage 2897, userpage 1, subpage 2897
pages           > flushing realpage 2898, userpage 1, subpage 2898
pages           > flushing realpage 2899, userpage 1, subpage 2899
pages           > flushing realpage 2900, userpage 1, subpage 2900
pages           > flushing realpage 2901, userpage 1, subpage 2901
pages           > flushing realpage 2902, userpage 1, subpage 2902
pages           > flushing realpage 2903, userpage 1, subpage 2903
pages           > flushing realpage 2904, userpage 1, subpage 2904
pages           > flushing realpage 2905, userpage 1, subpage 2905
pages           > flushing realpage 2906, userpage 1, subpage 2906
pages           > flushing realpage 2907, userpage 1, subpage 2907
pages           > flushing realpage 2908, userpage 1, subpage 2908
pages           > flushing realpage 2909, userpage 1, subpage 2909
pages           > flushing realpage 2910, userpage 1, subpage 2910
pages           > flushing realpage 2911, userpage 1, subpage 2911
pages           > flushing realpage 2912, userpage 1, subpage 2912
pages           > flushing realpage 2913, userpage 1, subpage 2913
pages           > flushing realpage 2914, userpage 1, subpage 2914
pages           > flushing realpage 2915, userpage 1, subpage 2915
pages           > flushing realpage 2916, userpage 1, subpage 2916
pages           > flushing realpage 2917, userpage 1, subpage 2917
pages           > flushing realpage 2918, userpage 1, subpage 2918
pages           > flushing realpage 2919, userpage 1, subpage 2919
pages           > flushing realpage 2920, userpage 1, subpage 2920
pages           > flushing realpage 2921, userpage 1, subpage 2921
pages           > flushing realpage 2922, userpage 1, subpage 2922
pages           > flushing realpage 2923, userpage 1, subpage 2923
pages           > flushing realpage 2924, userpage 1, subpage 2924
pages           > flushing realpage 2925, userpage 1, subpage 2925
pages           > flushing realpage 2926, userpage 1, subpage 2926
pages           > flushing realpage 2927, userpage 1, subpage 2927
pages           > flushing realpage 2928, userpage 1, subpage 2928
pages           > flushing realpage 2929, userpage 1, subpage 2929
pages           > flushing realpage 2930, userpage 1, subpage 2930
pages           > flushing realpage 2931, userpage 1, subpage 2931
pages           > flushing realpage 2932, userpage 1, subpage 2932
pages           > flushing realpage 2933, userpage 1, subpage 2933
pages           > flushing realpage 2934, userpage 1, subpage 2934
pages           > flushing realpage 2935, userpage 1, subpage 2935
pages           > flushing realpage 2936, userpage 1, subpage 2936
pages           > flushing realpage 2937, userpage 1, subpage 2937
pages           > flushing realpage 2938, userpage 1, subpage 2938
pages           > flushing realpage 2939, userpage 1, subpage 2939
pages           > flushing realpage 2940, userpage 1, subpage 2940
pages           > flushing realpage 2941, userpage 1, subpage 2941
pages           > flushing realpage 2942, userpage 1, subpage 2942
pages           > flushing realpage 2943, userpage 1, subpage 2943
pages           > flushing realpage 2944, userpage 1, subpage 2944
pages           > flushing realpage 2945, userpage 1, subpage 2945
pages           > flushing realpage 2946, userpage 1, subpage 2946
pages           > flushing realpage 2947, userpage 1, subpage 2947
pages           > flushing realpage 2948, userpage 1, subpage 2948
pages           > flushing realpage 2949, userpage 1, subpage 2949
pages           > flushing realpage 2950, userpage 1, subpage 2950
pages           > flushing realpage 2951, userpage 1, subpage 2951
pages           > flushing realpage 2952, userpage 1, subpage 2952
pages           > flushing realpage 2953, userpage 1, subpage 2953
pages           > flushing realpage 2954, userpage 1, subpage 2954
pages           > flushing realpage 2955, userpage 1, subpage 2955
pages           > flushing realpage 2956, userpage 1, subpage 2956
pages           > flushing realpage 2957, userpage 1, subpage 2957
pages           > flushing realpage 2958, userpage 1, subpage 2958
pages           > flushing realpage 2959, userpage 1, subpage 2959
pages           > flushing realpage 2960, userpage 1, subpage 2960
pages           > flushing realpage 2961, userpage 1, subpage 2961
pages           > flushing realpage 2962, userpage 1, subpage 2962
pages           > flushing realpage 2963, userpage 1, subpage 2963
pages           > flushing realpage 2964, userpage 1, subpage 2964
pages           > flushing realpage 2965, userpage 1, subpage 2965
pages           > flushing realpage 2966, userpage 1, subpage 2966
pages           > flushing realpage 2967, userpage 1, subpage 2967
pages           > flushing realpage 2968, userpage 1, subpage 2968
pages           > flushing realpage 2969, userpage 1, subpage 2969
pages           > flushing realpage 2970, userpage 1, subpage 2970
pages           > flushing realpage 2971, userpage 1, subpage 2971
pages           > flushing realpage 2972, userpage 1, subpage 2972
pages           > flushing realpage 2973, userpage 1, subpage 2973
pages           > flushing realpage 2974, userpage 1, subpage 2974
pages           > flushing realpage 2975, userpage 1, subpage 2975
pages           > flushing realpage 2976, userpage 1, subpage 2976
pages           > flushing realpage 2977, userpage 1, subpage 2977
pages           > flushing realpage 2978, userpage 1, subpage 2978
pages           > flushing realpage 2979, userpage 1, subpage 2979
pages           > flushing realpage 2980, userpage 1, subpage 2980
pages           > flushing realpage 2981, userpage 1, subpage 2981
pages           > flushing realpage 2982, userpage 1, subpage 2982
pages           > flushing realpage 2983, userpage 1, subpage 2983
pages           > flushing realpage 2984, userpage 1, subpage 2984
pages           > flushing realpage 2985, userpage 1, subpage 2985
pages           > flushing realpage 2986, userpage 1, subpage 2986
pages           > flushing realpage 2987, userpage 1, subpage 2987
pages           > flushing realpage 2988, userpage 1, subpage 2988
pages           > flushing realpage 2989, userpage 1, subpage 2989
pages           > flushing realpage 2990, userpage 1, subpage 2990
pages           > flushing realpage 2991, userpage 1, subpage 2991
pages           > flushing realpage 2992, userpage 1, subpage 2992
pages           > flushing realpage 2993, userpage 1, subpage 2993
pages           > flushing realpage 2994, userpage 1, subpage 2994
pages           > flushing realpage 2995, userpage 1, subpage 2995
pages           > flushing realpage 2996, userpage 1, subpage 2996
pages           > flushing realpage 2997, userpage 1, subpage 2997
pages           > flushing realpage 2998, userpage 1, subpage 2998
pages           > flushing realpage 2999, userpage 1, subpage 2999
pages           > flushing realpage 3000, userpage 1, subpage 3000
pages           > flushing realpage 3001, userpage 1, subpage 3001
pages           > flushing realpage 3002, userpage 1, subpage 3002
pages           > flushing realpage 3003, userpage 1, subpage 3003
pages           > flushing realpage 3004, userpage 1, subpage 3004
pages           > flushing realpage 3005, userpage 1, subpage 3005
pages           > flushing realpage 3006, userpage 1, subpage 3006
pages           > flushing realpage 3007, userpage 1, subpage 3007
pages           > flushing realpage 3008, userpage 1, subpage 3008
pages           > flushing realpage 3009, userpage 1, subpage 3009
pages           > flushing realpage 3010, userpage 1, subpage 3010
pages           > flushing realpage 3011, userpage 1, subpage 3011
pages           > flushing realpage 3012, userpage 1, subpage 3012
pages           > flushing realpage 3013, userpage 1, subpage 3013
pages           > flushing realpage 3014, userpage 1, subpage 3014
pages           > flushing realpage 3015, userpage 1, subpage 3015
pages           > flushing realpage 3016, userpage 1, subpage 3016
pages           > flushing realpage 3017, userpage 1, subpage 3017
pages           > flushing realpage 3018, userpage 1, subpage 3018
pages           > flushing realpage 3019, userpage 1, subpage 3019
pages           > flushing realpage 3020, userpage 1, subpage 3020
pages           > flushing realpage 3021, userpage 1, subpage 3021
pages           > flushing realpage 3022, userpage 1, subpage 3022
pages           > flushing realpage 3023, userpage 1, subpage 3023
pages           > flushing realpage 3024, userpage 1, subpage 3024
pages           > flushing realpage 3025, userpage 1, subpage 3025
pages           > flushing realpage 3026, userpage 1, subpage 3026
pages           > flushing realpage 3027, userpage 1, subpage 3027
pages           > flushing realpage 3028, userpage 1, subpage 3028
pages           > flushing realpage 3029, userpage 1, subpage 3029
pages           > flushing realpage 3030, userpage 1, subpage 3030
pages           > flushing realpage 3031, userpage 1, subpage 3031
pages           > flushing realpage 3032, userpage 1, subpage 3032
pages           > flushing realpage 3033, userpage 1, subpage 3033
pages           > flushing realpage 3034, userpage 1, subpage 3034
pages           > flushing realpage 3035, userpage 1, subpage 3035
pages           > flushing realpage 3036, userpage 1, subpage 3036
pages           > flushing realpage 3037, userpage 1, subpage 3037
pages           > flushing realpage 3038, userpage 1, subpage 3038
pages           > flushing realpage 3039, userpage 1, subpage 3039
pages           > flushing realpage 3040, userpage 1, subpage 3040
pages           > flushing realpage 3041, userpage 1, subpage 3041
pages           > flushing realpage 3042, userpage 1, subpage 3042
pages           > flushing realpage 3043, userpage 1, subpage 3043
pages           > flushing realpage 3044, userpage 1, subpage 3044
pages           > flushing realpage 3045, userpage 1, subpage 3045
pages           > flushing realpage 3046, userpage 1, subpage 3046
pages           > flushing realpage 3047, userpage 1, subpage 3047
pages           > flushing realpage 3048, userpage 1, subpage 3048
pages           > flushing realpage 3049, userpage 1, subpage 3049
pages           > flushing realpage 3050, userpage 1, subpage 3050
pages           > flushing realpage 3051, userpage 1, subpage 3051
pages           > flushing realpage 3052, userpage 1, subpage 3052
pages           > flushing realpage 3053, userpage 1, subpage 3053
pages           > flushing realpage 3054, userpage 1, subpage 3054
pages           > flushing realpage 3055, userpage 1, subpage 3055
pages           > flushing realpage 3056, userpage 1, subpage 3056
pages           > flushing realpage 3057, userpage 1, subpage 3057
pages           > flushing realpage 3058, userpage 1, subpage 3058
pages           > flushing realpage 3059, userpage 1, subpage 3059
pages           > flushing realpage 3060, userpage 1, subpage 3060
pages           > flushing realpage 3061, userpage 1, subpage 3061
pages           > flushing realpage 3062, userpage 1, subpage 3062
pages           > flushing realpage 3063, userpage 1, subpage 3063
pages           > flushing realpage 3064, userpage 1, subpage 3064
pages           > flushing realpage 3065, userpage 1, subpage 3065
pages           > flushing realpage 3066, userpage 1, subpage 3066
pages           > flushing realpage 3067, userpage 1, subpage 3067
pages           > flushing realpage 3068, userpage 1, subpage 3068
pages           > flushing realpage 3069, userpage 1, subpage 3069
pages           > flushing realpage 3070, userpage 1, subpage 3070
pages           > flushing realpage 3071, userpage 1, subpage 3071
pages           > flushing realpage 3072, userpage 1, subpage 3072
pages           > flushing realpage 3073, userpage 1, subpage 3073
pages           > flushing realpage 3074, userpage 1, subpage 3074
pages           > flushing realpage 3075, userpage 1, subpage 3075
pages           > flushing realpage 3076, userpage 1, subpage 3076
pages           > flushing realpage 3077, userpage 1, subpage 3077
pages           > flushing realpage 3078, userpage 1, subpage 3078
pages           > flushing realpage 3079, userpage 1, subpage 3079
pages           > flushing realpage 3080, userpage 1, subpage 3080
pages           > flushing realpage 3081, userpage 1, subpage 3081
pages           > flushing realpage 3082, userpage 1, subpage 3082
pages           > flushing realpage 3083, userpage 1, subpage 3083
pages           > flushing realpage 3084, userpage 1, subpage 3084
pages           > flushing realpage 3085, userpage 1, subpage 3085
pages           > flushing realpage 3086, userpage 1, subpage 3086
pages           > flushing realpage 3087, userpage 1, subpage 3087
pages           > flushing realpage 3088, userpage 1, subpage 3088
pages           > flushing realpage 3089, userpage 1, subpage 3089
pages           > flushing realpage 3090, userpage 1, subpage 3090
pages           > flushing realpage 3091, userpage 1, subpage 3091
pages           > flushing realpage 3092, userpage 1, subpage 3092
pages           > flushing realpage 3093, userpage 1, subpage 3093
pages           > flushing realpage 3094, userpage 1, subpage 3094
pages           > flushing realpage 3095, userpage 1, subpage 3095
pages           > flushing realpage 3096, userpage 1, subpage 3096
pages           > flushing realpage 3097, userpage 1, subpage 3097
pages           > flushing realpage 3098, userpage 1, subpage 3098
pages           > flushing realpage 3099, userpage 1, subpage 3099
pages           > flushing realpage 3100, userpage 1, subpage 3100
pages           > flushing realpage 3101, userpage 1, subpage 3101
pages           > flushing realpage 3102, userpage 1, subpage 3102
pages           > flushing realpage 3103, userpage 1, subpage 3103
pages           > flushing realpage 3104, userpage 1, subpage 3104
pages           > flushing realpage 3105, userpage 1, subpage 3105
pages           > flushing realpage 3106, userpage 1, subpage 3106
pages           > flushing realpage 3107, userpage 1, subpage 3107
pages           > flushing realpage 3108, userpage 1, subpage 3108
pages           > flushing realpage 3109, userpage 1, subpage 3109
pages           > flushing realpage 3110, userpage 1, subpage 3110
pages           > flushing realpage 3111, userpage 1, subpage 3111
pages           > flushing realpage 3112, userpage 1, subpage 3112
pages           > flushing realpage 3113, userpage 1, subpage 3113
pages           > flushing realpage 3114, userpage 1, subpage 3114
pages           > flushing realpage 3115, userpage 1, subpage 3115
pages           > flushing realpage 3116, userpage 1, subpage 3116
pages           > flushing realpage 3117, userpage 1, subpage 3117
pages           > flushing realpage 3118, userpage 1, subpage 3118
pages           > flushing realpage 3119, userpage 1, subpage 3119
pages           > flushing realpage 3120, userpage 1, subpage 3120
pages           > flushing realpage 3121, userpage 1, subpage 3121
pages           > flushing realpage 3122, userpage 1, subpage 3122
pages           > flushing realpage 3123, userpage 1, subpage 3123
pages           > flushing realpage 3124, userpage 1, subpage 3124
pages           > flushing realpage 3125, userpage 1, subpage 3125
pages           > flushing realpage 3126, userpage 1, subpage 3126
pages           > flushing realpage 3127, userpage 1, subpage 3127
pages           > flushing realpage 3128, userpage 1, subpage 3128
pages           > flushing realpage 3129, userpage 1, subpage 3129
pages           > flushing realpage 3130, userpage 1, subpage 3130
pages           > flushing realpage 3131, userpage 1, subpage 3131
pages           > flushing realpage 3132, userpage 1, subpage 3132
pages           > flushing realpage 3133, userpage 1, subpage 3133
pages           > flushing realpage 3134, userpage 1, subpage 3134
pages           > flushing realpage 3135, userpage 1, subpage 3135
pages           > flushing realpage 3136, userpage 1, subpage 3136
pages           > flushing realpage 3137, userpage 1, subpage 3137
pages           > flushing realpage 3138, userpage 1, subpage 3138
pages           > flushing realpage 3139, userpage 1, subpage 3139
pages           > flushing realpage 3140, userpage 1, subpage 3140
pages           > flushing realpage 3141, userpage 1, subpage 3141
pages           > flushing realpage 3142, userpage 1, subpage 3142
pages           > flushing realpage 3143, userpage 1, subpage 3143
pages           > flushing realpage 3144, userpage 1, subpage 3144
pages           > flushing realpage 3145, userpage 1, subpage 3145
pages           > flushing realpage 3146, userpage 1, subpage 3146
pages           > flushing realpage 3147, userpage 1, subpage 3147
pages           > flushing realpage 3148, userpage 1, subpage 3148
pages           > flushing realpage 3149, userpage 1, subpage 3149
pages           > flushing realpage 3150, userpage 1, subpage 3150
pages           > flushing realpage 3151, userpage 1, subpage 3151
pages           > flushing realpage 3152, userpage 1, subpage 3152
pages           > flushing realpage 3153, userpage 1, subpage 3153
pages           > flushing realpage 3154, userpage 1, subpage 3154
pages           > flushing realpage 3155, userpage 1, subpage 3155
pages           > flushing realpage 3156, userpage 1, subpage 3156
pages           > flushing realpage 3157, userpage 1, subpage 3157
pages           > flushing realpage 3158, userpage 1, subpage 3158
pages           > flushing realpage 3159, userpage 1, subpage 3159
pages           > flushing realpage 3160, userpage 1, subpage 3160
pages           > flushing realpage 3161, userpage 1, subpage 3161
pages           > flushing realpage 3162, userpage 1, subpage 3162
pages           > flushing realpage 3163, userpage 1, subpage 3163
pages           > flushing realpage 3164, userpage 1, subpage 3164
pages           > flushing realpage 3165, userpage 1, subpage 3165
pages           > flushing realpage 3166, userpage 1, subpage 3166
pages           > flushing realpage 3167, userpage 1, subpage 3167
pages           > flushing realpage 3168, userpage 1, subpage 3168
pages           > flushing realpage 3169, userpage 1, subpage 3169
pages           > flushing realpage 3170, userpage 1, subpage 3170
pages           > flushing realpage 3171, userpage 1, subpage 3171
pages           > flushing realpage 3172, userpage 1, subpage 3172
pages           > flushing realpage 3173, userpage 1, subpage 3173
pages           > flushing realpage 3174, userpage 1, subpage 3174
pages           > flushing realpage 3175, userpage 1, subpage 3175
pages           > flushing realpage 3176, userpage 1, subpage 3176
pages           > flushing realpage 3177, userpage 1, subpage 3177
pages           > flushing realpage 3178, userpage 1, subpage 3178
pages           > flushing realpage 3179, userpage 1, subpage 3179
pages           > flushing realpage 3180, userpage 1, subpage 3180
pages           > flushing realpage 3181, userpage 1, subpage 3181
pages           > flushing realpage 3182, userpage 1, subpage 3182
pages           > flushing realpage 3183, userpage 1, subpage 3183
pages           > flushing realpage 3184, userpage 1, subpage 3184
pages           > flushing realpage 3185, userpage 1, subpage 3185
pages           > flushing realpage 3186, userpage 1, subpage 3186
pages           > flushing realpage 3187, userpage 1, subpage 3187
pages           > flushing realpage 3188, userpage 1, subpage 3188
pages           > flushing realpage 3189, userpage 1, subpage 3189
pages           > flushing realpage 3190, userpage 1, subpage 3190
pages           > flushing realpage 3191, userpage 1, subpage 3191
pages           > flushing realpage 3192, userpage 1, subpage 3192
pages           > flushing realpage 3193, userpage 1, subpage 3193
pages           > flushing realpage 3194, userpage 1, subpage 3194
pages           > flushing realpage 3195, userpage 1, subpage 3195
pages           > flushing realpage 3196, userpage 1, subpage 3196
pages           > flushing realpage 3197, userpage 1, subpage 3197
pages           > flushing realpage 3198, userpage 1, subpage 3198
pages           > flushing realpage 3199, userpage 1, subpage 3199
pages           > flushing realpage 3200, userpage 1, subpage 3200
pages           > flushing realpage 3201, userpage 1, subpage 3201
pages           > flushing realpage 3202, userpage 1, subpage 3202
pages           > flushing realpage 3203, userpage 1, subpage 3203
pages           > flushing realpage 3204, userpage 1, subpage 3204
pages           > flushing realpage 3205, userpage 1, subpage 3205
pages           > flushing realpage 3206, userpage 1, subpage 3206
pages           > flushing realpage 3207, userpage 1, subpage 3207
pages           > flushing realpage 3208, userpage 1, subpage 3208
pages           > flushing realpage 3209, userpage 1, subpage 3209
pages           > flushing realpage 3210, userpage 1, subpage 3210
pages           > flushing realpage 3211, userpage 1, subpage 3211
pages           > flushing realpage 3212, userpage 1, subpage 3212
pages           > flushing realpage 3213, userpage 1, subpage 3213
pages           > flushing realpage 3214, userpage 1, subpage 3214
pages           > flushing realpage 3215, userpage 1, subpage 3215
pages           > flushing realpage 3216, userpage 1, subpage 3216
pages           > flushing realpage 3217, userpage 1, subpage 3217
pages           > flushing realpage 3218, userpage 1, subpage 3218
pages           > flushing realpage 3219, userpage 1, subpage 3219
pages           > flushing realpage 3220, userpage 1, subpage 3220
pages           > flushing realpage 3221, userpage 1, subpage 3221
pages           > flushing realpage 3222, userpage 1, subpage 3222
pages           > flushing realpage 3223, userpage 1, subpage 3223
pages           > flushing realpage 3224, userpage 1, subpage 3224
pages           > flushing realpage 3225, userpage 1, subpage 3225
pages           > flushing realpage 3226, userpage 1, subpage 3226
pages           > flushing realpage 3227, userpage 1, subpage 3227
pages           > flushing realpage 3228, userpage 1, subpage 3228
pages           > flushing realpage 3229, userpage 1, subpage 3229
pages           > flushing realpage 3230, userpage 1, subpage 3230
pages           > flushing realpage 3231, userpage 1, subpage 3231
pages           > flushing realpage 3232, userpage 1, subpage 3232
pages           > flushing realpage 3233, userpage 1, subpage 3233
pages           > flushing realpage 3234, userpage 1, subpage 3234
pages           > flushing realpage 3235, userpage 1, subpage 3235
pages           > flushing realpage 3236, userpage 1, subpage 3236
pages           > flushing realpage 3237, userpage 1, subpage 3237
pages           > flushing realpage 3238, userpage 1, subpage 3238
pages           > flushing realpage 3239, userpage 1, subpage 3239
pages           > flushing realpage 3240, userpage 1, subpage 3240
pages           > flushing realpage 3241, userpage 1, subpage 3241
pages           > flushing realpage 3242, userpage 1, subpage 3242
pages           > flushing realpage 3243, userpage 1, subpage 3243
pages           > flushing realpage 3244, userpage 1, subpage 3244
pages           > flushing realpage 3245, userpage 1, subpage 3245
pages           > flushing realpage 3246, userpage 1, subpage 3246
pages           > flushing realpage 3247, userpage 1, subpage 3247
pages           > flushing realpage 3248, userpage 1, subpage 3248
pages           > flushing realpage 3249, userpage 1, subpage 3249
pages           > flushing realpage 3250, userpage 1, subpage 3250
pages           > flushing realpage 3251, userpage 1, subpage 3251
pages           > flushing realpage 3252, userpage 1, subpage 3252
pages           > flushing realpage 3253, userpage 1, subpage 3253
pages           > flushing realpage 3254, userpage 1, subpage 3254
pages           > flushing realpage 3255, userpage 1, subpage 3255
pages           > flushing realpage 3256, userpage 1, subpage 3256
pages           > flushing realpage 3257, userpage 1, subpage 3257
pages           > flushing realpage 3258, userpage 1, subpage 3258
pages           > flushing realpage 3259, userpage 1, subpage 3259
pages           > flushing realpage 3260, userpage 1, subpage 3260
pages           > flushing realpage 3261, userpage 1, subpage 3261
pages           > flushing realpage 3262, userpage 1, subpage 3262
pages           > flushing realpage 3263, userpage 1, subpage 3263
pages           > flushing realpage 3264, userpage 1, subpage 3264
pages           > flushing realpage 3265, userpage 1, subpage 3265
pages           > flushing realpage 3266, userpage 1, subpage 3266
pages           > flushing realpage 3267, userpage 1, subpage 3267
pages           > flushing realpage 3268, userpage 1, subpage 3268
pages           > flushing realpage 3269, userpage 1, subpage 3269
pages           > flushing realpage 3270, userpage 1, subpage 3270
pages           > flushing realpage 3271, userpage 1, subpage 3271
pages           > flushing realpage 3272, userpage 1, subpage 3272
pages           > flushing realpage 3273, userpage 1, subpage 3273
pages           > flushing realpage 3274, userpage 1, subpage 3274
pages           > flushing realpage 3275, userpage 1, subpage 3275
pages           > flushing realpage 3276, userpage 1, subpage 3276
pages           > flushing realpage 3277, userpage 1, subpage 3277
pages           > flushing realpage 3278, userpage 1, subpage 3278
pages           > flushing realpage 3279, userpage 1, subpage 3279
pages           > flushing realpage 3280, userpage 1, subpage 3280
pages           > flushing realpage 3281, userpage 1, subpage 3281
pages           > flushing realpage 3282, userpage 1, subpage 3282
pages           > flushing realpage 3283, userpage 1, subpage 3283
pages           > flushing realpage 3284, userpage 1, subpage 3284
pages           > flushing realpage 3285, userpage 1, subpage 3285
pages           > flushing realpage 3286, userpage 1, subpage 3286
pages           > flushing realpage 3287, userpage 1, subpage 3287
pages           > flushing realpage 3288, userpage 1, subpage 3288
pages           > flushing realpage 3289, userpage 1, subpage 3289
pages           > flushing realpage 3290, userpage 1, subpage 3290
pages           > flushing realpage 3291, userpage 1, subpage 3291
pages           > flushing realpage 3292, userpage 1, subpage 3292
pages           > flushing realpage 3293, userpage 1, subpage 3293
pages           > flushing realpage 3294, userpage 1, subpage 3294
pages           > flushing realpage 3295, userpage 1, subpage 3295
pages           > flushing realpage 3296, userpage 1, subpage 3296
pages           > flushing realpage 3297, userpage 1, subpage 3297
pages           > flushing realpage 3298, userpage 1, subpage 3298
pages           > flushing realpage 3299, userpage 1, subpage 3299
pages           > flushing realpage 3300, userpage 1, subpage 3300
pages           > flushing realpage 3301, userpage 1, subpage 3301
pages           > flushing realpage 3302, userpage 1, subpage 3302
pages           > flushing realpage 3303, userpage 1, subpage 3303
pages           > flushing realpage 3304, userpage 1, subpage 3304
pages           > flushing realpage 3305, userpage 1, subpage 3305
pages           > flushing realpage 3306, userpage 1, subpage 3306
pages           > flushing realpage 3307, userpage 1, subpage 3307
pages           > flushing realpage 3308, userpage 1, subpage 3308
pages           > flushing realpage 3309, userpage 1, subpage 3309
pages           > flushing realpage 3310, userpage 1, subpage 3310
pages           > flushing realpage 3311, userpage 1, subpage 3311
pages           > flushing realpage 3312, userpage 1, subpage 3312
pages           > flushing realpage 3313, userpage 1, subpage 3313
pages           > flushing realpage 3314, userpage 1, subpage 3314
pages           > flushing realpage 3315, userpage 1, subpage 3315
pages           > flushing realpage 3316, userpage 1, subpage 3316
pages           > flushing realpage 3317, userpage 1, subpage 3317
pages           > flushing realpage 3318, userpage 1, subpage 3318
pages           > flushing realpage 3319, userpage 1, subpage 3319
pages           > flushing realpage 3320, userpage 1, subpage 3320
pages           > flushing realpage 3321, userpage 1, subpage 3321
pages           > flushing realpage 3322, userpage 1, subpage 3322
pages           > flushing realpage 3323, userpage 1, subpage 3323
pages           > flushing realpage 3324, userpage 1, subpage 3324
pages           > flushing realpage 3325, userpage 1, subpage 3325
pages           > flushing realpage 3326, userpage 1, subpage 3326
pages           > flushing realpage 3327, userpage 1, subpage 3327
pages           > flushing realpage 3328, userpage 1, subpage 3328
pages           > flushing realpage 3329, userpage 1, subpage 3329
pages           > flushing realpage 3330, userpage 1, subpage 3330
pages           > flushing realpage 3331, userpage 1, subpage 3331
pages           > flushing realpage 3332, userpage 1, subpage 3332
pages           > flushing realpage 3333, userpage 1, subpage 3333
pages           > flushing realpage 3334, userpage 1, subpage 3334
pages           > flushing realpage 3335, userpage 1, subpage 3335
pages           > flushing realpage 3336, userpage 1, subpage 3336
pages           > flushing realpage 3337, userpage 1, subpage 3337
pages           > flushing realpage 3338, userpage 1, subpage 3338
pages           > flushing realpage 3339, userpage 1, subpage 3339
pages           > flushing realpage 3340, userpage 1, subpage 3340
pages           > flushing realpage 3341, userpage 1, subpage 3341
pages           > flushing realpage 3342, userpage 1, subpage 3342
pages           > flushing realpage 3343, userpage 1, subpage 3343
pages           > flushing realpage 3344, userpage 1, subpage 3344
pages           > flushing realpage 3345, userpage 1, subpage 3345
pages           > flushing realpage 3346, userpage 1, subpage 3346
pages           > flushing realpage 3347, userpage 1, subpage 3347
pages           > flushing realpage 3348, userpage 1, subpage 3348
pages           > flushing realpage 3349, userpage 1, subpage 3349
pages           > flushing realpage 3350, userpage 1, subpage 3350
pages           > flushing realpage 3351, userpage 1, subpage 3351
pages           > flushing realpage 3352, userpage 1, subpage 3352
pages           > flushing realpage 3353, userpage 1, subpage 3353
pages           > flushing realpage 3354, userpage 1, subpage 3354
pages           > flushing realpage 3355, userpage 1, subpage 3355
pages           > flushing realpage 3356, userpage 1, subpage 3356
pages           > flushing realpage 3357, userpage 1, subpage 3357
pages           > flushing realpage 3358, userpage 1, subpage 3358
pages           > flushing realpage 3359, userpage 1, subpage 3359
pages           > flushing realpage 3360, userpage 1, subpage 3360
pages           > flushing realpage 3361, userpage 1, subpage 3361
pages           > flushing realpage 3362, userpage 1, subpage 3362
pages           > flushing realpage 3363, userpage 1, subpage 3363
pages           > flushing realpage 3364, userpage 1, subpage 3364
pages           > flushing realpage 3365, userpage 1, subpage 3365
pages           > flushing realpage 3366, userpage 1, subpage 3366
pages           > flushing realpage 3367, userpage 1, subpage 3367
pages           > flushing realpage 3368, userpage 1, subpage 3368
pages           > flushing realpage 3369, userpage 1, subpage 3369
pages           > flushing realpage 3370, userpage 1, subpage 3370
pages           > flushing realpage 3371, userpage 1, subpage 3371
pages           > flushing realpage 3372, userpage 1, subpage 3372
pages           > flushing realpage 3373, userpage 1, subpage 3373
pages           > flushing realpage 3374, userpage 1, subpage 3374
pages           > flushing realpage 3375, userpage 1, subpage 3375
pages           > flushing realpage 3376, userpage 1, subpage 3376
pages           > flushing realpage 3377, userpage 1, subpage 3377
pages           > flushing realpage 3378, userpage 1, subpage 3378
pages           > flushing realpage 3379, userpage 1, subpage 3379
pages           > flushing realpage 3380, userpage 1, subpage 3380
pages           > flushing realpage 3381, userpage 1, subpage 3381
pages           > flushing realpage 3382, userpage 1, subpage 3382
pages           > flushing realpage 3383, userpage 1, subpage 3383
pages           > flushing realpage 3384, userpage 1, subpage 3384
pages           > flushing realpage 3385, userpage 1, subpage 3385
pages           > flushing realpage 3386, userpage 1, subpage 3386
pages           > flushing realpage 3387, userpage 1, subpage 3387
pages           > flushing realpage 3388, userpage 1, subpage 3388
pages           > flushing realpage 3389, userpage 1, subpage 3389
pages           > flushing realpage 3390, userpage 1, subpage 3390
pages           > flushing realpage 3391, userpage 1, subpage 3391
pages           > flushing realpage 3392, userpage 1, subpage 3392
pages           > flushing realpage 3393, userpage 1, subpage 3393
pages           > flushing realpage 3394, userpage 1, subpage 3394
pages           > flushing realpage 3395, userpage 1, subpage 3395
pages           > flushing realpage 3396, userpage 1, subpage 3396
pages           > flushing realpage 3397, userpage 1, subpage 3397
pages           > flushing realpage 3398, userpage 1, subpage 3398
pages           > flushing realpage 3399, userpage 1, subpage 3399
pages           > flushing realpage 3400, userpage 1, subpage 3400
pages           > flushing realpage 3401, userpage 1, subpage 3401
pages           > flushing realpage 3402, userpage 1, subpage 3402
pages           > flushing realpage 3403, userpage 1, subpage 3403
pages           > flushing realpage 3404, userpage 1, subpage 3404
pages           > flushing realpage 3405, userpage 1, subpage 3405
pages           > flushing realpage 3406, userpage 1, subpage 3406
pages           > flushing realpage 3407, userpage 1, subpage 3407
pages           > flushing realpage 3408, userpage 1, subpage 3408
pages           > flushing realpage 3409, userpage 1, subpage 3409
pages           > flushing realpage 3410, userpage 1, subpage 3410
pages           > flushing realpage 3411, userpage 1, subpage 3411
pages           > flushing realpage 3412, userpage 1, subpage 3412
pages           > flushing realpage 3413, userpage 1, subpage 3413
pages           > flushing realpage 3414, userpage 1, subpage 3414
pages           > flushing realpage 3415, userpage 1, subpage 3415
pages           > flushing realpage 3416, userpage 1, subpage 3416
pages           > flushing realpage 3417, userpage 1, subpage 3417
pages           > flushing realpage 3418, userpage 1, subpage 3418
pages           > flushing realpage 3419, userpage 1, subpage 3419
pages           > flushing realpage 3420, userpage 1, subpage 3420
pages           > flushing realpage 3421, userpage 1, subpage 3421
pages           > flushing realpage 3422, userpage 1, subpage 3422
pages           > flushing realpage 3423, userpage 1, subpage 3423
pages           > flushing realpage 3424, userpage 1, subpage 3424
pages           > flushing realpage 3425, userpage 1, subpage 3425
pages           > flushing realpage 3426, userpage 1, subpage 3426
pages           > flushing realpage 3427, userpage 1, subpage 3427
pages           > flushing realpage 3428, userpage 1, subpage 3428
pages           > flushing realpage 3429, userpage 1, subpage 3429
pages           > flushing realpage 3430, userpage 1, subpage 3430
pages           > flushing realpage 3431, userpage 1, subpage 3431
pages           > flushing realpage 3432, userpage 1, subpage 3432
pages           > flushing realpage 3433, userpage 1, subpage 3433
pages           > flushing realpage 3434, userpage 1, subpage 3434
pages           > flushing realpage 3435, userpage 1, subpage 3435
pages           > flushing realpage 3436, userpage 1, subpage 3436
pages           > flushing realpage 3437, userpage 1, subpage 3437
pages           > flushing realpage 3438, userpage 1, subpage 3438
pages           > flushing realpage 3439, userpage 1, subpage 3439
pages           > flushing realpage 3440, userpage 1, subpage 3440
pages           > flushing realpage 3441, userpage 1, subpage 3441
pages           > flushing realpage 3442, userpage 1, subpage 3442
pages           > flushing realpage 3443, userpage 1, subpage 3443
pages           > flushing realpage 3444, userpage 1, subpage 3444
pages           > flushing realpage 3445, userpage 1, subpage 3445
pages           > flushing realpage 3446, userpage 1, subpage 3446
pages           > flushing realpage 3447, userpage 1, subpage 3447
pages           > flushing realpage 3448, userpage 1, subpage 3448
pages           > flushing realpage 3449, userpage 1, subpage 3449
pages           > flushing realpage 3450, userpage 1, subpage 3450
pages           > flushing realpage 3451, userpage 1, subpage 3451
pages           > flushing realpage 3452, userpage 1, subpage 3452
pages           > flushing realpage 3453, userpage 1, subpage 3453
pages           > flushing realpage 3454, userpage 1, subpage 3454
pages           > flushing realpage 3455, userpage 1, subpage 3455
pages           > flushing realpage 3456, userpage 1, subpage 3456
pages           > flushing realpage 3457, userpage 1, subpage 3457
pages           > flushing realpage 3458, userpage 1, subpage 3458
pages           > flushing realpage 3459, userpage 1, subpage 3459
pages           > flushing realpage 3460, userpage 1, subpage 3460
pages           > flushing realpage 3461, userpage 1, subpage 3461
pages           > flushing realpage 3462, userpage 1, subpage 3462
pages           > flushing realpage 3463, userpage 1, subpage 3463
pages           > flushing realpage 3464, userpage 1, subpage 3464
pages           > flushing realpage 3465, userpage 1, subpage 3465
pages           > flushing realpage 3466, userpage 1, subpage 3466
pages           > flushing realpage 3467, userpage 1, subpage 3467
pages           > flushing realpage 3468, userpage 1, subpage 3468
pages           > flushing realpage 3469, userpage 1, subpage 3469
pages           > flushing realpage 3470, userpage 1, subpage 3470
pages           > flushing realpage 3471, userpage 1, subpage 3471
pages           > flushing realpage 3472, userpage 1, subpage 3472
pages           > flushing realpage 3473, userpage 1, subpage 3473
pages           > flushing realpage 3474, userpage 1, subpage 3474
pages           > flushing realpage 3475, userpage 1, subpage 3475
pages           > flushing realpage 3476, userpage 1, subpage 3476
pages           > flushing realpage 3477, userpage 1, subpage 3477
pages           > flushing realpage 3478, userpage 1, subpage 3478
pages           > flushing realpage 3479, userpage 1, subpage 3479
pages           > flushing realpage 3480, userpage 1, subpage 3480
pages           > flushing realpage 3481, userpage 1, subpage 3481
pages           > flushing realpage 3482, userpage 1, subpage 3482
pages           > flushing realpage 3483, userpage 1, subpage 3483
pages           > flushing realpage 3484, userpage 1, subpage 3484
pages           > flushing realpage 3485, userpage 1, subpage 3485
pages           > flushing realpage 3486, userpage 1, subpage 3486
pages           > flushing realpage 3487, userpage 1, subpage 3487
pages           > flushing realpage 3488, userpage 1, subpage 3488
pages           > flushing realpage 3489, userpage 1, subpage 3489
pages           > flushing realpage 3490, userpage 1, subpage 3490
pages           > flushing realpage 3491, userpage 1, subpage 3491
pages           > flushing realpage 3492, userpage 1, subpage 3492
pages           > flushing realpage 3493, userpage 1, subpage 3493
pages           > flushing realpage 3494, userpage 1, subpage 3494
pages           > flushing realpage 3495, userpage 1, subpage 3495
pages           > flushing realpage 3496, userpage 1, subpage 3496
pages           > flushing realpage 3497, userpage 1, subpage 3497
pages           > flushing realpage 3498, userpage 1, subpage 3498
pages           > flushing realpage 3499, userpage 1, subpage 3499
pages           > flushing realpage 3500, userpage 1, subpage 3500
pages           > flushing realpage 3501, userpage 1, subpage 3501
pages           > flushing realpage 3502, userpage 1, subpage 3502
pages           > flushing realpage 3503, userpage 1, subpage 3503
pages           > flushing realpage 3504, userpage 1, subpage 3504
pages           > flushing realpage 3505, userpage 1, subpage 3505
pages           > flushing realpage 3506, userpage 1, subpage 3506
pages           > flushing realpage 3507, userpage 1, subpage 3507
pages           > flushing realpage 3508, userpage 1, subpage 3508
pages           > flushing realpage 3509, userpage 1, subpage 3509
pages           > flushing realpage 3510, userpage 1, subpage 3510
pages           > flushing realpage 3511, userpage 1, subpage 3511
pages           > flushing realpage 3512, userpage 1, subpage 3512
pages           > flushing realpage 3513, userpage 1, subpage 3513
pages           > flushing realpage 3514, userpage 1, subpage 3514
pages           > flushing realpage 3515, userpage 1, subpage 3515
pages           > flushing realpage 3516, userpage 1, subpage 3516
pages           > flushing realpage 3517, userpage 1, subpage 3517
pages           > flushing realpage 3518, userpage 1, subpage 3518
pages           > flushing realpage 3519, userpage 1, subpage 3519
pages           > flushing realpage 3520, userpage 1, subpage 3520
pages           > flushing realpage 3521, userpage 1, subpage 3521
pages           > flushing realpage 3522, userpage 1, subpage 3522
pages           > flushing realpage 3523, userpage 1, subpage 3523
pages           > flushing realpage 3524, userpage 1, subpage 3524
pages           > flushing realpage 3525, userpage 1, subpage 3525
pages           > flushing realpage 3526, userpage 1, subpage 3526
pages           > flushing realpage 3527, userpage 1, subpage 3527
pages           > flushing realpage 3528, userpage 1, subpage 3528
pages           > flushing realpage 3529, userpage 1, subpage 3529
pages           > flushing realpage 3530, userpage 1, subpage 3530
pages           > flushing realpage 3531, userpage 1, subpage 3531
pages           > flushing realpage 3532, userpage 1, subpage 3532
pages           > flushing realpage 3533, userpage 1, subpage 3533
pages           > flushing realpage 3534, userpage 1, subpage 3534
pages           > flushing realpage 3535, userpage 1, subpage 3535
pages           > flushing realpage 3536, userpage 1, subpage 3536
pages           > flushing realpage 3537, userpage 1, subpage 3537
pages           > flushing realpage 3538, userpage 1, subpage 3538
pages           > flushing realpage 3539, userpage 1, subpage 3539
pages           > flushing realpage 3540, userpage 1, subpage 3540
pages           > flushing realpage 3541, userpage 1, subpage 3541
pages           > flushing realpage 3542, userpage 1, subpage 3542
pages           > flushing realpage 3543, userpage 1, subpage 3543
pages           > flushing realpage 3544, userpage 1, subpage 3544
pages           > flushing realpage 3545, userpage 1, subpage 3545
pages           > flushing realpage 3546, userpage 1, subpage 3546
pages           > flushing realpage 3547, userpage 1, subpage 3547
pages           > flushing realpage 3548, userpage 1, subpage 3548
pages           > flushing realpage 3549, userpage 1, subpage 3549
pages           > flushing realpage 3550, userpage 1, subpage 3550
pages           > flushing realpage 3551, userpage 1, subpage 3551
pages           > flushing realpage 3552, userpage 1, subpage 3552
pages           > flushing realpage 3553, userpage 1, subpage 3553
pages           > flushing realpage 3554, userpage 1, subpage 3554
pages           > flushing realpage 3555, userpage 1, subpage 3555
pages           > flushing realpage 3556, userpage 1, subpage 3556
pages           > flushing realpage 3557, userpage 1, subpage 3557
pages           > flushing realpage 3558, userpage 1, subpage 3558
pages           > flushing realpage 3559, userpage 1, subpage 3559
pages           > flushing realpage 3560, userpage 1, subpage 3560
pages           > flushing realpage 3561, userpage 1, subpage 3561
pages           > flushing realpage 3562, userpage 1, subpage 3562
pages           > flushing realpage 3563, userpage 1, subpage 3563
pages           > flushing realpage 3564, userpage 1, subpage 3564
pages           > flushing realpage 3565, userpage 1, subpage 3565
pages           > flushing realpage 3566, userpage 1, subpage 3566
pages           > flushing realpage 3567, userpage 1, subpage 3567
pages           > flushing realpage 3568, userpage 1, subpage 3568
pages           > flushing realpage 3569, userpage 1, subpage 3569
pages           > flushing realpage 3570, userpage 1, subpage 3570
pages           > flushing realpage 3571, userpage 1, subpage 3571
pages           > flushing realpage 3572, userpage 1, subpage 3572
pages           > flushing realpage 3573, userpage 1, subpage 3573
pages           > flushing realpage 3574, userpage 1, subpage 3574
pages           > flushing realpage 3575, userpage 1, subpage 3575
pages           > flushing realpage 3576, userpage 1, subpage 3576
pages           > flushing realpage 3577, userpage 1, subpage 3577
pages           > flushing realpage 3578, userpage 1, subpage 3578
pages           > flushing realpage 3579, userpage 1, subpage 3579
pages           > flushing realpage 3580, userpage 1, subpage 3580
pages           > flushing realpage 3581, userpage 1, subpage 3581
pages           > flushing realpage 3582, userpage 1, subpage 3582
pages           > flushing realpage 3583, userpage 1, subpage 3583
pages           > flushing realpage 3584, userpage 1, subpage 3584
pages           > flushing realpage 3585, userpage 1, subpage 3585
pages           > flushing realpage 3586, userpage 1, subpage 3586
pages           > flushing realpage 3587, userpage 1, subpage 3587
pages           > flushing realpage 3588, userpage 1, subpage 3588
pages           > flushing realpage 3589, userpage 1, subpage 3589
pages           > flushing realpage 3590, userpage 1, subpage 3590
pages           > flushing realpage 3591, userpage 1, subpage 3591
pages           > flushing realpage 3592, userpage 1, subpage 3592
pages           > flushing realpage 3593, userpage 1, subpage 3593
pages           > flushing realpage 3594, userpage 1, subpage 3594
pages           > flushing realpage 3595, userpage 1, subpage 3595
pages           > flushing realpage 3596, userpage 1, subpage 3596
pages           > flushing realpage 3597, userpage 1, subpage 3597
pages           > flushing realpage 3598, userpage 1, subpage 3598
pages           > flushing realpage 3599, userpage 1, subpage 3599
pages           > flushing realpage 3600, userpage 1, subpage 3600
pages           > flushing realpage 3601, userpage 1, subpage 3601
pages           > flushing realpage 3602, userpage 1, subpage 3602
pages           > flushing realpage 3603, userpage 1, subpage 3603
pages           > flushing realpage 3604, userpage 1, subpage 3604
pages           > flushing realpage 3605, userpage 1, subpage 3605
pages           > flushing realpage 3606, userpage 1, subpage 3606
pages           > flushing realpage 3607, userpage 1, subpage 3607
pages           > flushing realpage 3608, userpage 1, subpage 3608
pages           > flushing realpage 3609, userpage 1, subpage 3609
pages           > flushing realpage 3610, userpage 1, subpage 3610
pages           > flushing realpage 3611, userpage 1, subpage 3611
pages           > flushing realpage 3612, userpage 1, subpage 3612
pages           > flushing realpage 3613, userpage 1, subpage 3613
pages           > flushing realpage 3614, userpage 1, subpage 3614
pages           > flushing realpage 3615, userpage 1, subpage 3615
pages           > flushing realpage 3616, userpage 1, subpage 3616
pages           > flushing realpage 3617, userpage 1, subpage 3617
pages           > flushing realpage 3618, userpage 1, subpage 3618
pages           > flushing realpage 3619, userpage 1, subpage 3619
pages           > flushing realpage 3620, userpage 1, subpage 3620
pages           > flushing realpage 3621, userpage 1, subpage 3621
pages           > flushing realpage 3622, userpage 1, subpage 3622
pages           > flushing realpage 3623, userpage 1, subpage 3623
pages           > flushing realpage 3624, userpage 1, subpage 3624
pages           > flushing realpage 3625, userpage 1, subpage 3625
pages           > flushing realpage 3626, userpage 1, subpage 3626
pages           > flushing realpage 3627, userpage 1, subpage 3627
pages           > flushing realpage 3628, userpage 1, subpage 3628
pages           > flushing realpage 3629, userpage 1, subpage 3629
pages           > flushing realpage 3630, userpage 1, subpage 3630
pages           > flushing realpage 3631, userpage 1, subpage 3631
pages           > flushing realpage 3632, userpage 1, subpage 3632
pages           > flushing realpage 3633, userpage 1, subpage 3633
pages           > flushing realpage 3634, userpage 1, subpage 3634
pages           > flushing realpage 3635, userpage 1, subpage 3635
pages           > flushing realpage 3636, userpage 1, subpage 3636
pages           > flushing realpage 3637, userpage 1, subpage 3637
pages           > flushing realpage 3638, userpage 1, subpage 3638
pages           > flushing realpage 3639, userpage 1, subpage 3639
pages           > flushing realpage 3640, userpage 1, subpage 3640
pages           > flushing realpage 3641, userpage 1, subpage 3641
pages           > flushing realpage 3642, userpage 1, subpage 3642
pages           > flushing realpage 3643, userpage 1, subpage 3643
pages           > flushing realpage 3644, userpage 1, subpage 3644
pages           > flushing realpage 3645, userpage 1, subpage 3645
pages           > flushing realpage 3646, userpage 1, subpage 3646
pages           > flushing realpage 3647, userpage 1, subpage 3647
pages           > flushing realpage 3648, userpage 1, subpage 3648
pages           > flushing realpage 3649, userpage 1, subpage 3649
pages           > flushing realpage 3650, userpage 1, subpage 3650
pages           > flushing realpage 3651, userpage 1, subpage 3651
pages           > flushing realpage 3652, userpage 1, subpage 3652
pages           > flushing realpage 3653, userpage 1, subpage 3653
pages           > flushing realpage 3654, userpage 1, subpage 3654
pages           > flushing realpage 3655, userpage 1, subpage 3655
pages           > flushing realpage 3656, userpage 1, subpage 3656
pages           > flushing realpage 3657, userpage 1, subpage 3657
pages           > flushing realpage 3658, userpage 1, subpage 3658
pages           > flushing realpage 3659, userpage 1, subpage 3659
pages           > flushing realpage 3660, userpage 1, subpage 3660
pages           > flushing realpage 3661, userpage 1, subpage 3661
pages           > flushing realpage 3662, userpage 1, subpage 3662
pages           > flushing realpage 3663, userpage 1, subpage 3663
pages           > flushing realpage 3664, userpage 1, subpage 3664
pages           > flushing realpage 3665, userpage 1, subpage 3665
pages           > flushing realpage 3666, userpage 1, subpage 3666
pages           > flushing realpage 3667, userpage 1, subpage 3667
pages           > flushing realpage 3668, userpage 1, subpage 3668
pages           > flushing realpage 3669, userpage 1, subpage 3669
pages           > flushing realpage 3670, userpage 1, subpage 3670
pages           > flushing realpage 3671, userpage 1, subpage 3671
pages           > flushing realpage 3672, userpage 1, subpage 3672
pages           > flushing realpage 3673, userpage 1, subpage 3673
pages           > flushing realpage 3674, userpage 1, subpage 3674
pages           > flushing realpage 3675, userpage 1, subpage 3675
pages           > flushing realpage 3676, userpage 1, subpage 3676
pages           > flushing realpage 3677, userpage 1, subpage 3677
pages           > flushing realpage 3678, userpage 1, subpage 3678
pages           > flushing realpage 3679, userpage 1, subpage 3679
pages           > flushing realpage 3680, userpage 1, subpage 3680
pages           > flushing realpage 3681, userpage 1, subpage 3681
pages           > flushing realpage 3682, userpage 1, subpage 3682
pages           > flushing realpage 3683, userpage 1, subpage 3683
pages           > flushing realpage 3684, userpage 1, subpage 3684
pages           > flushing realpage 3685, userpage 1, subpage 3685
pages           > flushing realpage 3686, userpage 1, subpage 3686
pages           > flushing realpage 3687, userpage 1, subpage 3687
pages           > flushing realpage 3688, userpage 1, subpage 3688
pages           > flushing realpage 3689, userpage 1, subpage 3689
pages           > flushing realpage 3690, userpage 1, subpage 3690
pages           > flushing realpage 3691, userpage 1, subpage 3691
pages           > flushing realpage 3692, userpage 1, subpage 3692
pages           > flushing realpage 3693, userpage 1, subpage 3693
pages           > flushing realpage 3694, userpage 1, subpage 3694
pages           > flushing realpage 3695, userpage 1, subpage 3695
pages           > flushing realpage 3696, userpage 1, subpage 3696
pages           > flushing realpage 3697, userpage 1, subpage 3697
pages           > flushing realpage 3698, userpage 1, subpage 3698
pages           > flushing realpage 3699, userpage 1, subpage 3699
pages           > flushing realpage 3700, userpage 1, subpage 3700
pages           > flushing realpage 3701, userpage 1, subpage 3701
pages           > flushing realpage 3702, userpage 1, subpage 3702
pages           > flushing realpage 3703, userpage 1, subpage 3703
pages           > flushing realpage 3704, userpage 1, subpage 3704
pages           > flushing realpage 3705, userpage 1, subpage 3705
pages           > flushing realpage 3706, userpage 1, subpage 3706
pages           > flushing realpage 3707, userpage 1, subpage 3707
pages           > flushing realpage 3708, userpage 1, subpage 3708
pages           > flushing realpage 3709, userpage 1, subpage 3709
pages           > flushing realpage 3710, userpage 1, subpage 3710
pages           > flushing realpage 3711, userpage 1, subpage 3711
pages           > flushing realpage 3712, userpage 1, subpage 3712
pages           > flushing realpage 3713, userpage 1, subpage 3713
pages           > flushing realpage 3714, userpage 1, subpage 3714
pages           > flushing realpage 3715, userpage 1, subpage 3715
pages           > flushing realpage 3716, userpage 1, subpage 3716
pages           > flushing realpage 3717, userpage 1, subpage 3717
pages           > flushing realpage 3718, userpage 1, subpage 3718
pages           > flushing realpage 3719, userpage 1, subpage 3719
pages           > flushing realpage 3720, userpage 1, subpage 3720
pages           > flushing realpage 3721, userpage 1, subpage 3721
pages           > flushing realpage 3722, userpage 1, subpage 3722
pages           > flushing realpage 3723, userpage 1, subpage 3723
pages           > flushing realpage 3724, userpage 1, subpage 3724
pages           > flushing realpage 3725, userpage 1, subpage 3725
pages           > flushing realpage 3726, userpage 1, subpage 3726
pages           > flushing realpage 3727, userpage 1, subpage 3727
pages           > flushing realpage 3728, userpage 1, subpage 3728
pages           > flushing realpage 3729, userpage 1, subpage 3729
pages           > flushing realpage 3730, userpage 1, subpage 3730
pages           > flushing realpage 3731, userpage 1, subpage 3731
pages           > flushing realpage 3732, userpage 1, subpage 3732
pages           > flushing realpage 3733, userpage 1, subpage 3733
pages           > flushing realpage 3734, userpage 1, subpage 3734
pages           > flushing realpage 3735, userpage 1, subpage 3735
pages           > flushing realpage 3736, userpage 1, subpage 3736
pages           > flushing realpage 3737, userpage 1, subpage 3737
pages           > flushing realpage 3738, userpage 1, subpage 3738
pages           > flushing realpage 3739, userpage 1, subpage 3739
pages           > flushing realpage 3740, userpage 1, subpage 3740
pages           > flushing realpage 3741, userpage 1, subpage 3741
pages           > flushing realpage 3742, userpage 1, subpage 3742
pages           > flushing realpage 3743, userpage 1, subpage 3743
pages           > flushing realpage 3744, userpage 1, subpage 3744
pages           > flushing realpage 3745, userpage 1, subpage 3745
pages           > flushing realpage 3746, userpage 1, subpage 3746
pages           > flushing realpage 3747, userpage 1, subpage 3747
pages           > flushing realpage 3748, userpage 1, subpage 3748
pages           > flushing realpage 3749, userpage 1, subpage 3749
pages           > flushing realpage 3750, userpage 1, subpage 3750
pages           > flushing realpage 3751, userpage 1, subpage 3751
pages           > flushing realpage 3752, userpage 1, subpage 3752
pages           > flushing realpage 3753, userpage 1, subpage 3753
pages           > flushing realpage 3754, userpage 1, subpage 3754
pages           > flushing realpage 3755, userpage 1, subpage 3755
pages           > flushing realpage 3756, userpage 1, subpage 3756
pages           > flushing realpage 3757, userpage 1, subpage 3757
pages           > flushing realpage 3758, userpage 1, subpage 3758
pages           > flushing realpage 3759, userpage 1, subpage 3759
pages           > flushing realpage 3760, userpage 1, subpage 3760
pages           > flushing realpage 3761, userpage 1, subpage 3761
pages           > flushing realpage 3762, userpage 1, subpage 3762
pages           > flushing realpage 3763, userpage 1, subpage 3763
pages           > flushing realpage 3764, userpage 1, subpage 3764
pages           > flushing realpage 3765, userpage 1, subpage 3765
pages           > flushing realpage 3766, userpage 1, subpage 3766
pages           > flushing realpage 3767, userpage 1, subpage 3767
pages           > flushing realpage 3768, userpage 1, subpage 3768
pages           > flushing realpage 3769, userpage 1, subpage 3769
pages           > flushing realpage 3770, userpage 1, subpage 3770
pages           > flushing realpage 3771, userpage 1, subpage 3771
pages           > flushing realpage 3772, userpage 1, subpage 3772
pages           > flushing realpage 3773, userpage 1, subpage 3773
pages           > flushing realpage 3774, userpage 1, subpage 3774
pages           > flushing realpage 3775, userpage 1, subpage 3775
pages           > flushing realpage 3776, userpage 1, subpage 3776
pages           > flushing realpage 3777, userpage 1, subpage 3777
pages           > flushing realpage 3778, userpage 1, subpage 3778
pages           > flushing realpage 3779, userpage 1, subpage 3779
pages           > flushing realpage 3780, userpage 1, subpage 3780
pages           > flushing realpage 3781, userpage 1, subpage 3781
pages           > flushing realpage 3782, userpage 1, subpage 3782
pages           > flushing realpage 3783, userpage 1, subpage 3783
pages           > flushing realpage 3784, userpage 1, subpage 3784
pages           > flushing realpage 3785, userpage 1, subpage 3785
pages           > flushing realpage 3786, userpage 1, subpage 3786
pages           > flushing realpage 3787, userpage 1, subpage 3787
pages           > flushing realpage 3788, userpage 1, subpage 3788
pages           > flushing realpage 3789, userpage 1, subpage 3789
pages           > flushing realpage 3790, userpage 1, subpage 3790
pages           > flushing realpage 3791, userpage 1, subpage 3791
pages           > flushing realpage 3792, userpage 1, subpage 3792
pages           > flushing realpage 3793, userpage 1, subpage 3793
pages           > flushing realpage 3794, userpage 1, subpage 3794
pages           > flushing realpage 3795, userpage 1, subpage 3795
pages           > flushing realpage 3796, userpage 1, subpage 3796
pages           > flushing realpage 3797, userpage 1, subpage 3797
pages           > flushing realpage 3798, userpage 1, subpage 3798
pages           > flushing realpage 3799, userpage 1, subpage 3799
pages           > flushing realpage 3800, userpage 1, subpage 3800
pages           > flushing realpage 3801, userpage 1, subpage 3801
pages           > flushing realpage 3802, userpage 1, subpage 3802
pages           > flushing realpage 3803, userpage 1, subpage 3803
pages           > flushing realpage 3804, userpage 1, subpage 3804
pages           > flushing realpage 3805, userpage 1, subpage 3805
pages           > flushing realpage 3806, userpage 1, subpage 3806
pages           > flushing realpage 3807, userpage 1, subpage 3807
pages           > flushing realpage 3808, userpage 1, subpage 3808
pages           > flushing realpage 3809, userpage 1, subpage 3809
pages           > flushing realpage 3810, userpage 1, subpage 3810
pages           > flushing realpage 3811, userpage 1, subpage 3811
pages           > flushing realpage 3812, userpage 1, subpage 3812
pages           > flushing realpage 3813, userpage 1, subpage 3813
pages           > flushing realpage 3814, userpage 1, subpage 3814
pages           > flushing realpage 3815, userpage 1, subpage 3815
pages           > flushing realpage 3816, userpage 1, subpage 3816
pages           > flushing realpage 3817, userpage 1, subpage 3817
pages           > flushing realpage 3818, userpage 1, subpage 3818
pages           > flushing realpage 3819, userpage 1, subpage 3819
pages           > flushing realpage 3820, userpage 1, subpage 3820
pages           > flushing realpage 3821, userpage 1, subpage 3821
pages           > flushing realpage 3822, userpage 1, subpage 3822
pages           > flushing realpage 3823, userpage 1, subpage 3823
pages           > flushing realpage 3824, userpage 1, subpage 3824
pages           > flushing realpage 3825, userpage 1, subpage 3825
pages           > flushing realpage 3826, userpage 1, subpage 3826
pages           > flushing realpage 3827, userpage 1, subpage 3827
pages           > flushing realpage 3828, userpage 1, subpage 3828
pages           > flushing realpage 3829, userpage 1, subpage 3829
pages           > flushing realpage 3830, userpage 1, subpage 3830
pages           > flushing realpage 3831, userpage 1, subpage 3831
pages           > flushing realpage 3832, userpage 1, subpage 3832
pages           > flushing realpage 3833, userpage 1, subpage 3833
pages           > flushing realpage 3834, userpage 1, subpage 3834
pages           > flushing realpage 3835, userpage 1, subpage 3835
pages           > flushing realpage 3836, userpage 1, subpage 3836
pages           > flushing realpage 3837, userpage 1, subpage 3837
pages           > flushing realpage 3838, userpage 1, subpage 3838
pages           > flushing realpage 3839, userpage 1, subpage 3839
pages           > flushing realpage 3840, userpage 1, subpage 3840
pages           > flushing realpage 3841, userpage 1, subpage 3841
pages           > flushing realpage 3842, userpage 1, subpage 3842
pages           > flushing realpage 3843, userpage 1, subpage 3843
pages           > flushing realpage 3844, userpage 1, subpage 3844
pages           > flushing realpage 3845, userpage 1, subpage 3845
pages           > flushing realpage 3846, userpage 1, subpage 3846
pages           > flushing realpage 3847, userpage 1, subpage 3847
pages           > flushing realpage 3848, userpage 1, subpage 3848
pages           > flushing realpage 3849, userpage 1, subpage 3849
pages           > flushing realpage 3850, userpage 1, subpage 3850
pages           > flushing realpage 3851, userpage 1, subpage 3851
pages           > flushing realpage 3852, userpage 1, subpage 3852
pages           > flushing realpage 3853, userpage 1, subpage 3853
pages           > flushing realpage 3854, userpage 1, subpage 3854
pages           > flushing realpage 3855, userpage 1, subpage 3855
pages           > flushing realpage 3856, userpage 1, subpage 3856
pages           > flushing realpage 3857, userpage 1, subpage 3857
pages           > flushing realpage 3858, userpage 1, subpage 3858
pages           > flushing realpage 3859, userpage 1, subpage 3859
pages           > flushing realpage 3860, userpage 1, subpage 3860
pages           > flushing realpage 3861, userpage 1, subpage 3861
pages           > flushing realpage 3862, userpage 1, subpage 3862
pages           > flushing realpage 3863, userpage 1, subpage 3863
pages           > flushing realpage 3864, userpage 1, subpage 3864
pages           > flushing realpage 3865, userpage 1, subpage 3865
pages           > flushing realpage 3866, userpage 1, subpage 3866
pages           > flushing realpage 3867, userpage 1, subpage 3867
pages           > flushing realpage 3868, userpage 1, subpage 3868
pages           > flushing realpage 3869, userpage 1, subpage 3869
pages           > flushing realpage 3870, userpage 1, subpage 3870
pages           > flushing realpage 3871, userpage 1, subpage 3871
pages           > flushing realpage 3872, userpage 1, subpage 3872
pages           > flushing realpage 3873, userpage 1, subpage 3873
pages           > flushing realpage 3874, userpage 1, subpage 3874
pages           > flushing realpage 3875, userpage 1, subpage 3875
pages           > flushing realpage 3876, userpage 1, subpage 3876
pages           > flushing realpage 3877, userpage 1, subpage 3877
pages           > flushing realpage 3878, userpage 1, subpage 3878
pages           > flushing realpage 3879, userpage 1, subpage 3879
pages           > flushing realpage 3880, userpage 1, subpage 3880
pages           > flushing realpage 3881, userpage 1, subpage 3881
pages           > flushing realpage 3882, userpage 1, subpage 3882
pages           > flushing realpage 3883, userpage 1, subpage 3883
pages           > flushing realpage 3884, userpage 1, subpage 3884
pages           > flushing realpage 3885, userpage 1, subpage 3885
pages           > flushing realpage 3886, userpage 1, subpage 3886
pages           > flushing realpage 3887, userpage 1, subpage 3887
pages           > flushing realpage 3888, userpage 1, subpage 3888
pages           > flushing realpage 3889, userpage 1, subpage 3889
pages           > flushing realpage 3890, userpage 1, subpage 3890
pages           > flushing realpage 3891, userpage 1, subpage 3891
pages           > flushing realpage 3892, userpage 1, subpage 3892
pages           > flushing realpage 3893, userpage 1, subpage 3893
pages           > flushing realpage 3894, userpage 1, subpage 3894
pages           > flushing realpage 3895, userpage 1, subpage 3895
pages           > flushing realpage 3896, userpage 1, subpage 3896
pages           > flushing realpage 3897, userpage 1, subpage 3897
pages           > flushing realpage 3898, userpage 1, subpage 3898
pages           > flushing realpage 3899, userpage 1, subpage 3899
pages           > flushing realpage 3900, userpage 1, subpage 3900
pages           > flushing realpage 3901, userpage 1, subpage 3901
pages           > flushing realpage 3902, userpage 1, subpage 3902
pages           > flushing realpage 3903, userpage 1, subpage 3903
pages           > flushing realpage 3904, userpage 1, subpage 3904
pages           > flushing realpage 3905, userpage 1, subpage 3905
pages           > flushing realpage 3906, userpage 1, subpage 3906
pages           > flushing realpage 3907, userpage 1, subpage 3907
pages           > flushing realpage 3908, userpage 1, subpage 3908
pages           > flushing realpage 3909, userpage 1, subpage 3909
pages           > flushing realpage 3910, userpage 1, subpage 3910
pages           > flushing realpage 3911, userpage 1, subpage 3911
pages           > flushing realpage 3912, userpage 1, subpage 3912
pages           > flushing realpage 3913, userpage 1, subpage 3913
pages           > flushing realpage 3914, userpage 1, subpage 3914
pages           > flushing realpage 3915, userpage 1, subpage 3915
pages           > flushing realpage 3916, userpage 1, subpage 3916
pages           > flushing realpage 3917, userpage 1, subpage 3917
pages           > flushing realpage 3918, userpage 1, subpage 3918
pages           > flushing realpage 3919, userpage 1, subpage 3919
pages           > flushing realpage 3920, userpage 1, subpage 3920
pages           > flushing realpage 3921, userpage 1, subpage 3921
pages           > flushing realpage 3922, userpage 1, subpage 3922
pages           > flushing realpage 3923, userpage 1, subpage 3923
pages           > flushing realpage 3924, userpage 1, subpage 3924
pages           > flushing realpage 3925, userpage 1, subpage 3925
pages           > flushing realpage 3926, userpage 1, subpage 3926
pages           > flushing realpage 3927, userpage 1, subpage 3927
pages           > flushing realpage 3928, userpage 1, subpage 3928
pages           > flushing realpage 3929, userpage 1, subpage 3929
pages           > flushing realpage 3930, userpage 1, subpage 3930
pages           > flushing realpage 3931, userpage 1, subpage 3931
pages           > flushing realpage 3932, userpage 1, subpage 3932
pages           > flushing realpage 3933, userpage 1, subpage 3933
pages           > flushing realpage 3934, userpage 1, subpage 3934
pages           > flushing realpage 3935, userpage 1, subpage 3935
pages           > flushing realpage 3936, userpage 1, subpage 3936
pages           > flushing realpage 3937, userpage 1, subpage 3937
pages           > flushing realpage 3938, userpage 1, subpage 3938
pages           > flushing realpage 3939, userpage 1, subpage 3939
pages           > flushing realpage 3940, userpage 1, subpage 3940
pages           > flushing realpage 3941, userpage 1, subpage 3941
pages           > flushing realpage 3942, userpage 1, subpage 3942
pages           > flushing realpage 3943, userpage 1, subpage 3943
pages           > flushing realpage 3944, userpage 1, subpage 3944
pages           > flushing realpage 3945, userpage 1, subpage 3945
pages           > flushing realpage 3946, userpage 1, subpage 3946
pages           > flushing realpage 3947, userpage 1, subpage 3947
pages           > flushing realpage 3948, userpage 1, subpage 3948
pages           > flushing realpage 3949, userpage 1, subpage 3949
pages           > flushing realpage 3950, userpage 1, subpage 3950
pages           > flushing realpage 3951, userpage 1, subpage 3951
pages           > flushing realpage 3952, userpage 1, subpage 3952
pages           > flushing realpage 3953, userpage 1, subpage 3953
pages           > flushing realpage 3954, userpage 1, subpage 3954
pages           > flushing realpage 3955, userpage 1, subpage 3955
pages           > flushing realpage 3956, userpage 1, subpage 3956
pages           > flushing realpage 3957, userpage 1, subpage 3957
pages           > flushing realpage 3958, userpage 1, subpage 3958
pages           > flushing realpage 3959, userpage 1, subpage 3959
pages           > flushing realpage 3960, userpage 1, subpage 3960
pages           > flushing realpage 3961, userpage 1, subpage 3961
pages           > flushing realpage 3962, userpage 1, subpage 3962
pages           > flushing realpage 3963, userpage 1, subpage 3963
pages           > flushing realpage 3964, userpage 1, subpage 3964
pages           > flushing realpage 3965, userpage 1, subpage 3965
pages           > flushing realpage 3966, userpage 1, subpage 3966
pages           > flushing realpage 3967, userpage 1, subpage 3967
pages           > flushing realpage 3968, userpage 1, subpage 3968
pages           > flushing realpage 3969, userpage 1, subpage 3969
pages           > flushing realpage 3970, userpage 1, subpage 3970
pages           > flushing realpage 3971, userpage 1, subpage 3971
pages           > flushing realpage 3972, userpage 1, subpage 3972
pages           > flushing realpage 3973, userpage 1, subpage 3973
pages           > flushing realpage 3974, userpage 1, subpage 3974
pages           > flushing realpage 3975, userpage 1, subpage 3975
pages           > flushing realpage 3976, userpage 1, subpage 3976
pages           > flushing realpage 3977, userpage 1, subpage 3977
pages           > flushing realpage 3978, userpage 1, subpage 3978
pages           > flushing realpage 3979, userpage 1, subpage 3979
pages           > flushing realpage 3980, userpage 1, subpage 3980
pages           > flushing realpage 3981, userpage 1, subpage 3981
pages           > flushing realpage 3982, userpage 1, subpage 3982
pages           > flushing realpage 3983, userpage 1, subpage 3983
pages           > flushing realpage 3984, userpage 1, subpage 3984
pages           > flushing realpage 3985, userpage 1, subpage 3985
pages           > flushing realpage 3986, userpage 1, subpage 3986
pages           > flushing realpage 3987, userpage 1, subpage 3987
pages           > flushing realpage 3988, userpage 1, subpage 3988
pages           > flushing realpage 3989, userpage 1, subpage 3989
pages           > flushing realpage 3990, userpage 1, subpage 3990
pages           > flushing realpage 3991, userpage 1, subpage 3991
pages           > flushing realpage 3992, userpage 1, subpage 3992
pages           > flushing realpage 3993, userpage 1, subpage 3993
pages           > flushing realpage 3994, userpage 1, subpage 3994
pages           > flushing realpage 3995, userpage 1, subpage 3995
pages           > flushing realpage 3996, userpage 1, subpage 3996
pages           > flushing realpage 3997, userpage 1, subpage 3997
pages           > flushing realpage 3998, userpage 1, subpage 3998
pages           > flushing realpage 3999, userpage 1, subpage 3999
pages           > flushing realpage 4000, userpage 1, subpage 4000
pages           > flushing realpage 4001, userpage 1, subpage 4001
pages           > flushing realpage 4002, userpage 1, subpage 4002
pages           > flushing realpage 4003, userpage 1, subpage 4003
pages           > flushing realpage 4004, userpage 1, subpage 4004
pages           > flushing realpage 4005, userpage 1, subpage 4005
pages           > flushing realpage 4006, userpage 1, subpage 4006
pages           > flushing realpage 4007, userpage 1, subpage 4007
pages           > flushing realpage 4008, userpage 1, subpage 4008
pages           > flushing realpage 4009, userpage 1, subpage 4009
pages           > flushing realpage 4010, userpage 1, subpage 4010
pages           > flushing realpage 4011, userpage 1, subpage 4011
pages           > flushing realpage 4012, userpage 1, subpage 4012
pages           > flushing realpage 4013, userpage 1, subpage 4013
pages           > flushing realpage 4014, userpage 1, subpage 4014
pages           > flushing realpage 4015, userpage 1, subpage 4015
pages           > flushing realpage 4016, userpage 1, subpage 4016
pages           > flushing realpage 4017, userpage 1, subpage 4017
pages           > flushing realpage 4018, userpage 1, subpage 4018
pages           > flushing realpage 4019, userpage 1, subpage 4019
pages           > flushing realpage 4020, userpage 1, subpage 4020
pages           > flushing realpage 4021, userpage 1, subpage 4021
pages           > flushing realpage 4022, userpage 1, subpage 4022
pages           > flushing realpage 4023, userpage 1, subpage 4023
pages           > flushing realpage 4024, userpage 1, subpage 4024
pages           > flushing realpage 4025, userpage 1, subpage 4025
pages           > flushing realpage 4026, userpage 1, subpage 4026
pages           > flushing realpage 4027, userpage 1, subpage 4027
pages           > flushing realpage 4028, userpage 1, subpage 4028
pages           > flushing realpage 4029, userpage 1, subpage 4029
pages           > flushing realpage 4030, userpage 1, subpage 4030
pages           > flushing realpage 4031, userpage 1, subpage 4031
pages           > flushing realpage 4032, userpage 1, subpage 4032
pages           > flushing realpage 4033, userpage 1, subpage 4033
pages           > flushing realpage 4034, userpage 1, subpage 4034
pages           > flushing realpage 4035, userpage 1, subpage 4035
pages           > flushing realpage 4036, userpage 1, subpage 4036
pages           > flushing realpage 4037, userpage 1, subpage 4037
pages           > flushing realpage 4038, userpage 1, subpage 4038
pages           > flushing realpage 4039, userpage 1, subpage 4039
pages           > flushing realpage 4040, userpage 1, subpage 4040
pages           > flushing realpage 4041, userpage 1, subpage 4041
pages           > flushing realpage 4042, userpage 1, subpage 4042
pages           > flushing realpage 4043, userpage 1, subpage 4043
pages           > flushing realpage 4044, userpage 1, subpage 4044
pages           > flushing realpage 4045, userpage 1, subpage 4045
pages           > flushing realpage 4046, userpage 1, subpage 4046
pages           > flushing realpage 4047, userpage 1, subpage 4047
pages           > flushing realpage 4048, userpage 1, subpage 4048
pages           > flushing realpage 4049, userpage 1, subpage 4049
pages           > flushing realpage 4050, userpage 1, subpage 4050
pages           > flushing realpage 4051, userpage 1, subpage 4051
pages           > flushing realpage 4052, userpage 1, subpage 4052
pages           > flushing realpage 4053, userpage 1, subpage 4053
pages           > flushing realpage 4054, userpage 1, subpage 4054
pages           > flushing realpage 4055, userpage 1, subpage 4055
pages           > flushing realpage 4056, userpage 1, subpage 4056
pages           > flushing realpage 4057, userpage 1, subpage 4057
pages           > flushing realpage 4058, userpage 1, subpage 4058
pages           > flushing realpage 4059, userpage 1, subpage 4059
pages           > flushing realpage 4060, userpage 1, subpage 4060
pages           > flushing realpage 4061, userpage 1, subpage 4061
pages           > flushing realpage 4062, userpage 1, subpage 4062
pages           > flushing realpage 4063, userpage 1, subpage 4063
pages           > flushing realpage 4064, userpage 1, subpage 4064
pages           > flushing realpage 4065, userpage 1, subpage 4065
pages           > flushing realpage 4066, userpage 1, subpage 4066
pages           > flushing realpage 4067, userpage 1, subpage 4067
pages           > flushing realpage 4068, userpage 1, subpage 4068
pages           > flushing realpage 4069, userpage 1, subpage 4069
pages           > flushing realpage 4070, userpage 1, subpage 4070
pages           > flushing realpage 4071, userpage 1, subpage 4071
pages           > flushing realpage 4072, userpage 1, subpage 4072
pages           > flushing realpage 4073, userpage 1, subpage 4073
pages           > flushing realpage 4074, userpage 1, subpage 4074
pages           > flushing realpage 4075, userpage 1, subpage 4075
pages           > flushing realpage 4076, userpage 1, subpage 4076
pages           > flushing realpage 4077, userpage 1, subpage 4077
pages           > flushing realpage 4078, userpage 1, subpage 4078
pages           > flushing realpage 4079, userpage 1, subpage 4079
pages           > flushing realpage 4080, userpage 1, subpage 4080
pages           > flushing realpage 4081, userpage 1, subpage 4081
pages           > flushing realpage 4082, userpage 1, subpage 4082
pages           > flushing realpage 4083, userpage 1, subpage 4083
pages           > flushing realpage 4084, userpage 1, subpage 4084
pages           > flushing realpage 4085, userpage 1, subpage 4085
pages           > flushing realpage 4086, userpage 1, subpage 4086
pages           > flushing realpage 4087, userpage 1, subpage 4087
pages           > flushing realpage 4088, userpage 1, subpage 4088
pages           > flushing realpage 4089, userpage 1, subpage 4089
pages           > flushing realpage 4090, userpage 1, subpage 4090
pages           > flushing realpage 4091, userpage 1, subpage 4091
pages           > flushing realpage 4092, userpage 1, subpage 4092
pages           > flushing realpage 4093, userpage 1, subpage 4093
pages           > flushing realpage 4094, userpage 1, subpage 4094
pages           > flushing realpage 4095, userpage 1, subpage 4095
pages           > flushing realpage 4096, userpage 1, subpage 4096
pages           > flushing realpage 4097, userpage 1, subpage 4097
pages           > flushing realpage 4098, userpage 1, subpage 4098
pages           > flushing realpage 4099, userpage 1, subpage 4099
pages           > flushing realpage 4100, userpage 1, subpage 4100
pages           > flushing realpage 4101, userpage 1, subpage 4101
pages           > flushing realpage 4102, userpage 1, subpage 4102
pages           > flushing realpage 4103, userpage 1, subpage 4103
pages           > flushing realpage 4104, userpage 1, subpage 4104
pages           > flushing realpage 4105, userpage 1, subpage 4105
pages           > flushing realpage 4106, userpage 1, subpage 4106
pages           > flushing realpage 4107, userpage 1, subpage 4107
pages           > flushing realpage 4108, userpage 1, subpage 4108
pages           > flushing realpage 4109, userpage 1, subpage 4109
pages           > flushing realpage 4110, userpage 1, subpage 4110
pages           > flushing realpage 4111, userpage 1, subpage 4111
pages           > flushing realpage 4112, userpage 1, subpage 4112
pages           > flushing realpage 4113, userpage 1, subpage 4113
pages           > flushing realpage 4114, userpage 1, subpage 4114
pages           > flushing realpage 4115, userpage 1, subpage 4115
pages           > flushing realpage 4116, userpage 1, subpage 4116
pages           > flushing realpage 4117, userpage 1, subpage 4117
pages           > flushing realpage 4118, userpage 1, subpage 4118
pages           > flushing realpage 4119, userpage 1, subpage 4119
pages           > flushing realpage 4120, userpage 1, subpage 4120
pages           > flushing realpage 4121, userpage 1, subpage 4121
pages           > flushing realpage 4122, userpage 1, subpage 4122
pages           > flushing realpage 4123, userpage 1, subpage 4123
pages           > flushing realpage 4124, userpage 1, subpage 4124
pages           > flushing realpage 4125, userpage 1, subpage 4125
pages           > flushing realpage 4126, userpage 1, subpage 4126
pages           > flushing realpage 4127, userpage 1, subpage 4127
pages           > flushing realpage 4128, userpage 1, subpage 4128
pages           > flushing realpage 4129, userpage 1, subpage 4129
pages           > flushing realpage 4130, userpage 1, subpage 4130
pages           > flushing realpage 4131, userpage 1, subpage 4131
pages           > flushing realpage 4132, userpage 1, subpage 4132
pages           > flushing realpage 4133, userpage 1, subpage 4133
pages           > flushing realpage 4134, userpage 1, subpage 4134
pages           > flushing realpage 4135, userpage 1, subpage 4135
pages           > flushing realpage 4136, userpage 1, subpage 4136
pages           > flushing realpage 4137, userpage 1, subpage 4137
pages           > flushing realpage 4138, userpage 1, subpage 4138
pages           > flushing realpage 4139, userpage 1, subpage 4139
pages           > flushing realpage 4140, userpage 1, subpage 4140
pages           > flushing realpage 4141, userpage 1, subpage 4141
pages           > flushing realpage 4142, userpage 1, subpage 4142
pages           > flushing realpage 4143, userpage 1, subpage 4143
pages           > flushing realpage 4144, userpage 1, subpage 4144
pages           > flushing realpage 4145, userpage 1, subpage 4145
pages           > flushing realpage 4146, userpage 1, subpage 4146
pages           > flushing realpage 4147, userpage 1, subpage 4147
pages           > flushing realpage 4148, userpage 1, subpage 4148
pages           > flushing realpage 4149, userpage 1, subpage 4149
pages           > flushing realpage 4150, userpage 1, subpage 4150
pages           > flushing realpage 4151, userpage 1, subpage 4151
pages           > flushing realpage 4152, userpage 1, subpage 4152
pages           > flushing realpage 4153, userpage 1, subpage 4153
pages           > flushing realpage 4154, userpage 1, subpage 4154
pages           > flushing realpage 4155, userpage 1, subpage 4155
pages           > flushing realpage 4156, userpage 1, subpage 4156
pages           > flushing realpage 4157, userpage 1, subpage 4157
pages           > flushing realpage 4158, userpage 1, subpage 4158
pages           > flushing realpage 4159, userpage 1, subpage 4159
pages           > flushing realpage 4160, userpage 1, subpage 4160
pages           > flushing realpage 4161, userpage 1, subpage 4161
pages           > flushing realpage 4162, userpage 1, subpage 4162
pages           > flushing realpage 4163, userpage 1, subpage 4163
pages           > flushing realpage 4164, userpage 1, subpage 4164
pages           > flushing realpage 4165, userpage 1, subpage 4165
pages           > flushing realpage 4166, userpage 1, subpage 4166
pages           > flushing realpage 4167, userpage 1, subpage 4167
pages           > flushing realpage 4168, userpage 1, subpage 4168
pages           > flushing realpage 4169, userpage 1, subpage 4169
pages           > flushing realpage 4170, userpage 1, subpage 4170
pages           > flushing realpage 4171, userpage 1, subpage 4171
pages           > flushing realpage 4172, userpage 1, subpage 4172
pages           > flushing realpage 4173, userpage 1, subpage 4173
pages           > flushing realpage 4174, userpage 1, subpage 4174
pages           > flushing realpage 4175, userpage 1, subpage 4175
pages           > flushing realpage 4176, userpage 1, subpage 4176
pages           > flushing realpage 4177, userpage 1, subpage 4177
pages           > flushing realpage 4178, userpage 1, subpage 4178
pages           > flushing realpage 4179, userpage 1, subpage 4179
pages           > flushing realpage 4180, userpage 1, subpage 4180
pages           > flushing realpage 4181, userpage 1, subpage 4181
pages           > flushing realpage 4182, userpage 1, subpage 4182
pages           > flushing realpage 4183, userpage 1, subpage 4183
pages           > flushing realpage 4184, userpage 1, subpage 4184
pages           > flushing realpage 4185, userpage 1, subpage 4185
pages           > flushing realpage 4186, userpage 1, subpage 4186
pages           > flushing realpage 4187, userpage 1, subpage 4187
pages           > flushing realpage 4188, userpage 1, subpage 4188
pages           > flushing realpage 4189, userpage 1, subpage 4189
pages           > flushing realpage 4190, userpage 1, subpage 4190
pages           > flushing realpage 4191, userpage 1, subpage 4191
pages           > flushing realpage 4192, userpage 1, subpage 4192
pages           > flushing realpage 4193, userpage 1, subpage 4193
pages           > flushing realpage 4194, userpage 1, subpage 4194
pages           > flushing realpage 4195, userpage 1, subpage 4195
pages           > flushing realpage 4196, userpage 1, subpage 4196
pages           > flushing realpage 4197, userpage 1, subpage 4197
pages           > flushing realpage 4198, userpage 1, subpage 4198
pages           > flushing realpage 4199, userpage 1, subpage 4199
pages           > flushing realpage 4200, userpage 1, subpage 4200
pages           > flushing realpage 4201, userpage 1, subpage 4201
pages           > flushing realpage 4202, userpage 1, subpage 4202
pages           > flushing realpage 4203, userpage 1, subpage 4203
pages           > flushing realpage 4204, userpage 1, subpage 4204
pages           > flushing realpage 4205, userpage 1, subpage 4205
pages           > flushing realpage 4206, userpage 1, subpage 4206
pages           > flushing realpage 4207, userpage 1, subpage 4207
pages           > flushing realpage 4208, userpage 1, subpage 4208
pages           > flushing realpage 4209, userpage 1, subpage 4209
pages           > flushing realpage 4210, userpage 1, subpage 4210
pages           > flushing realpage 4211, userpage 1, subpage 4211
pages           > flushing realpage 4212, userpage 1, subpage 4212
pages           > flushing realpage 4213, userpage 1, subpage 4213
pages           > flushing realpage 4214, userpage 1, subpage 4214
pages           > flushing realpage 4215, userpage 1, subpage 4215
pages           > flushing realpage 4216, userpage 1, subpage 4216
pages           > flushing realpage 4217, userpage 1, subpage 4217
pages           > flushing realpage 4218, userpage 1, subpage 4218
pages           > flushing realpage 4219, userpage 1, subpage 4219
pages           > flushing realpage 4220, userpage 1, subpage 4220
pages           > flushing realpage 4221, userpage 1, subpage 4221
pages           > flushing realpage 4222, userpage 1, subpage 4222
pages           > flushing realpage 4223, userpage 1, subpage 4223
pages           > flushing realpage 4224, userpage 1, subpage 4224
pages           > flushing realpage 4225, userpage 1, subpage 4225
pages           > flushing realpage 4226, userpage 1, subpage 4226
pages           > flushing realpage 4227, userpage 1, subpage 4227
pages           > flushing realpage 4228, userpage 1, subpage 4228
pages           > flushing realpage 4229, userpage 1, subpage 4229
pages           > flushing realpage 4230, userpage 1, subpage 4230
pages           > flushing realpage 4231, userpage 1, subpage 4231
pages           > flushing realpage 4232, userpage 1, subpage 4232
pages           > flushing realpage 4233, userpage 1, subpage 4233
pages           > flushing realpage 4234, userpage 1, subpage 4234
pages           > flushing realpage 4235, userpage 1, subpage 4235
pages           > flushing realpage 4236, userpage 1, subpage 4236
pages           > flushing realpage 4237, userpage 1, subpage 4237
pages           > flushing realpage 4238, userpage 1, subpage 4238
pages           > flushing realpage 4239, userpage 1, subpage 4239
pages           > flushing realpage 4240, userpage 1, subpage 4240
pages           > flushing realpage 4241, userpage 1, subpage 4241
pages           > flushing realpage 4242, userpage 1, subpage 4242
pages           > flushing realpage 4243, userpage 1, subpage 4243
pages           > flushing realpage 4244, userpage 1, subpage 4244
pages           > flushing realpage 4245, userpage 1, subpage 4245
pages           > flushing realpage 4246, userpage 1, subpage 4246
pages           > flushing realpage 4247, userpage 1, subpage 4247
pages           > flushing realpage 4248, userpage 1, subpage 4248
pages           > flushing realpage 4249, userpage 1, subpage 4249
pages           > flushing realpage 4250, userpage 1, subpage 4250
pages           > flushing realpage 4251, userpage 1, subpage 4251
pages           > flushing realpage 4252, userpage 1, subpage 4252
pages           > flushing realpage 4253, userpage 1, subpage 4253
pages           > flushing realpage 4254, userpage 1, subpage 4254
pages           > flushing realpage 4255, userpage 1, subpage 4255
pages           > flushing realpage 4256, userpage 1, subpage 4256
pages           > flushing realpage 4257, userpage 1, subpage 4257
pages           > flushing realpage 4258, userpage 1, subpage 4258
pages           > flushing realpage 4259, userpage 1, subpage 4259
pages           > flushing realpage 4260, userpage 1, subpage 4260
pages           > flushing realpage 4261, userpage 1, subpage 4261
pages           > flushing realpage 4262, userpage 1, subpage 4262
pages           > flushing realpage 4263, userpage 1, subpage 4263
pages           > flushing realpage 4264, userpage 1, subpage 4264
pages           > flushing realpage 4265, userpage 1, subpage 4265
pages           > flushing realpage 4266, userpage 1, subpage 4266
pages           > flushing realpage 4267, userpage 1, subpage 4267
pages           > flushing realpage 4268, userpage 1, subpage 4268
pages           > flushing realpage 4269, userpage 1, subpage 4269
pages           > flushing realpage 4270, userpage 1, subpage 4270
pages           > flushing realpage 4271, userpage 1, subpage 4271
pages           > flushing realpage 4272, userpage 1, subpage 4272
pages           > flushing realpage 4273, userpage 1, subpage 4273
pages           > flushing realpage 4274, userpage 1, subpage 4274
pages           > flushing realpage 4275, userpage 1, subpage 4275
pages           > flushing realpage 4276, userpage 1, subpage 4276
pages           > flushing realpage 4277, userpage 1, subpage 4277
pages           > flushing realpage 4278, userpage 1, subpage 4278
pages           > flushing realpage 4279, userpage 1, subpage 4279
pages           > flushing realpage 4280, userpage 1, subpage 4280
pages           > flushing realpage 4281, userpage 1, subpage 4281
pages           > flushing realpage 4282, userpage 1, subpage 4282
pages           > flushing realpage 4283, userpage 1, subpage 4283
pages           > flushing realpage 4284, userpage 1, subpage 4284
pages           > flushing realpage 4285, userpage 1, subpage 4285
pages           > flushing realpage 4286, userpage 1, subpage 4286
pages           > flushing realpage 4287, userpage 1, subpage 4287
pages           > flushing realpage 4288, userpage 1, subpage 4288
pages           > flushing realpage 4289, userpage 1, subpage 4289
pages           > flushing realpage 4290, userpage 1, subpage 4290
pages           > flushing realpage 4291, userpage 1, subpage 4291
pages           > flushing realpage 4292, userpage 1, subpage 4292
pages           > flushing realpage 4293, userpage 1, subpage 4293
pages           > flushing realpage 4294, userpage 1, subpage 4294
pages           > flushing realpage 4295, userpage 1, subpage 4295
pages           > flushing realpage 4296, userpage 1, subpage 4296
pages           > flushing realpage 4297, userpage 1, subpage 4297
pages           > flushing realpage 4298, userpage 1, subpage 4298
pages           > flushing realpage 4299, userpage 1, subpage 4299
pages           > flushing realpage 4300, userpage 1, subpage 4300
pages           > flushing realpage 4301, userpage 1, subpage 4301
pages           > flushing realpage 4302, userpage 1, subpage 4302
pages           > flushing realpage 4303, userpage 1, subpage 4303
pages           > flushing realpage 4304, userpage 1, subpage 4304
pages           > flushing realpage 4305, userpage 1, subpage 4305
pages           > flushing realpage 4306, userpage 1, subpage 4306
pages           > flushing realpage 4307, userpage 1, subpage 4307
pages           > flushing realpage 4308, userpage 1, subpage 4308
pages           > flushing realpage 4309, userpage 1, subpage 4309
pages           > flushing realpage 4310, userpage 1, subpage 4310
pages           > flushing realpage 4311, userpage 1, subpage 4311
pages           > flushing realpage 4312, userpage 1, subpage 4312
pages           > flushing realpage 4313, userpage 1, subpage 4313
pages           > flushing realpage 4314, userpage 1, subpage 4314
pages           > flushing realpage 4315, userpage 1, subpage 4315
pages           > flushing realpage 4316, userpage 1, subpage 4316
pages           > flushing realpage 4317, userpage 1, subpage 4317
pages           > flushing realpage 4318, userpage 1, subpage 4318
pages           > flushing realpage 4319, userpage 1, subpage 4319
pages           > flushing realpage 4320, userpage 1, subpage 4320
pages           > flushing realpage 4321, userpage 1, subpage 4321
pages           > flushing realpage 4322, userpage 1, subpage 4322
pages           > flushing realpage 4323, userpage 1, subpage 4323
pages           > flushing realpage 4324, userpage 1, subpage 4324
pages           > flushing realpage 4325, userpage 1, subpage 4325
pages           > flushing realpage 4326, userpage 1, subpage 4326
pages           > flushing realpage 4327, userpage 1, subpage 4327
pages           > flushing realpage 4328, userpage 1, subpage 4328
pages           > flushing realpage 4329, userpage 1, subpage 4329
pages           > flushing realpage 4330, userpage 1, subpage 4330
pages           > flushing realpage 4331, userpage 1, subpage 4331
pages           > flushing realpage 4332, userpage 1, subpage 4332
pages           > flushing realpage 4333, userpage 1, subpage 4333
pages           > flushing realpage 4334, userpage 1, subpage 4334
pages           > flushing realpage 4335, userpage 1, subpage 4335
pages           > flushing realpage 4336, userpage 1, subpage 4336
pages           > flushing realpage 4337, userpage 1, subpage 4337
pages           > flushing realpage 4338, userpage 1, subpage 4338
pages           > flushing realpage 4339, userpage 1, subpage 4339
pages           > flushing realpage 4340, userpage 1, subpage 4340
pages           > flushing realpage 4341, userpage 1, subpage 4341
pages           > flushing realpage 4342, userpage 1, subpage 4342
pages           > flushing realpage 4343, userpage 1, subpage 4343
pages           > flushing realpage 4344, userpage 1, subpage 4344
pages           > flushing realpage 4345, userpage 1, subpage 4345
pages           > flushing realpage 4346, userpage 1, subpage 4346
pages           > flushing realpage 4347, userpage 1, subpage 4347
pages           > flushing realpage 4348, userpage 1, subpage 4348
pages           > flushing realpage 4349, userpage 1, subpage 4349
pages           > flushing realpage 4350, userpage 1, subpage 4350
pages           > flushing realpage 4351, userpage 1, subpage 4351
pages           > flushing realpage 4352, userpage 1, subpage 4352
pages           > flushing realpage 4353, userpage 1, subpage 4353
pages           > flushing realpage 4354, userpage 1, subpage 4354
pages           > flushing realpage 4355, userpage 1, subpage 4355
pages           > flushing realpage 4356, userpage 1, subpage 4356
pages           > flushing realpage 4357, userpage 1, subpage 4357
pages           > flushing realpage 4358, userpage 1, subpage 4358
pages           > flushing realpage 4359, userpage 1, subpage 4359
pages           > flushing realpage 4360, userpage 1, subpage 4360
pages           > flushing realpage 4361, userpage 1, subpage 4361
pages           > flushing realpage 4362, userpage 1, subpage 4362
pages           > flushing realpage 4363, userpage 1, subpage 4363
pages           > flushing realpage 4364, userpage 1, subpage 4364
pages           > flushing realpage 4365, userpage 1, subpage 4365
pages           > flushing realpage 4366, userpage 1, subpage 4366
pages           > flushing realpage 4367, userpage 1, subpage 4367
pages           > flushing realpage 4368, userpage 1, subpage 4368
pages           > flushing realpage 4369, userpage 1, subpage 4369
pages           > flushing realpage 4370, userpage 1, subpage 4370
pages           > flushing realpage 4371, userpage 1, subpage 4371
pages           > flushing realpage 4372, userpage 1, subpage 4372
pages           > flushing realpage 4373, userpage 1, subpage 4373
pages           > flushing realpage 4374, userpage 1, subpage 4374
pages           > flushing realpage 4375, userpage 1, subpage 4375
pages           > flushing realpage 4376, userpage 1, subpage 4376
pages           > flushing realpage 4377, userpage 1, subpage 4377
pages           > flushing realpage 4378, userpage 1, subpage 4378
pages           > flushing realpage 4379, userpage 1, subpage 4379
pages           > flushing realpage 4380, userpage 1, subpage 4380
pages           > flushing realpage 4381, userpage 1, subpage 4381
pages           > flushing realpage 4382, userpage 1, subpage 4382
pages           > flushing realpage 4383, userpage 1, subpage 4383
pages           > flushing realpage 4384, userpage 1, subpage 4384
pages           > flushing realpage 4385, userpage 1, subpage 4385
pages           > flushing realpage 4386, userpage 1, subpage 4386
pages           > flushing realpage 4387, userpage 1, subpage 4387
pages           > flushing realpage 4388, userpage 1, subpage 4388
pages           > flushing realpage 4389, userpage 1, subpage 4389
pages           > flushing realpage 4390, userpage 1, subpage 4390
pages           > flushing realpage 4391, userpage 1, subpage 4391
pages           > flushing realpage 4392, userpage 1, subpage 4392
pages           > flushing realpage 4393, userpage 1, subpage 4393
pages           > flushing realpage 4394, userpage 1, subpage 4394
pages           > flushing realpage 4395, userpage 1, subpage 4395
pages           > flushing realpage 4396, userpage 1, subpage 4396
pages           > flushing realpage 4397, userpage 1, subpage 4397
pages           > flushing realpage 4398, userpage 1, subpage 4398
pages           > flushing realpage 4399, userpage 1, subpage 4399
pages           > flushing realpage 4400, userpage 1, subpage 4400
pages           > flushing realpage 4401, userpage 1, subpage 4401
pages           > flushing realpage 4402, userpage 1, subpage 4402
pages           > flushing realpage 4403, userpage 1, subpage 4403
pages           > flushing realpage 4404, userpage 1, subpage 4404
pages           > flushing realpage 4405, userpage 1, subpage 4405
pages           > flushing realpage 4406, userpage 1, subpage 4406
pages           > flushing realpage 4407, userpage 1, subpage 4407
pages           > flushing realpage 4408, userpage 1, subpage 4408
pages           > flushing realpage 4409, userpage 1, subpage 4409
pages           > flushing realpage 4410, userpage 1, subpage 4410
pages           > flushing realpage 4411, userpage 1, subpage 4411
pages           > flushing realpage 4412, userpage 1, subpage 4412
pages           > flushing realpage 4413, userpage 1, subpage 4413
pages           > flushing realpage 4414, userpage 1, subpage 4414
pages           > flushing realpage 4415, userpage 1, subpage 4415
pages           > flushing realpage 4416, userpage 1, subpage 4416
pages           > flushing realpage 4417, userpage 1, subpage 4417
pages           > flushing realpage 4418, userpage 1, subpage 4418
pages           > flushing realpage 4419, userpage 1, subpage 4419
pages           > flushing realpage 4420, userpage 1, subpage 4420
pages           > flushing realpage 4421, userpage 1, subpage 4421
pages           > flushing realpage 4422, userpage 1, subpage 4422
pages           > flushing realpage 4423, userpage 1, subpage 4423
pages           > flushing realpage 4424, userpage 1, subpage 4424
pages           > flushing realpage 4425, userpage 1, subpage 4425
pages           > flushing realpage 4426, userpage 1, subpage 4426
pages           > flushing realpage 4427, userpage 1, subpage 4427
pages           > flushing realpage 4428, userpage 1, subpage 4428
pages           > flushing realpage 4429, userpage 1, subpage 4429
pages           > flushing realpage 4430, userpage 1, subpage 4430
pages           > flushing realpage 4431, userpage 1, subpage 4431
pages           > flushing realpage 4432, userpage 1, subpage 4432
pages           > flushing realpage 4433, userpage 1, subpage 4433
pages           > flushing realpage 4434, userpage 1, subpage 4434
pages           > flushing realpage 4435, userpage 1, subpage 4435
pages           > flushing realpage 4436, userpage 1, subpage 4436
pages           > flushing realpage 4437, userpage 1, subpage 4437
pages           > flushing realpage 4438, userpage 1, subpage 4438
pages           > flushing realpage 4439, userpage 1, subpage 4439
pages           > flushing realpage 4440, userpage 1, subpage 4440
pages           > flushing realpage 4441, userpage 1, subpage 4441
pages           > flushing realpage 4442, userpage 1, subpage 4442
pages           > flushing realpage 4443, userpage 1, subpage 4443
pages           > flushing realpage 4444, userpage 1, subpage 4444
pages           > flushing realpage 4445, userpage 1, subpage 4445
pages           > flushing realpage 4446, userpage 1, subpage 4446
pages           > flushing realpage 4447, userpage 1, subpage 4447
pages           > flushing realpage 4448, userpage 1, subpage 4448
pages           > flushing realpage 4449, userpage 1, subpage 4449
pages           > flushing realpage 4450, userpage 1, subpage 4450
pages           > flushing realpage 4451, userpage 1, subpage 4451
pages           > flushing realpage 4452, userpage 1, subpage 4452
pages           > flushing realpage 4453, userpage 1, subpage 4453
pages           > flushing realpage 4454, userpage 1, subpage 4454
pages           > flushing realpage 4455, userpage 1, subpage 4455
pages           > flushing realpage 4456, userpage 1, subpage 4456
pages           > flushing realpage 4457, userpage 1, subpage 4457
pages           > flushing realpage 4458, userpage 1, subpage 4458
pages           > flushing realpage 4459, userpage 1, subpage 4459
pages           > flushing realpage 4460, userpage 1, subpage 4460
pages           > flushing realpage 4461, userpage 1, subpage 4461
pages           > flushing realpage 4462, userpage 1, subpage 4462
pages           > flushing realpage 4463, userpage 1, subpage 4463
pages           > flushing realpage 4464, userpage 1, subpage 4464
pages           > flushing realpage 4465, userpage 1, subpage 4465
pages           > flushing realpage 4466, userpage 1, subpage 4466
pages           > flushing realpage 4467, userpage 1, subpage 4467
pages           > flushing realpage 4468, userpage 1, subpage 4468
pages           > flushing realpage 4469, userpage 1, subpage 4469
pages           > flushing realpage 4470, userpage 1, subpage 4470
pages           > flushing realpage 4471, userpage 1, subpage 4471
pages           > flushing realpage 4472, userpage 1, subpage 4472
pages           > flushing realpage 4473, userpage 1, subpage 4473
pages           > flushing realpage 4474, userpage 1, subpage 4474
pages           > flushing realpage 4475, userpage 1, subpage 4475
pages           > flushing realpage 4476, userpage 1, subpage 4476
pages           > flushing realpage 4477, userpage 1, subpage 4477
pages           > flushing realpage 4478, userpage 1, subpage 4478
pages           > flushing realpage 4479, userpage 1, subpage 4479
pages           > flushing realpage 4480, userpage 1, subpage 4480
pages           > flushing realpage 4481, userpage 1, subpage 4481
pages           > flushing realpage 4482, userpage 1, subpage 4482
pages           > flushing realpage 4483, userpage 1, subpage 4483
pages           > flushing realpage 4484, userpage 1, subpage 4484
pages           > flushing realpage 4485, userpage 1, subpage 4485
pages           > flushing realpage 4486, userpage 1, subpage 4486
pages           > flushing realpage 4487, userpage 1, subpage 4487
pages           > flushing realpage 4488, userpage 1, subpage 4488
pages           > flushing realpage 4489, userpage 1, subpage 4489
pages           > flushing realpage 4490, userpage 1, subpage 4490
pages           > flushing realpage 4491, userpage 1, subpage 4491
pages           > flushing realpage 4492, userpage 1, subpage 4492
pages           > flushing realpage 4493, userpage 1, subpage 4493
pages           > flushing realpage 4494, userpage 1, subpage 4494
pages           > flushing realpage 4495, userpage 1, subpage 4495
pages           > flushing realpage 4496, userpage 1, subpage 4496
pages           > flushing realpage 4497, userpage 1, subpage 4497
pages           > flushing realpage 4498, userpage 1, subpage 4498
pages           > flushing realpage 4499, userpage 1, subpage 4499
pages           > flushing realpage 4500, userpage 1, subpage 4500
pages           > flushing realpage 4501, userpage 1, subpage 4501
pages           > flushing realpage 4502, userpage 1, subpage 4502
pages           > flushing realpage 4503, userpage 1, subpage 4503
pages           > flushing realpage 4504, userpage 1, subpage 4504
pages           > flushing realpage 4505, userpage 1, subpage 4505
pages           > flushing realpage 4506, userpage 1, subpage 4506
pages           > flushing realpage 4507, userpage 1, subpage 4507
pages           > flushing realpage 4508, userpage 1, subpage 4508
pages           > flushing realpage 4509, userpage 1, subpage 4509
pages           > flushing realpage 4510, userpage 1, subpage 4510
pages           > flushing realpage 4511, userpage 1, subpage 4511
pages           > flushing realpage 4512, userpage 1, subpage 4512
pages           > flushing realpage 4513, userpage 1, subpage 4513
pages           > flushing realpage 4514, userpage 1, subpage 4514
pages           > flushing realpage 4515, userpage 1, subpage 4515
pages           > flushing realpage 4516, userpage 1, subpage 4516
pages           > flushing realpage 4517, userpage 1, subpage 4517
pages           > flushing realpage 4518, userpage 1, subpage 4518
pages           > flushing realpage 4519, userpage 1, subpage 4519
pages           > flushing realpage 4520, userpage 1, subpage 4520
pages           > flushing realpage 4521, userpage 1, subpage 4521
pages           > flushing realpage 4522, userpage 1, subpage 4522
pages           > flushing realpage 4523, userpage 1, subpage 4523
pages           > flushing realpage 4524, userpage 1, subpage 4524
pages           > flushing realpage 4525, userpage 1, subpage 4525
pages           > flushing realpage 4526, userpage 1, subpage 4526
pages           > flushing realpage 4527, userpage 1, subpage 4527
pages           > flushing realpage 4528, userpage 1, subpage 4528
pages           > flushing realpage 4529, userpage 1, subpage 4529
pages           > flushing realpage 4530, userpage 1, subpage 4530
pages           > flushing realpage 4531, userpage 1, subpage 4531
pages           > flushing realpage 4532, userpage 1, subpage 4532
pages           > flushing realpage 4533, userpage 1, subpage 4533
pages           > flushing realpage 4534, userpage 1, subpage 4534
pages           > flushing realpage 4535, userpage 1, subpage 4535
pages           > flushing realpage 4536, userpage 1, subpage 4536
pages           > flushing realpage 4537, userpage 1, subpage 4537
pages           > flushing realpage 4538, userpage 1, subpage 4538
pages           > flushing realpage 4539, userpage 1, subpage 4539
pages           > flushing realpage 4540, userpage 1, subpage 4540
pages           > flushing realpage 4541, userpage 1, subpage 4541
pages           > flushing realpage 4542, userpage 1, subpage 4542
pages           > flushing realpage 4543, userpage 1, subpage 4543
pages           > flushing realpage 4544, userpage 1, subpage 4544
pages           > flushing realpage 4545, userpage 1, subpage 4545
pages           > flushing realpage 4546, userpage 1, subpage 4546
pages           > flushing realpage 4547, userpage 1, subpage 4547
pages           > flushing realpage 4548, userpage 1, subpage 4548
pages           > flushing realpage 4549, userpage 1, subpage 4549
pages           > flushing realpage 4550, userpage 1, subpage 4550
pages           > flushing realpage 4551, userpage 1, subpage 4551
pages           > flushing realpage 4552, userpage 1, subpage 4552
pages           > flushing realpage 4553, userpage 1, subpage 4553
pages           > flushing realpage 4554, userpage 1, subpage 4554
pages           > flushing realpage 4555, userpage 1, subpage 4555
pages           > flushing realpage 4556, userpage 1, subpage 4556
pages           > flushing realpage 4557, userpage 1, subpage 4557
pages           > flushing realpage 4558, userpage 1, subpage 4558
pages           > flushing realpage 4559, userpage 1, subpage 4559
pages           > flushing realpage 4560, userpage 1, subpage 4560
pages           > flushing realpage 4561, userpage 1, subpage 4561
pages           > flushing realpage 4562, userpage 1, subpage 4562
pages           > flushing realpage 4563, userpage 1, subpage 4563
pages           > flushing realpage 4564, userpage 1, subpage 4564
pages           > flushing realpage 4565, userpage 1, subpage 4565
pages           > flushing realpage 4566, userpage 1, subpage 4566
pages           > flushing realpage 4567, userpage 1, subpage 4567
pages           > flushing realpage 4568, userpage 1, subpage 4568
pages           > flushing realpage 4569, userpage 1, subpage 4569
pages           > flushing realpage 4570, userpage 1, subpage 4570
pages           > flushing realpage 4571, userpage 1, subpage 4571
pages           > flushing realpage 4572, userpage 1, subpage 4572
pages           > flushing realpage 4573, userpage 1, subpage 4573
pages           > flushing realpage 4574, userpage 1, subpage 4574
pages           > flushing realpage 4575, userpage 1, subpage 4575
pages           > flushing realpage 4576, userpage 1, subpage 4576
pages           > flushing realpage 4577, userpage 1, subpage 4577
pages           > flushing realpage 4578, userpage 1, subpage 4578
pages           > flushing realpage 4579, userpage 1, subpage 4579
pages           > flushing realpage 4580, userpage 1, subpage 4580
pages           > flushing realpage 4581, userpage 1, subpage 4581
pages           > flushing realpage 4582, userpage 1, subpage 4582
pages           > flushing realpage 4583, userpage 1, subpage 4583
pages           > flushing realpage 4584, userpage 1, subpage 4584
pages           > flushing realpage 4585, userpage 1, subpage 4585
pages           > flushing realpage 4586, userpage 1, subpage 4586
pages           > flushing realpage 4587, userpage 1, subpage 4587
pages           > flushing realpage 4588, userpage 1, subpage 4588
pages           > flushing realpage 4589, userpage 1, subpage 4589
pages           > flushing realpage 4590, userpage 1, subpage 4590
pages           > flushing realpage 4591, userpage 1, subpage 4591
pages           > flushing realpage 4592, userpage 1, subpage 4592
pages           > flushing realpage 4593, userpage 1, subpage 4593
pages           > flushing realpage 4594, userpage 1, subpage 4594
pages           > flushing realpage 4595, userpage 1, subpage 4595
pages           > flushing realpage 4596, userpage 1, subpage 4596
pages           > flushing realpage 4597, userpage 1, subpage 4597
pages           > flushing realpage 4598, userpage 1, subpage 4598
pages           > flushing realpage 4599, userpage 1, subpage 4599
pages           > flushing realpage 4600, userpage 1, subpage 4600
pages           > flushing realpage 4601, userpage 1, subpage 4601
pages           > flushing realpage 4602, userpage 1, subpage 4602
pages           > flushing realpage 4603, userpage 1, subpage 4603
pages           > flushing realpage 4604, userpage 1, subpage 4604
pages           > flushing realpage 4605, userpage 1, subpage 4605
pages           > flushing realpage 4606, userpage 1, subpage 4606
pages           > flushing realpage 4607, userpage 1, subpage 4607
pages           > flushing realpage 4608, userpage 1, subpage 4608
pages           > flushing realpage 4609, userpage 1, subpage 4609
pages           > flushing realpage 4610, userpage 1, subpage 4610
pages           > flushing realpage 4611, userpage 1, subpage 4611
pages           > flushing realpage 4612, userpage 1, subpage 4612
pages           > flushing realpage 4613, userpage 1, subpage 4613
pages           > flushing realpage 4614, userpage 1, subpage 4614
pages           > flushing realpage 4615, userpage 1, subpage 4615
pages           > flushing realpage 4616, userpage 1, subpage 4616
pages           > flushing realpage 4617, userpage 1, subpage 4617
pages           > flushing realpage 4618, userpage 1, subpage 4618
pages           > flushing realpage 4619, userpage 1, subpage 4619
pages           > flushing realpage 4620, userpage 1, subpage 4620
pages           > flushing realpage 4621, userpage 1, subpage 4621
pages           > flushing realpage 4622, userpage 1, subpage 4622
pages           > flushing realpage 4623, userpage 1, subpage 4623
pages           > flushing realpage 4624, userpage 1, subpage 4624
pages           > flushing realpage 4625, userpage 1, subpage 4625
pages           > flushing realpage 4626, userpage 1, subpage 4626
pages           > flushing realpage 4627, userpage 1, subpage 4627
pages           > flushing realpage 4628, userpage 1, subpage 4628
pages           > flushing realpage 4629, userpage 1, subpage 4629
pages           > flushing realpage 4630, userpage 1, subpage 4630
pages           > flushing realpage 4631, userpage 1, subpage 4631
pages           > flushing realpage 4632, userpage 1, subpage 4632
pages           > flushing realpage 4633, userpage 1, subpage 4633
pages           > flushing realpage 4634, userpage 1, subpage 4634
pages           > flushing realpage 4635, userpage 1, subpage 4635
pages           > flushing realpage 4636, userpage 1, subpage 4636
pages           > flushing realpage 4637, userpage 1, subpage 4637
pages           > flushing realpage 4638, userpage 1, subpage 4638
pages           > flushing realpage 4639, userpage 1, subpage 4639
pages           > flushing realpage 4640, userpage 1, subpage 4640
pages           > flushing realpage 4641, userpage 1, subpage 4641
pages           > flushing realpage 4642, userpage 1, subpage 4642
pages           > flushing realpage 4643, userpage 1, subpage 4643
pages           > flushing realpage 4644, userpage 1, subpage 4644
pages           > flushing realpage 4645, userpage 1, subpage 4645
pages           > flushing realpage 4646, userpage 1, subpage 4646
pages           > flushing realpage 4647, userpage 1, subpage 4647
pages           > flushing realpage 4648, userpage 1, subpage 4648
pages           > flushing realpage 4649, userpage 1, subpage 4649
pages           > flushing realpage 4650, userpage 1, subpage 4650
pages           > flushing realpage 4651, userpage 1, subpage 4651
pages           > flushing realpage 4652, userpage 1, subpage 4652
pages           > flushing realpage 4653, userpage 1, subpage 4653
pages           > flushing realpage 4654, userpage 1, subpage 4654
pages           > flushing realpage 4655, userpage 1, subpage 4655
pages           > flushing realpage 4656, userpage 1, subpage 4656
pages           > flushing realpage 4657, userpage 1, subpage 4657
pages           > flushing realpage 4658, userpage 1, subpage 4658
pages           > flushing realpage 4659, userpage 1, subpage 4659
pages           > flushing realpage 4660, userpage 1, subpage 4660
pages           > flushing realpage 4661, userpage 1, subpage 4661
pages           > flushing realpage 4662, userpage 1, subpage 4662
pages           > flushing realpage 4663, userpage 1, subpage 4663
pages           > flushing realpage 4664, userpage 1, subpage 4664
pages           > flushing realpage 4665, userpage 1, subpage 4665
pages           > flushing realpage 4666, userpage 1, subpage 4666
pages           > flushing realpage 4667, userpage 1, subpage 4667
pages           > flushing realpage 4668, userpage 1, subpage 4668
pages           > flushing realpage 4669, userpage 1, subpage 4669
pages           > flushing realpage 4670, userpage 1, subpage 4670
pages           > flushing realpage 4671, userpage 1, subpage 4671
pages           > flushing realpage 4672, userpage 1, subpage 4672
pages           > flushing realpage 4673, userpage 1, subpage 4673
pages           > flushing realpage 4674, userpage 1, subpage 4674
pages           > flushing realpage 4675, userpage 1, subpage 4675
pages           > flushing realpage 4676, userpage 1, subpage 4676
pages           > flushing realpage 4677, userpage 1, subpage 4677
pages           > flushing realpage 4678, userpage 1, subpage 4678
pages           > flushing realpage 4679, userpage 1, subpage 4679
pages           > flushing realpage 4680, userpage 1, subpage 4680
pages           > flushing realpage 4681, userpage 1, subpage 4681
pages           > flushing realpage 4682, userpage 1, subpage 4682
pages           > flushing realpage 4683, userpage 1, subpage 4683
pages           > flushing realpage 4684, userpage 1, subpage 4684
pages           > flushing realpage 4685, userpage 1, subpage 4685
pages           > flushing realpage 4686, userpage 1, subpage 4686
pages           > flushing realpage 4687, userpage 1, subpage 4687
pages           > flushing realpage 4688, userpage 1, subpage 4688
pages           > flushing realpage 4689, userpage 1, subpage 4689
pages           > flushing realpage 4690, userpage 1, subpage 4690
pages           > flushing realpage 4691, userpage 1, subpage 4691
pages           > flushing realpage 4692, userpage 1, subpage 4692
pages           > flushing realpage 4693, userpage 1, subpage 4693
pages           > flushing realpage 4694, userpage 1, subpage 4694
pages           > flushing realpage 4695, userpage 1, subpage 4695
pages           > flushing realpage 4696, userpage 1, subpage 4696
pages           > flushing realpage 4697, userpage 1, subpage 4697
pages           > flushing realpage 4698, userpage 1, subpage 4698
pages           > flushing realpage 4699, userpage 1, subpage 4699
pages           > flushing realpage 4700, userpage 1, subpage 4700
pages           > flushing realpage 4701, userpage 1, subpage 4701
pages           > flushing realpage 4702, userpage 1, subpage 4702
pages           > flushing realpage 4703, userpage 1, subpage 4703
pages           > flushing realpage 4704, userpage 1, subpage 4704
pages           > flushing realpage 4705, userpage 1, subpage 4705
pages           > flushing realpage 4706, userpage 1, subpage 4706
pages           > flushing realpage 4707, userpage 1, subpage 4707
pages           > flushing realpage 4708, userpage 1, subpage 4708
pages           > flushing realpage 4709, userpage 1, subpage 4709
pages           > flushing realpage 4710, userpage 1, subpage 4710
pages           > flushing realpage 4711, userpage 1, subpage 4711
pages           > flushing realpage 4712, userpage 1, subpage 4712
pages           > flushing realpage 4713, userpage 1, subpage 4713
pages           > flushing realpage 4714, userpage 1, subpage 4714
pages           > flushing realpage 4715, userpage 1, subpage 4715
pages           > flushing realpage 4716, userpage 1, subpage 4716
pages           > flushing realpage 4717, userpage 1, subpage 4717
pages           > flushing realpage 4718, userpage 1, subpage 4718
pages           > flushing realpage 4719, userpage 1, subpage 4719
pages           > flushing realpage 4720, userpage 1, subpage 4720
pages           > flushing realpage 4721, userpage 1, subpage 4721
pages           > flushing realpage 4722, userpage 1, subpage 4722
pages           > flushing realpage 4723, userpage 1, subpage 4723
pages           > flushing realpage 4724, userpage 1, subpage 4724
pages           > flushing realpage 4725, userpage 1, subpage 4725
pages           > flushing realpage 4726, userpage 1, subpage 4726
pages           > flushing realpage 4727, userpage 1, subpage 4727
pages           > flushing realpage 4728, userpage 1, subpage 4728
pages           > flushing realpage 4729, userpage 1, subpage 4729
pages           > flushing realpage 4730, userpage 1, subpage 4730
pages           > flushing realpage 4731, userpage 1, subpage 4731
pages           > flushing realpage 4732, userpage 1, subpage 4732
pages           > flushing realpage 4733, userpage 1, subpage 4733
pages           > flushing realpage 4734, userpage 1, subpage 4734
pages           > flushing realpage 4735, userpage 1, subpage 4735
pages           > flushing realpage 4736, userpage 1, subpage 4736
pages           > flushing realpage 4737, userpage 1, subpage 4737
pages           > flushing realpage 4738, userpage 1, subpage 4738
pages           > flushing realpage 4739, userpage 1, subpage 4739
pages           > flushing realpage 4740, userpage 1, subpage 4740
pages           > flushing realpage 4741, userpage 1, subpage 4741
pages           > flushing realpage 4742, userpage 1, subpage 4742
pages           > flushing realpage 4743, userpage 1, subpage 4743
pages           > flushing realpage 4744, userpage 1, subpage 4744
pages           > flushing realpage 4745, userpage 1, subpage 4745
pages           > flushing realpage 4746, userpage 1, subpage 4746
pages           > flushing realpage 4747, userpage 1, subpage 4747
pages           > flushing realpage 4748, userpage 1, subpage 4748
pages           > flushing realpage 4749, userpage 1, subpage 4749
pages           > flushing realpage 4750, userpage 1, subpage 4750
pages           > flushing realpage 4751, userpage 1, subpage 4751
pages           > flushing realpage 4752, userpage 1, subpage 4752
pages           > flushing realpage 4753, userpage 1, subpage 4753
pages           > flushing realpage 4754, userpage 1, subpage 4754
pages           > flushing realpage 4755, userpage 1, subpage 4755
pages           > flushing realpage 4756, userpage 1, subpage 4756
pages           > flushing realpage 4757, userpage 1, subpage 4757
pages           > flushing realpage 4758, userpage 1, subpage 4758
pages           > flushing realpage 4759, userpage 1, subpage 4759
pages           > flushing realpage 4760, userpage 1, subpage 4760
pages           > flushing realpage 4761, userpage 1, subpage 4761
pages           > flushing realpage 4762, userpage 1, subpage 4762
pages           > flushing realpage 4763, userpage 1, subpage 4763
pages           > flushing realpage 4764, userpage 1, subpage 4764
pages           > flushing realpage 4765, userpage 1, subpage 4765
pages           > flushing realpage 4766, userpage 1, subpage 4766
pages           > flushing realpage 4767, userpage 1, subpage 4767
pages           > flushing realpage 4768, userpage 1, subpage 4768
pages           > flushing realpage 4769, userpage 1, subpage 4769
pages           > flushing realpage 4770, userpage 1, subpage 4770
pages           > flushing realpage 4771, userpage 1, subpage 4771
pages           > flushing realpage 4772, userpage 1, subpage 4772
pages           > flushing realpage 4773, userpage 1, subpage 4773
pages           > flushing realpage 4774, userpage 1, subpage 4774
pages           > flushing realpage 4775, userpage 1, subpage 4775
pages           > flushing realpage 4776, userpage 1, subpage 4776
pages           > flushing realpage 4777, userpage 1, subpage 4777
pages           > flushing realpage 4778, userpage 1, subpage 4778
pages           > flushing realpage 4779, userpage 1, subpage 4779
pages           > flushing realpage 4780, userpage 1, subpage 4780
pages           > flushing realpage 4781, userpage 1, subpage 4781
pages           > flushing realpage 4782, userpage 1, subpage 4782
pages           > flushing realpage 4783, userpage 1, subpage 4783
pages           > flushing realpage 4784, userpage 1, subpage 4784
pages           > flushing realpage 4785, userpage 1, subpage 4785
pages           > flushing realpage 4786, userpage 1, subpage 4786
pages           > flushing realpage 4787, userpage 1, subpage 4787
pages           > flushing realpage 4788, userpage 1, subpage 4788
pages           > flushing realpage 4789, userpage 1, subpage 4789
pages           > flushing realpage 4790, userpage 1, subpage 4790
pages           > flushing realpage 4791, userpage 1, subpage 4791
pages           > flushing realpage 4792, userpage 1, subpage 4792
pages           > flushing realpage 4793, userpage 1, subpage 4793
pages           > flushing realpage 4794, userpage 1, subpage 4794
pages           > flushing realpage 4795, userpage 1, subpage 4795
pages           > flushing realpage 4796, userpage 1, subpage 4796
pages           > flushing realpage 4797, userpage 1, subpage 4797
pages           > flushing realpage 4798, userpage 1, subpage 4798
pages           > flushing realpage 4799, userpage 1, subpage 4799
pages           > flushing realpage 4800, userpage 1, subpage 4800
pages           > flushing realpage 4801, userpage 1, subpage 4801
pages           > flushing realpage 4802, userpage 1, subpage 4802
pages           > flushing realpage 4803, userpage 1, subpage 4803
pages           > flushing realpage 4804, userpage 1, subpage 4804
pages           > flushing realpage 4805, userpage 1, subpage 4805
pages           > flushing realpage 4806, userpage 1, subpage 4806
pages           > flushing realpage 4807, userpage 1, subpage 4807
pages           > flushing realpage 4808, userpage 1, subpage 4808
pages           > flushing realpage 4809, userpage 1, subpage 4809
pages           > flushing realpage 4810, userpage 1, subpage 4810
pages           > flushing realpage 4811, userpage 1, subpage 4811
pages           > flushing realpage 4812, userpage 1, subpage 4812
pages           > flushing realpage 4813, userpage 1, subpage 4813
pages           > flushing realpage 4814, userpage 1, subpage 4814
pages           > flushing realpage 4815, userpage 1, subpage 4815
pages           > flushing realpage 4816, userpage 1, subpage 4816
pages           > flushing realpage 4817, userpage 1, subpage 4817
pages           > flushing realpage 4818, userpage 1, subpage 4818
pages           > flushing realpage 4819, userpage 1, subpage 4819
pages           > flushing realpage 4820, userpage 1, subpage 4820
pages           > flushing realpage 4821, userpage 1, subpage 4821
pages           > flushing realpage 4822, userpage 1, subpage 4822
pages           > flushing realpage 4823, userpage 1, subpage 4823
pages           > flushing realpage 4824, userpage 1, subpage 4824
pages           > flushing realpage 4825, userpage 1, subpage 4825
pages           > flushing realpage 4826, userpage 1, subpage 4826
pages           > flushing realpage 4827, userpage 1, subpage 4827
pages           > flushing realpage 4828, userpage 1, subpage 4828
pages           > flushing realpage 4829, userpage 1, subpage 4829
pages           > flushing realpage 4830, userpage 1, subpage 4830
pages           > flushing realpage 4831, userpage 1, subpage 4831
pages           > flushing realpage 4832, userpage 1, subpage 4832
pages           > flushing realpage 4833, userpage 1, subpage 4833
pages           > flushing realpage 4834, userpage 1, subpage 4834
pages           > flushing realpage 4835, userpage 1, subpage 4835
pages           > flushing realpage 4836, userpage 1, subpage 4836
pages           > flushing realpage 4837, userpage 1, subpage 4837
pages           > flushing realpage 4838, userpage 1, subpage 4838
pages           > flushing realpage 4839, userpage 1, subpage 4839
pages           > flushing realpage 4840, userpage 1, subpage 4840
pages           > flushing realpage 4841, userpage 1, subpage 4841
pages           > flushing realpage 4842, userpage 1, subpage 4842
pages           > flushing realpage 4843, userpage 1, subpage 4843
pages           > flushing realpage 4844, userpage 1, subpage 4844
pages           > flushing realpage 4845, userpage 1, subpage 4845
pages           > flushing realpage 4846, userpage 1, subpage 4846
pages           > flushing realpage 4847, userpage 1, subpage 4847
pages           > flushing realpage 4848, userpage 1, subpage 4848
pages           > flushing realpage 4849, userpage 1, subpage 4849
pages           > flushing realpage 4850, userpage 1, subpage 4850
pages           > flushing realpage 4851, userpage 1, subpage 4851
pages           > flushing realpage 4852, userpage 1, subpage 4852
pages           > flushing realpage 4853, userpage 1, subpage 4853
pages           > flushing realpage 4854, userpage 1, subpage 4854
pages           > flushing realpage 4855, userpage 1, subpage 4855
pages           > flushing realpage 4856, userpage 1, subpage 4856
pages           > flushing realpage 4857, userpage 1, subpage 4857
pages           > flushing realpage 4858, userpage 1, subpage 4858
pages           > flushing realpage 4859, userpage 1, subpage 4859
pages           > flushing realpage 4860, userpage 1, subpage 4860
pages           > flushing realpage 4861, userpage 1, subpage 4861
pages           > flushing realpage 4862, userpage 1, subpage 4862
pages           > flushing realpage 4863, userpage 1, subpage 4863
pages           > flushing realpage 4864, userpage 1, subpage 4864
pages           > flushing realpage 4865, userpage 1, subpage 4865
pages           > flushing realpage 4866, userpage 1, subpage 4866
pages           > flushing realpage 4867, userpage 1, subpage 4867
pages           > flushing realpage 4868, userpage 1, subpage 4868
pages           > flushing realpage 4869, userpage 1, subpage 4869
pages           > flushing realpage 4870, userpage 1, subpage 4870
pages           > flushing realpage 4871, userpage 1, subpage 4871
pages           > flushing realpage 4872, userpage 1, subpage 4872
pages           > flushing realpage 4873, userpage 1, subpage 4873
pages           > flushing realpage 4874, userpage 1, subpage 4874
pages           > flushing realpage 4875, userpage 1, subpage 4875
pages           > flushing realpage 4876, userpage 1, subpage 4876
pages           > flushing realpage 4877, userpage 1, subpage 4877
pages           > flushing realpage 4878, userpage 1, subpage 4878
pages           > flushing realpage 4879, userpage 1, subpage 4879
pages           > flushing realpage 4880, userpage 1, subpage 4880
pages           > flushing realpage 4881, userpage 1, subpage 4881
pages           > flushing realpage 4882, userpage 1, subpage 4882
pages           > flushing realpage 4883, userpage 1, subpage 4883
pages           > flushing realpage 4884, userpage 1, subpage 4884
pages           > flushing realpage 4885, userpage 1, subpage 4885
pages           > flushing realpage 4886, userpage 1, subpage 4886
pages           > flushing realpage 4887, userpage 1, subpage 4887
pages           > flushing realpage 4888, userpage 1, subpage 4888
pages           > flushing realpage 4889, userpage 1, subpage 4889
pages           > flushing realpage 4890, userpage 1, subpage 4890
pages           > flushing realpage 4891, userpage 1, subpage 4891
pages           > flushing realpage 4892, userpage 1, subpage 4892
pages           > flushing realpage 4893, userpage 1, subpage 4893
pages           > flushing realpage 4894, userpage 1, subpage 4894
pages           > flushing realpage 4895, userpage 1, subpage 4895
pages           > flushing realpage 4896, userpage 1, subpage 4896
pages           > flushing realpage 4897, userpage 1, subpage 4897
pages           > flushing realpage 4898, userpage 1, subpage 4898
pages           > flushing realpage 4899, userpage 1, subpage 4899
pages           > flushing realpage 4900, userpage 1, subpage 4900
pages           > flushing realpage 4901, userpage 1, subpage 4901
pages           > flushing realpage 4902, userpage 1, subpage 4902
pages           > flushing realpage 4903, userpage 1, subpage 4903
pages           > flushing realpage 4904, userpage 1, subpage 4904
pages           > flushing realpage 4905, userpage 1, subpage 4905
pages           > flushing realpage 4906, userpage 1, subpage 4906
pages           > flushing realpage 4907, userpage 1, subpage 4907
pages           > flushing realpage 4908, userpage 1, subpage 4908
pages           > flushing realpage 4909, userpage 1, subpage 4909
pages           > flushing realpage 4910, userpage 1, subpage 4910
pages           > flushing realpage 4911, userpage 1, subpage 4911
pages           > flushing realpage 4912, userpage 1, subpage 4912
pages           > flushing realpage 4913, userpage 1, subpage 4913
pages           > flushing realpage 4914, userpage 1, subpage 4914
pages           > flushing realpage 4915, userpage 1, subpage 4915
pages           > flushing realpage 4916, userpage 1, subpage 4916
pages           > flushing realpage 4917, userpage 1, subpage 4917
pages           > flushing realpage 4918, userpage 1, subpage 4918
pages           > flushing realpage 4919, userpage 1, subpage 4919
pages           > flushing realpage 4920, userpage 1, subpage 4920
pages           > flushing realpage 4921, userpage 1, subpage 4921
pages           > flushing realpage 4922, userpage 1, subpage 4922
pages           > flushing realpage 4923, userpage 1, subpage 4923
pages           > flushing realpage 4924, userpage 1, subpage 4924
pages           > flushing realpage 4925, userpage 1, subpage 4925
pages           > flushing realpage 4926, userpage 1, subpage 4926
pages           > flushing realpage 4927, userpage 1, subpage 4927
pages           > flushing realpage 4928, userpage 1, subpage 4928
pages           > flushing realpage 4929, userpage 1, subpage 4929
pages           > flushing realpage 4930, userpage 1, subpage 4930
pages           > flushing realpage 4931, userpage 1, subpage 4931
pages           > flushing realpage 4932, userpage 1, subpage 4932
pages           > flushing realpage 4933, userpage 1, subpage 4933
pages           > flushing realpage 4934, userpage 1, subpage 4934
pages           > flushing realpage 4935, userpage 1, subpage 4935
pages           > flushing realpage 4936, userpage 1, subpage 4936
pages           > flushing realpage 4937, userpage 1, subpage 4937
pages           > flushing realpage 4938, userpage 1, subpage 4938
pages           > flushing realpage 4939, userpage 1, subpage 4939
pages           > flushing realpage 4940, userpage 1, subpage 4940
pages           > flushing realpage 4941, userpage 1, subpage 4941
pages           > flushing realpage 4942, userpage 1, subpage 4942
pages           > flushing realpage 4943, userpage 1, subpage 4943
pages           > flushing realpage 4944, userpage 1, subpage 4944
pages           > flushing realpage 4945, userpage 1, subpage 4945
pages           > flushing realpage 4946, userpage 1, subpage 4946
pages           > flushing realpage 4947, userpage 1, subpage 4947
pages           > flushing realpage 4948, userpage 1, subpage 4948
pages           > flushing realpage 4949, userpage 1, subpage 4949
pages           > flushing realpage 4950, userpage 1, subpage 4950
pages           > flushing realpage 4951, userpage 1, subpage 4951
pages           > flushing realpage 4952, userpage 1, subpage 4952
pages           > flushing realpage 4953, userpage 1, subpage 4953
pages           > flushing realpage 4954, userpage 1, subpage 4954
pages           > flushing realpage 4955, userpage 1, subpage 4955
pages           > flushing realpage 4956, userpage 1, subpage 4956
pages           > flushing realpage 4957, userpage 1, subpage 4957
pages           > flushing realpage 4958, userpage 1, subpage 4958
pages           > flushing realpage 4959, userpage 1, subpage 4959
pages           > flushing realpage 4960, userpage 1, subpage 4960
pages           > flushing realpage 4961, userpage 1, subpage 4961
pages           > flushing realpage 4962, userpage 1, subpage 4962
pages           > flushing realpage 4963, userpage 1, subpage 4963
pages           > flushing realpage 4964, userpage 1, subpage 4964
pages           > flushing realpage 4965, userpage 1, subpage 4965
pages           > flushing realpage 4966, userpage 1, subpage 4966
pages           > flushing realpage 4967, userpage 1, subpage 4967
pages           > flushing realpage 4968, userpage 1, subpage 4968
pages           > flushing realpage 4969, userpage 1, subpage 4969
pages           > flushing realpage 4970, userpage 1, subpage 4970
pages           > flushing realpage 4971, userpage 1, subpage 4971
pages           > flushing realpage 4972, userpage 1, subpage 4972
pages           > flushing realpage 4973, userpage 1, subpage 4973
pages           > flushing realpage 4974, userpage 1, subpage 4974
pages           > flushing realpage 4975, userpage 1, subpage 4975
pages           > flushing realpage 4976, userpage 1, subpage 4976
pages           > flushing realpage 4977, userpage 1, subpage 4977
pages           > flushing realpage 4978, userpage 1, subpage 4978
pages           > flushing realpage 4979, userpage 1, subpage 4979
pages           > flushing realpage 4980, userpage 1, subpage 4980
pages           > flushing realpage 4981, userpage 1, subpage 4981
pages           > flushing realpage 4982, userpage 1, subpage 4982
pages           > flushing realpage 4983, userpage 1, subpage 4983
pages           > flushing realpage 4984, userpage 1, subpage 4984
pages           > flushing realpage 4985, userpage 1, subpage 4985
pages           > flushing realpage 4986, userpage 1, subpage 4986
pages           > flushing realpage 4987, userpage 1, subpage 4987
pages           > flushing realpage 4988, userpage 1, subpage 4988
pages           > flushing realpage 4989, userpage 1, subpage 4989
pages           > flushing realpage 4990, userpage 1, subpage 4990
pages           > flushing realpage 4991, userpage 1, subpage 4991
pages           > flushing realpage 4992, userpage 1, subpage 4992
pages           > flushing realpage 4993, userpage 1, subpage 4993
pages           > flushing realpage 4994, userpage 1, subpage 4994
pages           > flushing realpage 4995, userpage 1, subpage 4995
pages           > flushing realpage 4996, userpage 1, subpage 4996
pages           > flushing realpage 4997, userpage 1, subpage 4997
pages           > flushing realpage 4998, userpage 1, subpage 4998
pages           > flushing realpage 4999, userpage 1, subpage 4999
pages           > flushing realpage 5000, userpage 1, subpage 5000
pages           > flushing realpage 5001, userpage 1, subpage 5001
pages           > flushing realpage 5002, userpage 1, subpage 5002
pages           > flushing realpage 5003, userpage 1, subpage 5003
pages           > flushing realpage 5004, userpage 1, subpage 5004
pages           > flushing realpage 5005, userpage 1, subpage 5005
pages           > flushing realpage 5006, userpage 1, subpage 5006
pages           > flushing realpage 5007, userpage 1, subpage 5007
pages           > flushing realpage 5008, userpage 1, subpage 5008
pages           > flushing realpage 5009, userpage 1, subpage 5009
pages           > flushing realpage 5010, userpage 1, subpage 5010
pages           > flushing realpage 5011, userpage 1, subpage 5011
pages           > flushing realpage 5012, userpage 1, subpage 5012
pages           > flushing realpage 5013, userpage 1, subpage 5013
pages           > flushing realpage 5014, userpage 1, subpage 5014
pages           > flushing realpage 5015, userpage 1, subpage 5015
pages           > flushing realpage 5016, userpage 1, subpage 5016
pages           > flushing realpage 5017, userpage 1, subpage 5017
pages           > flushing realpage 5018, userpage 1, subpage 5018
pages           > flushing realpage 5019, userpage 1, subpage 5019
pages           > flushing realpage 5020, userpage 1, subpage 5020
pages           > flushing realpage 5021, userpage 1, subpage 5021
pages           > flushing realpage 5022, userpage 1, subpage 5022
pages           > flushing realpage 5023, userpage 1, subpage 5023
pages           > flushing realpage 5024, userpage 1, subpage 5024
pages           > flushing realpage 5025, userpage 1, subpage 5025
pages           > flushing realpage 5026, userpage 1, subpage 5026
pages           > flushing realpage 5027, userpage 1, subpage 5027
pages           > flushing realpage 5028, userpage 1, subpage 5028
pages           > flushing realpage 5029, userpage 1, subpage 5029
pages           > flushing realpage 5030, userpage 1, subpage 5030
pages           > flushing realpage 5031, userpage 1, subpage 5031
pages           > flushing realpage 5032, userpage 1, subpage 5032
pages           > flushing realpage 5033, userpage 1, subpage 5033
pages           > flushing realpage 5034, userpage 1, subpage 5034
pages           > flushing realpage 5035, userpage 1, subpage 5035
pages           > flushing realpage 5036, userpage 1, subpage 5036
pages           > flushing realpage 5037, userpage 1, subpage 5037
pages           > flushing realpage 5038, userpage 1, subpage 5038
pages           > flushing realpage 5039, userpage 1, subpage 5039
pages           > flushing realpage 5040, userpage 1, subpage 5040
pages           > flushing realpage 5041, userpage 1, subpage 5041
pages           > flushing realpage 5042, userpage 1, subpage 5042
pages           > flushing realpage 5043, userpage 1, subpage 5043
pages           > flushing realpage 5044, userpage 1, subpage 5044
pages           > flushing realpage 5045, userpage 1, subpage 5045
pages           > flushing realpage 5046, userpage 1, subpage 5046
pages           > flushing realpage 5047, userpage 1, subpage 5047
pages           > flushing realpage 5048, userpage 1, subpage 5048
pages           > flushing realpage 5049, userpage 1, subpage 5049
pages           > flushing realpage 5050, userpage 1, subpage 5050
pages           > flushing realpage 5051, userpage 1, subpage 5051
pages           > flushing realpage 5052, userpage 1, subpage 5052
pages           > flushing realpage 5053, userpage 1, subpage 5053
pages           > flushing realpage 5054, userpage 1, subpage 5054
pages           > flushing realpage 5055, userpage 1, subpage 5055
pages           > flushing realpage 5056, userpage 1, subpage 5056
pages           > flushing realpage 5057, userpage 1, subpage 5057
pages           > flushing realpage 5058, userpage 1, subpage 5058
pages           > flushing realpage 5059, userpage 1, subpage 5059
pages           > flushing realpage 5060, userpage 1, subpage 5060
pages           > flushing realpage 5061, userpage 1, subpage 5061
pages           > flushing realpage 5062, userpage 1, subpage 5062
pages           > flushing realpage 5063, userpage 1, subpage 5063
pages           > flushing realpage 5064, userpage 1, subpage 5064
pages           > flushing realpage 5065, userpage 1, subpage 5065
pages           > flushing realpage 5066, userpage 1, subpage 5066
pages           > flushing realpage 5067, userpage 1, subpage 5067
pages           > flushing realpage 5068, userpage 1, subpage 5068
pages           > flushing realpage 5069, userpage 1, subpage 5069
pages           > flushing realpage 5070, userpage 1, subpage 5070
pages           > flushing realpage 5071, userpage 1, subpage 5071
pages           > flushing realpage 5072, userpage 1, subpage 5072
pages           > flushing realpage 5073, userpage 1, subpage 5073
pages           > flushing realpage 5074, userpage 1, subpage 5074
pages           > flushing realpage 5075, userpage 1, subpage 5075
pages           > flushing realpage 5076, userpage 1, subpage 5076
pages           > flushing realpage 5077, userpage 1, subpage 5077
pages           > flushing realpage 5078, userpage 1, subpage 5078
pages           > flushing realpage 5079, userpage 1, subpage 5079
pages           > flushing realpage 5080, userpage 1, subpage 5080
pages           > flushing realpage 5081, userpage 1, subpage 5081
pages           > flushing realpage 5082, userpage 1, subpage 5082
pages           > flushing realpage 5083, userpage 1, subpage 5083
pages           > flushing realpage 5084, userpage 1, subpage 5084
pages           > flushing realpage 5085, userpage 1, subpage 5085
pages           > flushing realpage 5086, userpage 1, subpage 5086
pages           > flushing realpage 5087, userpage 1, subpage 5087
pages           > flushing realpage 5088, userpage 1, subpage 5088
pages           > flushing realpage 5089, userpage 1, subpage 5089
pages           > flushing realpage 5090, userpage 1, subpage 5090
pages           > flushing realpage 5091, userpage 1, subpage 5091
pages           > flushing realpage 5092, userpage 1, subpage 5092
pages           > flushing realpage 5093, userpage 1, subpage 5093
pages           > flushing realpage 5094, userpage 1, subpage 5094
pages           > flushing realpage 5095, userpage 1, subpage 5095
pages           > flushing realpage 5096, userpage 1, subpage 5096
pages           > flushing realpage 5097, userpage 1, subpage 5097
pages           > flushing realpage 5098, userpage 1, subpage 5098
pages           > flushing realpage 5099, userpage 1, subpage 5099
pages           > flushing realpage 5100, userpage 1, subpage 5100
pages           > flushing realpage 5101, userpage 1, subpage 5101
pages           > flushing realpage 5102, userpage 1, subpage 5102
pages           > flushing realpage 5103, userpage 1, subpage 5103
pages           > flushing realpage 5104, userpage 1, subpage 5104
pages           > flushing realpage 5105, userpage 1, subpage 5105
pages           > flushing realpage 5106, userpage 1, subpage 5106
pages           > flushing realpage 5107, userpage 1, subpage 5107
pages           > flushing realpage 5108, userpage 1, subpage 5108
pages           > flushing realpage 5109, userpage 1, subpage 5109
pages           > flushing realpage 5110, userpage 1, subpage 5110
pages           > flushing realpage 5111, userpage 1, subpage 5111
pages           > flushing realpage 5112, userpage 1, subpage 5112
pages           > flushing realpage 5113, userpage 1, subpage 5113
pages           > flushing realpage 5114, userpage 1, subpage 5114
pages           > flushing realpage 5115, userpage 1, subpage 5115
pages           > flushing realpage 5116, userpage 1, subpage 5116
pages           > flushing realpage 5117, userpage 1, subpage 5117
pages           > flushing realpage 5118, userpage 1, subpage 5118
pages           > flushing realpage 5119, userpage 1, subpage 5119
pages           > flushing realpage 5120, userpage 1, subpage 5120
pages           > flushing realpage 5121, userpage 1, subpage 5121
pages           > flushing realpage 5122, userpage 1, subpage 5122
pages           > flushing realpage 5123, userpage 1, subpage 5123
pages           > flushing realpage 5124, userpage 1, subpage 5124
pages           > flushing realpage 5125, userpage 1, subpage 5125
pages           > flushing realpage 5126, userpage 1, subpage 5126
pages           > flushing realpage 5127, userpage 1, subpage 5127
pages           > flushing realpage 5128, userpage 1, subpage 5128
pages           > flushing realpage 5129, userpage 1, subpage 5129
pages           > flushing realpage 5130, userpage 1, subpage 5130
pages           > flushing realpage 5131, userpage 1, subpage 5131
pages           > flushing realpage 5132, userpage 1, subpage 5132
pages           > flushing realpage 5133, userpage 1, subpage 5133
pages           > flushing realpage 5134, userpage 1, subpage 5134
pages           > flushing realpage 5135, userpage 1, subpage 5135
pages           > flushing realpage 5136, userpage 1, subpage 5136
pages           > flushing realpage 5137, userpage 1, subpage 5137
pages           > flushing realpage 5138, userpage 1, subpage 5138
pages           > flushing realpage 5139, userpage 1, subpage 5139
pages           > flushing realpage 5140, userpage 1, subpage 5140
pages           > flushing realpage 5141, userpage 1, subpage 5141
pages           > flushing realpage 5142, userpage 1, subpage 5142
pages           > flushing realpage 5143, userpage 1, subpage 5143
pages           > flushing realpage 5144, userpage 1, subpage 5144
pages           > flushing realpage 5145, userpage 1, subpage 5145
pages           > flushing realpage 5146, userpage 1, subpage 5146
pages           > flushing realpage 5147, userpage 1, subpage 5147
pages           > flushing realpage 5148, userpage 1, subpage 5148
pages           > flushing realpage 5149, userpage 1, subpage 5149
pages           > flushing realpage 5150, userpage 1, subpage 5150
pages           > flushing realpage 5151, userpage 1, subpage 5151
pages           > flushing realpage 5152, userpage 1, subpage 5152
pages           > flushing realpage 5153, userpage 1, subpage 5153
pages           > flushing realpage 5154, userpage 1, subpage 5154
pages           > flushing realpage 5155, userpage 1, subpage 5155
pages           > flushing realpage 5156, userpage 1, subpage 5156
pages           > flushing realpage 5157, userpage 1, subpage 5157
pages           > flushing realpage 5158, userpage 1, subpage 5158
pages           > flushing realpage 5159, userpage 1, subpage 5159
pages           > flushing realpage 5160, userpage 1, subpage 5160
pages           > flushing realpage 5161, userpage 1, subpage 5161
pages           > flushing realpage 5162, userpage 1, subpage 5162
pages           > flushing realpage 5163, userpage 1, subpage 5163
pages           > flushing realpage 5164, userpage 1, subpage 5164
pages           > flushing realpage 5165, userpage 1, subpage 5165
pages           > flushing realpage 5166, userpage 1, subpage 5166
pages           > flushing realpage 5167, userpage 1, subpage 5167
pages           > flushing realpage 5168, userpage 1, subpage 5168
pages           > flushing realpage 5169, userpage 1, subpage 5169
pages           > flushing realpage 5170, userpage 1, subpage 5170
pages           > flushing realpage 5171, userpage 1, subpage 5171
pages           > flushing realpage 5172, userpage 1, subpage 5172
pages           > flushing realpage 5173, userpage 1, subpage 5173
pages           > flushing realpage 5174, userpage 1, subpage 5174
pages           > flushing realpage 5175, userpage 1, subpage 5175
pages           > flushing realpage 5176, userpage 1, subpage 5176
pages           > flushing realpage 5177, userpage 1, subpage 5177
pages           > flushing realpage 5178, userpage 1, subpage 5178
pages           > flushing realpage 5179, userpage 1, subpage 5179
pages           > flushing realpage 5180, userpage 1, subpage 5180
pages           > flushing realpage 5181, userpage 1, subpage 5181
pages           > flushing realpage 5182, userpage 1, subpage 5182
pages           > flushing realpage 5183, userpage 1, subpage 5183
pages           > flushing realpage 5184, userpage 1, subpage 5184
pages           > flushing realpage 5185, userpage 1, subpage 5185
pages           > flushing realpage 5186, userpage 1, subpage 5186
pages           > flushing realpage 5187, userpage 1, subpage 5187
pages           > flushing realpage 5188, userpage 1, subpage 5188
pages           > flushing realpage 5189, userpage 1, subpage 5189
pages           > flushing realpage 5190, userpage 1, subpage 5190
pages           > flushing realpage 5191, userpage 1, subpage 5191
pages           > flushing realpage 5192, userpage 1, subpage 5192
pages           > flushing realpage 5193, userpage 1, subpage 5193
pages           > flushing realpage 5194, userpage 1, subpage 5194
pages           > flushing realpage 5195, userpage 1, subpage 5195
pages           > flushing realpage 5196, userpage 1, subpage 5196
pages           > flushing realpage 5197, userpage 1, subpage 5197
pages           > flushing realpage 5198, userpage 1, subpage 5198
pages           > flushing realpage 5199, userpage 1, subpage 5199
pages           > flushing realpage 5200, userpage 1, subpage 5200
pages           > flushing realpage 5201, userpage 1, subpage 5201
pages           > flushing realpage 5202, userpage 1, subpage 5202
pages           > flushing realpage 5203, userpage 1, subpage 5203
pages           > flushing realpage 5204, userpage 1, subpage 5204
pages           > flushing realpage 5205, userpage 1, subpage 5205
pages           > flushing realpage 5206, userpage 1, subpage 5206
pages           > flushing realpage 5207, userpage 1, subpage 5207
pages           > flushing realpage 5208, userpage 1, subpage 5208
pages           > flushing realpage 5209, userpage 1, subpage 5209
pages           > flushing realpage 5210, userpage 1, subpage 5210
pages           > flushing realpage 5211, userpage 1, subpage 5211
pages           > flushing realpage 5212, userpage 1, subpage 5212
pages           > flushing realpage 5213, userpage 1, subpage 5213
pages           > flushing realpage 5214, userpage 1, subpage 5214
pages           > flushing realpage 5215, userpage 1, subpage 5215
pages           > flushing realpage 5216, userpage 1, subpage 5216
pages           > flushing realpage 5217, userpage 1, subpage 5217
pages           > flushing realpage 5218, userpage 1, subpage 5218
pages           > flushing realpage 5219, userpage 1, subpage 5219
pages           > flushing realpage 5220, userpage 1, subpage 5220
pages           > flushing realpage 5221, userpage 1, subpage 5221
pages           > flushing realpage 5222, userpage 1, subpage 5222
pages           > flushing realpage 5223, userpage 1, subpage 5223
pages           > flushing realpage 5224, userpage 1, subpage 5224
pages           > flushing realpage 5225, userpage 1, subpage 5225
pages           > flushing realpage 5226, userpage 1, subpage 5226
pages           > flushing realpage 5227, userpage 1, subpage 5227
pages           > flushing realpage 5228, userpage 1, subpage 5228
pages           > flushing realpage 5229, userpage 1, subpage 5229
pages           > flushing realpage 5230, userpage 1, subpage 5230
pages           > flushing realpage 5231, userpage 1, subpage 5231
pages           > flushing realpage 5232, userpage 1, subpage 5232
pages           > flushing realpage 5233, userpage 1, subpage 5233
pages           > flushing realpage 5234, userpage 1, subpage 5234
pages           > flushing realpage 5235, userpage 1, subpage 5235
pages           > flushing realpage 5236, userpage 1, subpage 5236
pages           > flushing realpage 5237, userpage 1, subpage 5237
pages           > flushing realpage 5238, userpage 1, subpage 5238
pages           > flushing realpage 5239, userpage 1, subpage 5239
pages           > flushing realpage 5240, userpage 1, subpage 5240
pages           > flushing realpage 5241, userpage 1, subpage 5241
pages           > flushing realpage 5242, userpage 1, subpage 5242
pages           > flushing realpage 5243, userpage 1, subpage 5243
pages           > flushing realpage 5244, userpage 1, subpage 5244
pages           > flushing realpage 5245, userpage 1, subpage 5245
pages           > flushing realpage 5246, userpage 1, subpage 5246
pages           > flushing realpage 5247, userpage 1, subpage 5247
pages           > flushing realpage 5248, userpage 1, subpage 5248
pages           > flushing realpage 5249, userpage 1, subpage 5249
pages           > flushing realpage 5250, userpage 1, subpage 5250
pages           > flushing realpage 5251, userpage 1, subpage 5251
pages           > flushing realpage 5252, userpage 1, subpage 5252
pages           > flushing realpage 5253, userpage 1, subpage 5253
pages           > flushing realpage 5254, userpage 1, subpage 5254
pages           > flushing realpage 5255, userpage 1, subpage 5255
pages           > flushing realpage 5256, userpage 1, subpage 5256
pages           > flushing realpage 5257, userpage 1, subpage 5257
pages           > flushing realpage 5258, userpage 1, subpage 5258
pages           > flushing realpage 5259, userpage 1, subpage 5259
pages           > flushing realpage 5260, userpage 1, subpage 5260
pages           > flushing realpage 5261, userpage 1, subpage 5261
pages           > flushing realpage 5262, userpage 1, subpage 5262
pages           > flushing realpage 5263, userpage 1, subpage 5263
pages           > flushing realpage 5264, userpage 1, subpage 5264
pages           > flushing realpage 5265, userpage 1, subpage 5265
pages           > flushing realpage 5266, userpage 1, subpage 5266
pages           > flushing realpage 5267, userpage 1, subpage 5267
pages           > flushing realpage 5268, userpage 1, subpage 5268
pages           > flushing realpage 5269, userpage 1, subpage 5269
pages           > flushing realpage 5270, userpage 1, subpage 5270
pages           > flushing realpage 5271, userpage 1, subpage 5271
pages           > flushing realpage 5272, userpage 1, subpage 5272
pages           > flushing realpage 5273, userpage 1, subpage 5273
pages           > flushing realpage 5274, userpage 1, subpage 5274
pages           > flushing realpage 5275, userpage 1, subpage 5275
pages           > flushing realpage 5276, userpage 1, subpage 5276
pages           > flushing realpage 5277, userpage 1, subpage 5277
pages           > flushing realpage 5278, userpage 1, subpage 5278
pages           > flushing realpage 5279, userpage 1, subpage 5279
pages           > flushing realpage 5280, userpage 1, subpage 5280
pages           > flushing realpage 5281, userpage 1, subpage 5281
pages           > flushing realpage 5282, userpage 1, subpage 5282
pages           > flushing realpage 5283, userpage 1, subpage 5283
pages           > flushing realpage 5284, userpage 1, subpage 5284
pages           > flushing realpage 5285, userpage 1, subpage 5285
pages           > flushing realpage 5286, userpage 1, subpage 5286
pages           > flushing realpage 5287, userpage 1, subpage 5287
pages           > flushing realpage 5288, userpage 1, subpage 5288
pages           > flushing realpage 5289, userpage 1, subpage 5289
pages           > flushing realpage 5290, userpage 1, subpage 5290
pages           > flushing realpage 5291, userpage 1, subpage 5291
pages           > flushing realpage 5292, userpage 1, subpage 5292
pages           > flushing realpage 5293, userpage 1, subpage 5293
pages           > flushing realpage 5294, userpage 1, subpage 5294
pages           > flushing realpage 5295, userpage 1, subpage 5295
pages           > flushing realpage 5296, userpage 1, subpage 5296
pages           > flushing realpage 5297, userpage 1, subpage 5297
pages           > flushing realpage 5298, userpage 1, subpage 5298
pages           > flushing realpage 5299, userpage 1, subpage 5299
pages           > flushing realpage 5300, userpage 1, subpage 5300
pages           > flushing realpage 5301, userpage 1, subpage 5301
pages           > flushing realpage 5302, userpage 1, subpage 5302
pages           > flushing realpage 5303, userpage 1, subpage 5303
pages           > flushing realpage 5304, userpage 1, subpage 5304
pages           > flushing realpage 5305, userpage 1, subpage 5305
pages           > flushing realpage 5306, userpage 1, subpage 5306
pages           > flushing realpage 5307, userpage 1, subpage 5307
pages           > flushing realpage 5308, userpage 1, subpage 5308
pages           > flushing realpage 5309, userpage 1, subpage 5309
pages           > flushing realpage 5310, userpage 1, subpage 5310
pages           > flushing realpage 5311, userpage 1, subpage 5311
pages           > flushing realpage 5312, userpage 1, subpage 5312
pages           > flushing realpage 5313, userpage 1, subpage 5313
pages           > flushing realpage 5314, userpage 1, subpage 5314
pages           > flushing realpage 5315, userpage 1, subpage 5315
pages           > flushing realpage 5316, userpage 1, subpage 5316
pages           > flushing realpage 5317, userpage 1, subpage 5317
pages           > flushing realpage 5318, userpage 1, subpage 5318
pages           > flushing realpage 5319, userpage 1, subpage 5319
pages           > flushing realpage 5320, userpage 1, subpage 5320
pages           > flushing realpage 5321, userpage 1, subpage 5321
pages           > flushing realpage 5322, userpage 1, subpage 5322
pages           > flushing realpage 5323, userpage 1, subpage 5323
pages           > flushing realpage 5324, userpage 1, subpage 5324
pages           > flushing realpage 5325, userpage 1, subpage 5325
pages           > flushing realpage 5326, userpage 1, subpage 5326
pages           > flushing realpage 5327, userpage 1, subpage 5327
pages           > flushing realpage 5328, userpage 1, subpage 5328
pages           > flushing realpage 5329, userpage 1, subpage 5329
pages           > flushing realpage 5330, userpage 1, subpage 5330
pages           > flushing realpage 5331, userpage 1, subpage 5331
pages           > flushing realpage 5332, userpage 1, subpage 5332
pages           > flushing realpage 5333, userpage 1, subpage 5333
pages           > flushing realpage 5334, userpage 1, subpage 5334
pages           > flushing realpage 5335, userpage 1, subpage 5335
pages           > flushing realpage 5336, userpage 1, subpage 5336
pages           > flushing realpage 5337, userpage 1, subpage 5337
pages           > flushing realpage 5338, userpage 1, subpage 5338
pages           > flushing realpage 5339, userpage 1, subpage 5339
pages           > flushing realpage 5340, userpage 1, subpage 5340
pages           > flushing realpage 5341, userpage 1, subpage 5341
pages           > flushing realpage 5342, userpage 1, subpage 5342
pages           > flushing realpage 5343, userpage 1, subpage 5343
pages           > flushing realpage 5344, userpage 1, subpage 5344
pages           > flushing realpage 5345, userpage 1, subpage 5345
pages           > flushing realpage 5346, userpage 1, subpage 5346
pages           > flushing realpage 5347, userpage 1, subpage 5347
pages           > flushing realpage 5348, userpage 1, subpage 5348
pages           > flushing realpage 5349, userpage 1, subpage 5349
pages           > flushing realpage 5350, userpage 1, subpage 5350
pages           > flushing realpage 5351, userpage 1, subpage 5351
pages           > flushing realpage 5352, userpage 1, subpage 5352
pages           > flushing realpage 5353, userpage 1, subpage 5353
pages           > flushing realpage 5354, userpage 1, subpage 5354
pages           > flushing realpage 5355, userpage 1, subpage 5355
pages           > flushing realpage 5356, userpage 1, subpage 5356
pages           > flushing realpage 5357, userpage 1, subpage 5357
pages           > flushing realpage 5358, userpage 1, subpage 5358
pages           > flushing realpage 5359, userpage 1, subpage 5359
pages           > flushing realpage 5360, userpage 1, subpage 5360
pages           > flushing realpage 5361, userpage 1, subpage 5361
pages           > flushing realpage 5362, userpage 1, subpage 5362
pages           > flushing realpage 5363, userpage 1, subpage 5363
pages           > flushing realpage 5364, userpage 1, subpage 5364
pages           > flushing realpage 5365, userpage 1, subpage 5365
pages           > flushing realpage 5366, userpage 1, subpage 5366
pages           > flushing realpage 5367, userpage 1, subpage 5367
pages           > flushing realpage 5368, userpage 1, subpage 5368
pages           > flushing realpage 5369, userpage 1, subpage 5369
pages           > flushing realpage 5370, userpage 1, subpage 5370
pages           > flushing realpage 5371, userpage 1, subpage 5371
pages           > flushing realpage 5372, userpage 1, subpage 5372
pages           > flushing realpage 5373, userpage 1, subpage 5373
pages           > flushing realpage 5374, userpage 1, subpage 5374
pages           > flushing realpage 5375, userpage 1, subpage 5375
pages           > flushing realpage 5376, userpage 1, subpage 5376
pages           > flushing realpage 5377, userpage 1, subpage 5377
pages           > flushing realpage 5378, userpage 1, subpage 5378
pages           > flushing realpage 5379, userpage 1, subpage 5379
pages           > flushing realpage 5380, userpage 1, subpage 5380
pages           > flushing realpage 5381, userpage 1, subpage 5381
pages           > flushing realpage 5382, userpage 1, subpage 5382
pages           > flushing realpage 5383, userpage 1, subpage 5383
pages           > flushing realpage 5384, userpage 1, subpage 5384
pages           > flushing realpage 5385, userpage 1, subpage 5385
pages           > flushing realpage 5386, userpage 1, subpage 5386
pages           > flushing realpage 5387, userpage 1, subpage 5387
pages           > flushing realpage 5388, userpage 1, subpage 5388
pages           > flushing realpage 5389, userpage 1, subpage 5389
pages           > flushing realpage 5390, userpage 1, subpage 5390
pages           > flushing realpage 5391, userpage 1, subpage 5391
pages           > flushing realpage 5392, userpage 1, subpage 5392
pages           > flushing realpage 5393, userpage 1, subpage 5393
pages           > flushing realpage 5394, userpage 1, subpage 5394
pages           > flushing realpage 5395, userpage 1, subpage 5395
pages           > flushing realpage 5396, userpage 1, subpage 5396
pages           > flushing realpage 5397, userpage 1, subpage 5397
pages           > flushing realpage 5398, userpage 1, subpage 5398
pages           > flushing realpage 5399, userpage 1, subpage 5399
pages           > flushing realpage 5400, userpage 1, subpage 5400
pages           > flushing realpage 5401, userpage 1, subpage 5401
pages           > flushing realpage 5402, userpage 1, subpage 5402
pages           > flushing realpage 5403, userpage 1, subpage 5403
pages           > flushing realpage 5404, userpage 1, subpage 5404
pages           > flushing realpage 5405, userpage 1, subpage 5405
pages           > flushing realpage 5406, userpage 1, subpage 5406
pages           > flushing realpage 5407, userpage 1, subpage 5407
pages           > flushing realpage 5408, userpage 1, subpage 5408
pages           > flushing realpage 5409, userpage 1, subpage 5409
pages           > flushing realpage 5410, userpage 1, subpage 5410
pages           > flushing realpage 5411, userpage 1, subpage 5411
pages           > flushing realpage 5412, userpage 1, subpage 5412
pages           > flushing realpage 5413, userpage 1, subpage 5413
pages           > flushing realpage 5414, userpage 1, subpage 5414
pages           > flushing realpage 5415, userpage 1, subpage 5415
pages           > flushing realpage 5416, userpage 1, subpage 5416
pages           > flushing realpage 5417, userpage 1, subpage 5417
pages           > flushing realpage 5418, userpage 1, subpage 5418
pages           > flushing realpage 5419, userpage 1, subpage 5419
pages           > flushing realpage 5420, userpage 1, subpage 5420
pages           > flushing realpage 5421, userpage 1, subpage 5421
pages           > flushing realpage 5422, userpage 1, subpage 5422
pages           > flushing realpage 5423, userpage 1, subpage 5423
pages           > flushing realpage 5424, userpage 1, subpage 5424
pages           > flushing realpage 5425, userpage 1, subpage 5425
pages           > flushing realpage 5426, userpage 1, subpage 5426
pages           > flushing realpage 5427, userpage 1, subpage 5427
pages           > flushing realpage 5428, userpage 1, subpage 5428
pages           > flushing realpage 5429, userpage 1, subpage 5429
pages           > flushing realpage 5430, userpage 1, subpage 5430
pages           > flushing realpage 5431, userpage 1, subpage 5431
pages           > flushing realpage 5432, userpage 1, subpage 5432
pages           > flushing realpage 5433, userpage 1, subpage 5433
pages           > flushing realpage 5434, userpage 1, subpage 5434
pages           > flushing realpage 5435, userpage 1, subpage 5435
pages           > flushing realpage 5436, userpage 1, subpage 5436
pages           > flushing realpage 5437, userpage 1, subpage 5437
pages           > flushing realpage 5438, userpage 1, subpage 5438
pages           > flushing realpage 5439, userpage 1, subpage 5439
pages           > flushing realpage 5440, userpage 1, subpage 5440
pages           > flushing realpage 5441, userpage 1, subpage 5441
pages           > flushing realpage 5442, userpage 1, subpage 5442
pages           > flushing realpage 5443, userpage 1, subpage 5443
pages           > flushing realpage 5444, userpage 1, subpage 5444
pages           > flushing realpage 5445, userpage 1, subpage 5445
pages           > flushing realpage 5446, userpage 1, subpage 5446
pages           > flushing realpage 5447, userpage 1, subpage 5447
pages           > flushing realpage 5448, userpage 1, subpage 5448
pages           > flushing realpage 5449, userpage 1, subpage 5449
pages           > flushing realpage 5450, userpage 1, subpage 5450
pages           > flushing realpage 5451, userpage 1, subpage 5451
pages           > flushing realpage 5452, userpage 1, subpage 5452
pages           > flushing realpage 5453, userpage 1, subpage 5453
pages           > flushing realpage 5454, userpage 1, subpage 5454
pages           > flushing realpage 5455, userpage 1, subpage 5455
pages           > flushing realpage 5456, userpage 1, subpage 5456
pages           > flushing realpage 5457, userpage 1, subpage 5457
pages           > flushing realpage 5458, userpage 1, subpage 5458
pages           > flushing realpage 5459, userpage 1, subpage 5459
pages           > flushing realpage 5460, userpage 1, subpage 5460
pages           > flushing realpage 5461, userpage 1, subpage 5461
pages           > flushing realpage 5462, userpage 1, subpage 5462
pages           > flushing realpage 5463, userpage 1, subpage 5463
pages           > flushing realpage 5464, userpage 1, subpage 5464
pages           > flushing realpage 5465, userpage 1, subpage 5465
pages           > flushing realpage 5466, userpage 1, subpage 5466
pages           > flushing realpage 5467, userpage 1, subpage 5467
pages           > flushing realpage 5468, userpage 1, subpage 5468
pages           > flushing realpage 5469, userpage 1, subpage 5469
pages           > flushing realpage 5470, userpage 1, subpage 5470
pages           > flushing realpage 5471, userpage 1, subpage 5471
pages           > flushing realpage 5472, userpage 1, subpage 5472
pages           > flushing realpage 5473, userpage 1, subpage 5473
pages           > flushing realpage 5474, userpage 1, subpage 5474
pages           > flushing realpage 5475, userpage 1, subpage 5475
pages           > flushing realpage 5476, userpage 1, subpage 5476
pages           > flushing realpage 5477, userpage 1, subpage 5477
pages           > flushing realpage 5478, userpage 1, subpage 5478
pages           > flushing realpage 5479, userpage 1, subpage 5479
pages           > flushing realpage 5480, userpage 1, subpage 5480
pages           > flushing realpage 5481, userpage 1, subpage 5481
pages           > flushing realpage 5482, userpage 1, subpage 5482
pages           > flushing realpage 5483, userpage 1, subpage 5483
pages           > flushing realpage 5484, userpage 1, subpage 5484
pages           > flushing realpage 5485, userpage 1, subpage 5485
pages           > flushing realpage 5486, userpage 1, subpage 5486
pages           > flushing realpage 5487, userpage 1, subpage 5487
pages           > flushing realpage 5488, userpage 1, subpage 5488
pages           > flushing realpage 5489, userpage 1, subpage 5489
pages           > flushing realpage 5490, userpage 1, subpage 5490
pages           > flushing realpage 5491, userpage 1, subpage 5491
pages           > flushing realpage 5492, userpage 1, subpage 5492
pages           > flushing realpage 5493, userpage 1, subpage 5493
pages           > flushing realpage 5494, userpage 1, subpage 5494
pages           > flushing realpage 5495, userpage 1, subpage 5495
pages           > flushing realpage 5496, userpage 1, subpage 5496
pages           > flushing realpage 5497, userpage 1, subpage 5497
pages           > flushing realpage 5498, userpage 1, subpage 5498
pages           > flushing realpage 5499, userpage 1, subpage 5499
pages           > flushing realpage 5500, userpage 1, subpage 5500
pages           > flushing realpage 5501, userpage 1, subpage 5501
pages           > flushing realpage 5502, userpage 1, subpage 5502
pages           > flushing realpage 5503, userpage 1, subpage 5503
pages           > flushing realpage 5504, userpage 1, subpage 5504
pages           > flushing realpage 5505, userpage 1, subpage 5505
pages           > flushing realpage 5506, userpage 1, subpage 5506
pages           > flushing realpage 5507, userpage 1, subpage 5507
pages           > flushing realpage 5508, userpage 1, subpage 5508
pages           > flushing realpage 5509, userpage 1, subpage 5509
pages           > flushing realpage 5510, userpage 1, subpage 5510
pages           > flushing realpage 5511, userpage 1, subpage 5511
pages           > flushing realpage 5512, userpage 1, subpage 5512
pages           > flushing realpage 5513, userpage 1, subpage 5513
pages           > flushing realpage 5514, userpage 1, subpage 5514
pages           > flushing realpage 5515, userpage 1, subpage 5515
pages           > flushing realpage 5516, userpage 1, subpage 5516
pages           > flushing realpage 5517, userpage 1, subpage 5517
pages           > flushing realpage 5518, userpage 1, subpage 5518
pages           > flushing realpage 5519, userpage 1, subpage 5519
pages           > flushing realpage 5520, userpage 1, subpage 5520
pages           > flushing realpage 5521, userpage 1, subpage 5521
pages           > flushing realpage 5522, userpage 1, subpage 5522
pages           > flushing realpage 5523, userpage 1, subpage 5523
pages           > flushing realpage 5524, userpage 1, subpage 5524
pages           > flushing realpage 5525, userpage 1, subpage 5525
pages           > flushing realpage 5526, userpage 1, subpage 5526
pages           > flushing realpage 5527, userpage 1, subpage 5527
pages           > flushing realpage 5528, userpage 1, subpage 5528
pages           > flushing realpage 5529, userpage 1, subpage 5529
pages           > flushing realpage 5530, userpage 1, subpage 5530
pages           > flushing realpage 5531, userpage 1, subpage 5531
pages           > flushing realpage 5532, userpage 1, subpage 5532
pages           > flushing realpage 5533, userpage 1, subpage 5533
pages           > flushing realpage 5534, userpage 1, subpage 5534
pages           > flushing realpage 5535, userpage 1, subpage 5535
pages           > flushing realpage 5536, userpage 1, subpage 5536
pages           > flushing realpage 5537, userpage 1, subpage 5537
pages           > flushing realpage 5538, userpage 1, subpage 5538
pages           > flushing realpage 5539, userpage 1, subpage 5539
pages           > flushing realpage 5540, userpage 1, subpage 5540
pages           > flushing realpage 5541, userpage 1, subpage 5541
pages           > flushing realpage 5542, userpage 1, subpage 5542
pages           > flushing realpage 5543, userpage 1, subpage 5543
pages           > flushing realpage 5544, userpage 1, subpage 5544
pages           > flushing realpage 5545, userpage 1, subpage 5545
pages           > flushing realpage 5546, userpage 1, subpage 5546
pages           > flushing realpage 5547, userpage 1, subpage 5547
pages           > flushing realpage 5548, userpage 1, subpage 5548
pages           > flushing realpage 5549, userpage 1, subpage 5549
pages           > flushing realpage 5550, userpage 1, subpage 5550
pages           > flushing realpage 5551, userpage 1, subpage 5551
pages           > flushing realpage 5552, userpage 1, subpage 5552
pages           > flushing realpage 5553, userpage 1, subpage 5553
pages           > flushing realpage 5554, userpage 1, subpage 5554
pages           > flushing realpage 5555, userpage 1, subpage 5555
pages           > flushing realpage 5556, userpage 1, subpage 5556
pages           > flushing realpage 5557, userpage 1, subpage 5557
pages           > flushing realpage 5558, userpage 1, subpage 5558
pages           > flushing realpage 5559, userpage 1, subpage 5559
pages           > flushing realpage 5560, userpage 1, subpage 5560
pages           > flushing realpage 5561, userpage 1, subpage 5561
pages           > flushing realpage 5562, userpage 1, subpage 5562
pages           > flushing realpage 5563, userpage 1, subpage 5563
pages           > flushing realpage 5564, userpage 1, subpage 5564
pages           > flushing realpage 5565, userpage 1, subpage 5565
pages           > flushing realpage 5566, userpage 1, subpage 5566
pages           > flushing realpage 5567, userpage 1, subpage 5567
pages           > flushing realpage 5568, userpage 1, subpage 5568
pages           > flushing realpage 5569, userpage 1, subpage 5569
pages           > flushing realpage 5570, userpage 1, subpage 5570
pages           > flushing realpage 5571, userpage 1, subpage 5571
pages           > flushing realpage 5572, userpage 1, subpage 5572
pages           > flushing realpage 5573, userpage 1, subpage 5573
pages           > flushing realpage 5574, userpage 1, subpage 5574
pages           > flushing realpage 5575, userpage 1, subpage 5575
pages           > flushing realpage 5576, userpage 1, subpage 5576
pages           > flushing realpage 5577, userpage 1, subpage 5577
pages           > flushing realpage 5578, userpage 1, subpage 5578
pages           > flushing realpage 5579, userpage 1, subpage 5579
pages           > flushing realpage 5580, userpage 1, subpage 5580
pages           > flushing realpage 5581, userpage 1, subpage 5581
pages           > flushing realpage 5582, userpage 1, subpage 5582
pages           > flushing realpage 5583, userpage 1, subpage 5583
pages           > flushing realpage 5584, userpage 1, subpage 5584
pages           > flushing realpage 5585, userpage 1, subpage 5585
pages           > flushing realpage 5586, userpage 1, subpage 5586
pages           > flushing realpage 5587, userpage 1, subpage 5587
pages           > flushing realpage 5588, userpage 1, subpage 5588
pages           > flushing realpage 5589, userpage 1, subpage 5589
pages           > flushing realpage 5590, userpage 1, subpage 5590
pages           > flushing realpage 5591, userpage 1, subpage 5591
pages           > flushing realpage 5592, userpage 1, subpage 5592
pages           > flushing realpage 5593, userpage 1, subpage 5593
pages           > flushing realpage 5594, userpage 1, subpage 5594
pages           > flushing realpage 5595, userpage 1, subpage 5595
pages           > flushing realpage 5596, userpage 1, subpage 5596
pages           > flushing realpage 5597, userpage 1, subpage 5597
pages           > flushing realpage 5598, userpage 1, subpage 5598
pages           > flushing realpage 5599, userpage 1, subpage 5599
pages           > flushing realpage 5600, userpage 1, subpage 5600
pages           > flushing realpage 5601, userpage 1, subpage 5601
pages           > flushing realpage 5602, userpage 1, subpage 5602
pages           > flushing realpage 5603, userpage 1, subpage 5603
pages           > flushing realpage 5604, userpage 1, subpage 5604
pages           > flushing realpage 5605, userpage 1, subpage 5605
pages           > flushing realpage 5606, userpage 1, subpage 5606
pages           > flushing realpage 5607, userpage 1, subpage 5607
pages           > flushing realpage 5608, userpage 1, subpage 5608
pages           > flushing realpage 5609, userpage 1, subpage 5609
pages           > flushing realpage 5610, userpage 1, subpage 5610
pages           > flushing realpage 5611, userpage 1, subpage 5611
pages           > flushing realpage 5612, userpage 1, subpage 5612
pages           > flushing realpage 5613, userpage 1, subpage 5613
pages           > flushing realpage 5614, userpage 1, subpage 5614
pages           > flushing realpage 5615, userpage 1, subpage 5615
pages           > flushing realpage 5616, userpage 1, subpage 5616
pages           > flushing realpage 5617, userpage 1, subpage 5617
pages           > flushing realpage 5618, userpage 1, subpage 5618
pages           > flushing realpage 5619, userpage 1, subpage 5619
pages           > flushing realpage 5620, userpage 1, subpage 5620
pages           > flushing realpage 5621, userpage 1, subpage 5621
pages           > flushing realpage 5622, userpage 1, subpage 5622
pages           > flushing realpage 5623, userpage 1, subpage 5623
pages           > flushing realpage 5624, userpage 1, subpage 5624
pages           > flushing realpage 5625, userpage 1, subpage 5625
pages           > flushing realpage 5626, userpage 1, subpage 5626
pages           > flushing realpage 5627, userpage 1, subpage 5627
pages           > flushing realpage 5628, userpage 1, subpage 5628
pages           > flushing realpage 5629, userpage 1, subpage 5629
pages           > flushing realpage 5630, userpage 1, subpage 5630
pages           > flushing realpage 5631, userpage 1, subpage 5631
pages           > flushing realpage 5632, userpage 1, subpage 5632
pages           > flushing realpage 5633, userpage 1, subpage 5633
pages           > flushing realpage 5634, userpage 1, subpage 5634
pages           > flushing realpage 5635, userpage 1, subpage 5635
pages           > flushing realpage 5636, userpage 1, subpage 5636
pages           > flushing realpage 5637, userpage 1, subpage 5637
pages           > flushing realpage 5638, userpage 1, subpage 5638
pages           > flushing realpage 5639, userpage 1, subpage 5639
pages           > flushing realpage 5640, userpage 1, subpage 5640
pages           > flushing realpage 5641, userpage 1, subpage 5641
pages           > flushing realpage 5642, userpage 1, subpage 5642
pages           > flushing realpage 5643, userpage 1, subpage 5643
pages           > flushing realpage 5644, userpage 1, subpage 5644
pages           > flushing realpage 5645, userpage 1, subpage 5645
pages           > flushing realpage 5646, userpage 1, subpage 5646
pages           > flushing realpage 5647, userpage 1, subpage 5647
pages           > flushing realpage 5648, userpage 1, subpage 5648
pages           > flushing realpage 5649, userpage 1, subpage 5649
pages           > flushing realpage 5650, userpage 1, subpage 5650
pages           > flushing realpage 5651, userpage 1, subpage 5651
pages           > flushing realpage 5652, userpage 1, subpage 5652
pages           > flushing realpage 5653, userpage 1, subpage 5653
pages           > flushing realpage 5654, userpage 1, subpage 5654
pages           > flushing realpage 5655, userpage 1, subpage 5655
pages           > flushing realpage 5656, userpage 1, subpage 5656
pages           > flushing realpage 5657, userpage 1, subpage 5657
pages           > flushing realpage 5658, userpage 1, subpage 5658
pages           > flushing realpage 5659, userpage 1, subpage 5659
pages           > flushing realpage 5660, userpage 1, subpage 5660
pages           > flushing realpage 5661, userpage 1, subpage 5661
pages           > flushing realpage 5662, userpage 1, subpage 5662
pages           > flushing realpage 5663, userpage 1, subpage 5663
pages           > flushing realpage 5664, userpage 1, subpage 5664
pages           > flushing realpage 5665, userpage 1, subpage 5665
pages           > flushing realpage 5666, userpage 1, subpage 5666
pages           > flushing realpage 5667, userpage 1, subpage 5667
pages           > flushing realpage 5668, userpage 1, subpage 5668
pages           > flushing realpage 5669, userpage 1, subpage 5669
pages           > flushing realpage 5670, userpage 1, subpage 5670
pages           > flushing realpage 5671, userpage 1, subpage 5671
pages           > flushing realpage 5672, userpage 1, subpage 5672
pages           > flushing realpage 5673, userpage 1, subpage 5673
pages           > flushing realpage 5674, userpage 1, subpage 5674
pages           > flushing realpage 5675, userpage 1, subpage 5675
pages           > flushing realpage 5676, userpage 1, subpage 5676
pages           > flushing realpage 5677, userpage 1, subpage 5677
pages           > flushing realpage 5678, userpage 1, subpage 5678
pages           > flushing realpage 5679, userpage 1, subpage 5679
pages           > flushing realpage 5680, userpage 1, subpage 5680
pages           > flushing realpage 5681, userpage 1, subpage 5681
pages           > flushing realpage 5682, userpage 1, subpage 5682
pages           > flushing realpage 5683, userpage 1, subpage 5683
pages           > flushing realpage 5684, userpage 1, subpage 5684
pages           > flushing realpage 5685, userpage 1, subpage 5685
pages           > flushing realpage 5686, userpage 1, subpage 5686
pages           > flushing realpage 5687, userpage 1, subpage 5687
pages           > flushing realpage 5688, userpage 1, subpage 5688
pages           > flushing realpage 5689, userpage 1, subpage 5689
pages           > flushing realpage 5690, userpage 1, subpage 5690
pages           > flushing realpage 5691, userpage 1, subpage 5691
pages           > flushing realpage 5692, userpage 1, subpage 5692
pages           > flushing realpage 5693, userpage 1, subpage 5693
pages           > flushing realpage 5694, userpage 1, subpage 5694
pages           > flushing realpage 5695, userpage 1, subpage 5695
pages           > flushing realpage 5696, userpage 1, subpage 5696
pages           > flushing realpage 5697, userpage 1, subpage 5697
pages           > flushing realpage 5698, userpage 1, subpage 5698
pages           > flushing realpage 5699, userpage 1, subpage 5699
pages           > flushing realpage 5700, userpage 1, subpage 5700
pages           > flushing realpage 5701, userpage 1, subpage 5701
pages           > flushing realpage 5702, userpage 1, subpage 5702
pages           > flushing realpage 5703, userpage 1, subpage 5703
pages           > flushing realpage 5704, userpage 1, subpage 5704
pages           > flushing realpage 5705, userpage 1, subpage 5705
pages           > flushing realpage 5706, userpage 1, subpage 5706
pages           > flushing realpage 5707, userpage 1, subpage 5707
pages           > flushing realpage 5708, userpage 1, subpage 5708
pages           > flushing realpage 5709, userpage 1, subpage 5709
pages           > flushing realpage 5710, userpage 1, subpage 5710
pages           > flushing realpage 5711, userpage 1, subpage 5711
pages           > flushing realpage 5712, userpage 1, subpage 5712
pages           > flushing realpage 5713, userpage 1, subpage 5713
pages           > flushing realpage 5714, userpage 1, subpage 5714
pages           > flushing realpage 5715, userpage 1, subpage 5715
pages           > flushing realpage 5716, userpage 1, subpage 5716
pages           > flushing realpage 5717, userpage 1, subpage 5717
pages           > flushing realpage 5718, userpage 1, subpage 5718
pages           > flushing realpage 5719, userpage 1, subpage 5719
pages           > flushing realpage 5720, userpage 1, subpage 5720
pages           > flushing realpage 5721, userpage 1, subpage 5721
pages           > flushing realpage 5722, userpage 1, subpage 5722
pages           > flushing realpage 5723, userpage 1, subpage 5723
pages           > flushing realpage 5724, userpage 1, subpage 5724
pages           > flushing realpage 5725, userpage 1, subpage 5725
pages           > flushing realpage 5726, userpage 1, subpage 5726
pages           > flushing realpage 5727, userpage 1, subpage 5727
pages           > flushing realpage 5728, userpage 1, subpage 5728
pages           > flushing realpage 5729, userpage 1, subpage 5729
pages           > flushing realpage 5730, userpage 1, subpage 5730
pages           > flushing realpage 5731, userpage 1, subpage 5731
pages           > flushing realpage 5732, userpage 1, subpage 5732
pages           > flushing realpage 5733, userpage 1, subpage 5733
pages           > flushing realpage 5734, userpage 1, subpage 5734
pages           > flushing realpage 5735, userpage 1, subpage 5735
pages           > flushing realpage 5736, userpage 1, subpage 5736
pages           > flushing realpage 5737, userpage 1, subpage 5737
pages           > flushing realpage 5738, userpage 1, subpage 5738
pages           > flushing realpage 5739, userpage 1, subpage 5739
pages           > flushing realpage 5740, userpage 1, subpage 5740
pages           > flushing realpage 5741, userpage 1, subpage 5741
pages           > flushing realpage 5742, userpage 1, subpage 5742
pages           > flushing realpage 5743, userpage 1, subpage 5743
pages           > flushing realpage 5744, userpage 1, subpage 5744
pages           > flushing realpage 5745, userpage 1, subpage 5745
pages           > flushing realpage 5746, userpage 1, subpage 5746
pages           > flushing realpage 5747, userpage 1, subpage 5747
pages           > flushing realpage 5748, userpage 1, subpage 5748
pages           > flushing realpage 5749, userpage 1, subpage 5749
pages           > flushing realpage 5750, userpage 1, subpage 5750
pages           > flushing realpage 5751, userpage 1, subpage 5751
pages           > flushing realpage 5752, userpage 1, subpage 5752
pages           > flushing realpage 5753, userpage 1, subpage 5753
pages           > flushing realpage 5754, userpage 1, subpage 5754
pages           > flushing realpage 5755, userpage 1, subpage 5755
pages           > flushing realpage 5756, userpage 1, subpage 5756
pages           > flushing realpage 5757, userpage 1, subpage 5757
pages           > flushing realpage 5758, userpage 1, subpage 5758
pages           > flushing realpage 5759, userpage 1, subpage 5759
pages           > flushing realpage 5760, userpage 1, subpage 5760
pages           > flushing realpage 5761, userpage 1, subpage 5761
pages           > flushing realpage 5762, userpage 1, subpage 5762
pages           > flushing realpage 5763, userpage 1, subpage 5763
pages           > flushing realpage 5764, userpage 1, subpage 5764
pages           > flushing realpage 5765, userpage 1, subpage 5765
pages           > flushing realpage 5766, userpage 1, subpage 5766
pages           > flushing realpage 5767, userpage 1, subpage 5767
pages           > flushing realpage 5768, userpage 1, subpage 5768
pages           > flushing realpage 5769, userpage 1, subpage 5769
pages           > flushing realpage 5770, userpage 1, subpage 5770
pages           > flushing realpage 5771, userpage 1, subpage 5771
pages           > flushing realpage 5772, userpage 1, subpage 5772
pages           > flushing realpage 5773, userpage 1, subpage 5773
pages           > flushing realpage 5774, userpage 1, subpage 5774
pages           > flushing realpage 5775, userpage 1, subpage 5775
pages           > flushing realpage 5776, userpage 1, subpage 5776
pages           > flushing realpage 5777, userpage 1, subpage 5777
pages           > flushing realpage 5778, userpage 1, subpage 5778
pages           > flushing realpage 5779, userpage 1, subpage 5779
pages           > flushing realpage 5780, userpage 1, subpage 5780
pages           > flushing realpage 5781, userpage 1, subpage 5781
pages           > flushing realpage 5782, userpage 1, subpage 5782
pages           > flushing realpage 5783, userpage 1, subpage 5783
pages           > flushing realpage 5784, userpage 1, subpage 5784
pages           > flushing realpage 5785, userpage 1, subpage 5785
pages           > flushing realpage 5786, userpage 1, subpage 5786
pages           > flushing realpage 5787, userpage 1, subpage 5787
pages           > flushing realpage 5788, userpage 1, subpage 5788
pages           > flushing realpage 5789, userpage 1, subpage 5789
pages           > flushing realpage 5790, userpage 1, subpage 5790
pages           > flushing realpage 5791, userpage 1, subpage 5791
pages           > flushing realpage 5792, userpage 1, subpage 5792
pages           > flushing realpage 5793, userpage 1, subpage 5793
pages           > flushing realpage 5794, userpage 1, subpage 5794
pages           > flushing realpage 5795, userpage 1, subpage 5795
pages           > flushing realpage 5796, userpage 1, subpage 5796
pages           > flushing realpage 5797, userpage 1, subpage 5797
pages           > flushing realpage 5798, userpage 1, subpage 5798
pages           > flushing realpage 5799, userpage 1, subpage 5799
pages           > flushing realpage 5800, userpage 1, subpage 5800
pages           > flushing realpage 5801, userpage 1, subpage 5801
pages           > flushing realpage 5802, userpage 1, subpage 5802
pages           > flushing realpage 5803, userpage 1, subpage 5803
pages           > flushing realpage 5804, userpage 1, subpage 5804
pages           > flushing realpage 5805, userpage 1, subpage 5805
pages           > flushing realpage 5806, userpage 1, subpage 5806
pages           > flushing realpage 5807, userpage 1, subpage 5807
pages           > flushing realpage 5808, userpage 1, subpage 5808
pages           > flushing realpage 5809, userpage 1, subpage 5809
pages           > flushing realpage 5810, userpage 1, subpage 5810
pages           > flushing realpage 5811, userpage 1, subpage 5811
pages           > flushing realpage 5812, userpage 1, subpage 5812
pages           > flushing realpage 5813, userpage 1, subpage 5813
pages           > flushing realpage 5814, userpage 1, subpage 5814
pages           > flushing realpage 5815, userpage 1, subpage 5815
pages           > flushing realpage 5816, userpage 1, subpage 5816
pages           > flushing realpage 5817, userpage 1, subpage 5817
pages           > flushing realpage 5818, userpage 1, subpage 5818
pages           > flushing realpage 5819, userpage 1, subpage 5819
pages           > flushing realpage 5820, userpage 1, subpage 5820
pages           > flushing realpage 5821, userpage 1, subpage 5821
pages           > flushing realpage 5822, userpage 1, subpage 5822
pages           > flushing realpage 5823, userpage 1, subpage 5823
pages           > flushing realpage 5824, userpage 1, subpage 5824
pages           > flushing realpage 5825, userpage 1, subpage 5825
pages           > flushing realpage 5826, userpage 1, subpage 5826
pages           > flushing realpage 5827, userpage 1, subpage 5827
pages           > flushing realpage 5828, userpage 1, subpage 5828
pages           > flushing realpage 5829, userpage 1, subpage 5829
pages           > flushing realpage 5830, userpage 1, subpage 5830
pages           > flushing realpage 5831, userpage 1, subpage 5831
pages           > flushing realpage 5832, userpage 1, subpage 5832
pages           > flushing realpage 5833, userpage 1, subpage 5833
pages           > flushing realpage 5834, userpage 1, subpage 5834
pages           > flushing realpage 5835, userpage 1, subpage 5835
pages           > flushing realpage 5836, userpage 1, subpage 5836
pages           > flushing realpage 5837, userpage 1, subpage 5837
pages           > flushing realpage 5838, userpage 1, subpage 5838
pages           > flushing realpage 5839, userpage 1, subpage 5839
pages           > flushing realpage 5840, userpage 1, subpage 5840
pages           > flushing realpage 5841, userpage 1, subpage 5841
pages           > flushing realpage 5842, userpage 1, subpage 5842
pages           > flushing realpage 5843, userpage 1, subpage 5843
pages           > flushing realpage 5844, userpage 1, subpage 5844
pages           > flushing realpage 5845, userpage 1, subpage 5845
pages           > flushing realpage 5846, userpage 1, subpage 5846
pages           > flushing realpage 5847, userpage 1, subpage 5847
pages           > flushing realpage 5848, userpage 1, subpage 5848
pages           > flushing realpage 5849, userpage 1, subpage 5849
pages           > flushing realpage 5850, userpage 1, subpage 5850
pages           > flushing realpage 5851, userpage 1, subpage 5851
pages           > flushing realpage 5852, userpage 1, subpage 5852
pages           > flushing realpage 5853, userpage 1, subpage 5853
pages           > flushing realpage 5854, userpage 1, subpage 5854
pages           > flushing realpage 5855, userpage 1, subpage 5855
pages           > flushing realpage 5856, userpage 1, subpage 5856
pages           > flushing realpage 5857, userpage 1, subpage 5857
pages           > flushing realpage 5858, userpage 1, subpage 5858
pages           > flushing realpage 5859, userpage 1, subpage 5859
pages           > flushing realpage 5860, userpage 1, subpage 5860
pages           > flushing realpage 5861, userpage 1, subpage 5861
pages           > flushing realpage 5862, userpage 1, subpage 5862
pages           > flushing realpage 5863, userpage 1, subpage 5863
pages           > flushing realpage 5864, userpage 1, subpage 5864
pages           > flushing realpage 5865, userpage 1, subpage 5865
pages           > flushing realpage 5866, userpage 1, subpage 5866
pages           > flushing realpage 5867, userpage 1, subpage 5867
pages           > flushing realpage 5868, userpage 1, subpage 5868
pages           > flushing realpage 5869, userpage 1, subpage 5869
pages           > flushing realpage 5870, userpage 1, subpage 5870
pages           > flushing realpage 5871, userpage 1, subpage 5871
pages           > flushing realpage 5872, userpage 1, subpage 5872
pages           > flushing realpage 5873, userpage 1, subpage 5873
pages           > flushing realpage 5874, userpage 1, subpage 5874
pages           > flushing realpage 5875, userpage 1, subpage 5875
pages           > flushing realpage 5876, userpage 1, subpage 5876
pages           > flushing realpage 5877, userpage 1, subpage 5877
pages           > flushing realpage 5878, userpage 1, subpage 5878
pages           > flushing realpage 5879, userpage 1, subpage 5879
pages           > flushing realpage 5880, userpage 1, subpage 5880
pages           > flushing realpage 5881, userpage 1, subpage 5881
pages           > flushing realpage 5882, userpage 1, subpage 5882
pages           > flushing realpage 5883, userpage 1, subpage 5883
pages           > flushing realpage 5884, userpage 1, subpage 5884
pages           > flushing realpage 5885, userpage 1, subpage 5885
pages           > flushing realpage 5886, userpage 1, subpage 5886
pages           > flushing realpage 5887, userpage 1, subpage 5887
pages           > flushing realpage 5888, userpage 1, subpage 5888
pages           > flushing realpage 5889, userpage 1, subpage 5889
pages           > flushing realpage 5890, userpage 1, subpage 5890
pages           > flushing realpage 5891, userpage 1, subpage 5891
pages           > flushing realpage 5892, userpage 1, subpage 5892
pages           > flushing realpage 5893, userpage 1, subpage 5893
pages           > flushing realpage 5894, userpage 1, subpage 5894
pages           > flushing realpage 5895, userpage 1, subpage 5895
pages           > flushing realpage 5896, userpage 1, subpage 5896
pages           > flushing realpage 5897, userpage 1, subpage 5897
pages           > flushing realpage 5898, userpage 1, subpage 5898
pages           > flushing realpage 5899, userpage 1, subpage 5899
pages           > flushing realpage 5900, userpage 1, subpage 5900
pages           > flushing realpage 5901, userpage 1, subpage 5901
pages           > flushing realpage 5902, userpage 1, subpage 5902
pages           > flushing realpage 5903, userpage 1, subpage 5903
pages           > flushing realpage 5904, userpage 1, subpage 5904
pages           > flushing realpage 5905, userpage 1, subpage 5905
pages           > flushing realpage 5906, userpage 1, subpage 5906
pages           > flushing realpage 5907, userpage 1, subpage 5907
pages           > flushing realpage 5908, userpage 1, subpage 5908
pages           > flushing realpage 5909, userpage 1, subpage 5909
pages           > flushing realpage 5910, userpage 1, subpage 5910
pages           > flushing realpage 5911, userpage 1, subpage 5911
pages           > flushing realpage 5912, userpage 1, subpage 5912
pages           > flushing realpage 5913, userpage 1, subpage 5913
pages           > flushing realpage 5914, userpage 1, subpage 5914
pages           > flushing realpage 5915, userpage 1, subpage 5915
pages           > flushing realpage 5916, userpage 1, subpage 5916
pages           > flushing realpage 5917, userpage 1, subpage 5917
pages           > flushing realpage 5918, userpage 1, subpage 5918
pages           > flushing realpage 5919, userpage 1, subpage 5919
pages           > flushing realpage 5920, userpage 1, subpage 5920
pages           > flushing realpage 5921, userpage 1, subpage 5921
pages           > flushing realpage 5922, userpage 1, subpage 5922
pages           > flushing realpage 5923, userpage 1, subpage 5923
pages           > flushing realpage 5924, userpage 1, subpage 5924
pages           > flushing realpage 5925, userpage 1, subpage 5925
pages           > flushing realpage 5926, userpage 1, subpage 5926
pages           > flushing realpage 5927, userpage 1, subpage 5927
pages           > flushing realpage 5928, userpage 1, subpage 5928
pages           > flushing realpage 5929, userpage 1, subpage 5929
pages           > flushing realpage 5930, userpage 1, subpage 5930
pages           > flushing realpage 5931, userpage 1, subpage 5931
pages           > flushing realpage 5932, userpage 1, subpage 5932
pages           > flushing realpage 5933, userpage 1, subpage 5933
pages           > flushing realpage 5934, userpage 1, subpage 5934
pages           > flushing realpage 5935, userpage 1, subpage 5935
pages           > flushing realpage 5936, userpage 1, subpage 5936
pages           > flushing realpage 5937, userpage 1, subpage 5937
pages           > flushing realpage 5938, userpage 1, subpage 5938
pages           > flushing realpage 5939, userpage 1, subpage 5939
pages           > flushing realpage 5940, userpage 1, subpage 5940
pages           > flushing realpage 5941, userpage 1, subpage 5941
pages           > flushing realpage 5942, userpage 1, subpage 5942
pages           > flushing realpage 5943, userpage 1, subpage 5943
pages           > flushing realpage 5944, userpage 1, subpage 5944
pages           > flushing realpage 5945, userpage 1, subpage 5945
pages           > flushing realpage 5946, userpage 1, subpage 5946
pages           > flushing realpage 5947, userpage 1, subpage 5947
pages           > flushing realpage 5948, userpage 1, subpage 5948
pages           > flushing realpage 5949, userpage 1, subpage 5949
pages           > flushing realpage 5950, userpage 1, subpage 5950
pages           > flushing realpage 5951, userpage 1, subpage 5951
pages           > flushing realpage 5952, userpage 1, subpage 5952
pages           > flushing realpage 5953, userpage 1, subpage 5953
pages           > flushing realpage 5954, userpage 1, subpage 5954
pages           > flushing realpage 5955, userpage 1, subpage 5955
pages           > flushing realpage 5956, userpage 1, subpage 5956
pages           > flushing realpage 5957, userpage 1, subpage 5957
pages           > flushing realpage 5958, userpage 1, subpage 5958
pages           > flushing realpage 5959, userpage 1, subpage 5959
pages           > flushing realpage 5960, userpage 1, subpage 5960
pages           > flushing realpage 5961, userpage 1, subpage 5961
pages           > flushing realpage 5962, userpage 1, subpage 5962
pages           > flushing realpage 5963, userpage 1, subpage 5963
pages           > flushing realpage 5964, userpage 1, subpage 5964
pages           > flushing realpage 5965, userpage 1, subpage 5965
pages           > flushing realpage 5966, userpage 1, subpage 5966
pages           > flushing realpage 5967, userpage 1, subpage 5967
pages           > flushing realpage 5968, userpage 1, subpage 5968
pages           > flushing realpage 5969, userpage 1, subpage 5969
pages           > flushing realpage 5970, userpage 1, subpage 5970
pages           > flushing realpage 5971, userpage 1, subpage 5971
pages           > flushing realpage 5972, userpage 1, subpage 5972
pages           > flushing realpage 5973, userpage 1, subpage 5973
pages           > flushing realpage 5974, userpage 1, subpage 5974
pages           > flushing realpage 5975, userpage 1, subpage 5975
pages           > flushing realpage 5976, userpage 1, subpage 5976
pages           > flushing realpage 5977, userpage 1, subpage 5977
pages           > flushing realpage 5978, userpage 1, subpage 5978
pages           > flushing realpage 5979, userpage 1, subpage 5979
pages           > flushing realpage 5980, userpage 1, subpage 5980
pages           > flushing realpage 5981, userpage 1, subpage 5981
pages           > flushing realpage 5982, userpage 1, subpage 5982
pages           > flushing realpage 5983, userpage 1, subpage 5983
pages           > flushing realpage 5984, userpage 1, subpage 5984
pages           > flushing realpage 5985, userpage 1, subpage 5985
pages           > flushing realpage 5986, userpage 1, subpage 5986
pages           > flushing realpage 5987, userpage 1, subpage 5987
pages           > flushing realpage 5988, userpage 1, subpage 5988
pages           > flushing realpage 5989, userpage 1, subpage 5989
pages           > flushing realpage 5990, userpage 1, subpage 5990
pages           > flushing realpage 5991, userpage 1, subpage 5991
pages           > flushing realpage 5992, userpage 1, subpage 5992
pages           > flushing realpage 5993, userpage 1, subpage 5993
pages           > flushing realpage 5994, userpage 1, subpage 5994
pages           > flushing realpage 5995, userpage 1, subpage 5995
pages           > flushing realpage 5996, userpage 1, subpage 5996
pages           > flushing realpage 5997, userpage 1, subpage 5997
pages           > flushing realpage 5998, userpage 1, subpage 5998
pages           > flushing realpage 5999, userpage 1, subpage 5999
pages           > flushing realpage 6000, userpage 1, subpage 6000
pages           > flushing realpage 6001, userpage 1, subpage 6001
pages           > flushing realpage 6002, userpage 1, subpage 6002
pages           > flushing realpage 6003, userpage 1, subpage 6003
pages           > flushing realpage 6004, userpage 1, subpage 6004
pages           > flushing realpage 6005, userpage 1, subpage 6005
pages           > flushing realpage 6006, userpage 1, subpage 6006
pages           > flushing realpage 6007, userpage 1, subpage 6007
pages           > flushing realpage 6008, userpage 1, subpage 6008
pages           > flushing realpage 6009, userpage 1, subpage 6009
pages           > flushing realpage 6010, userpage 1, subpage 6010
pages           > flushing realpage 6011, userpage 1, subpage 6011
pages           > flushing realpage 6012, userpage 1, subpage 6012
pages           > flushing realpage 6013, userpage 1, subpage 6013
pages           > flushing realpage 6014, userpage 1, subpage 6014
pages           > flushing realpage 6015, userpage 1, subpage 6015
pages           > flushing realpage 6016, userpage 1, subpage 6016
pages           > flushing realpage 6017, userpage 1, subpage 6017
pages           > flushing realpage 6018, userpage 1, subpage 6018
pages           > flushing realpage 6019, userpage 1, subpage 6019
pages           > flushing realpage 6020, userpage 1, subpage 6020
pages           > flushing realpage 6021, userpage 1, subpage 6021
pages           > flushing realpage 6022, userpage 1, subpage 6022
pages           > flushing realpage 6023, userpage 1, subpage 6023
pages           > flushing realpage 6024, userpage 1, subpage 6024
pages           > flushing realpage 6025, userpage 1, subpage 6025
pages           > flushing realpage 6026, userpage 1, subpage 6026
pages           > flushing realpage 6027, userpage 1, subpage 6027
pages           > flushing realpage 6028, userpage 1, subpage 6028
pages           > flushing realpage 6029, userpage 1, subpage 6029
pages           > flushing realpage 6030, userpage 1, subpage 6030
pages           > flushing realpage 6031, userpage 1, subpage 6031
pages           > flushing realpage 6032, userpage 1, subpage 6032
pages           > flushing realpage 6033, userpage 1, subpage 6033
pages           > flushing realpage 6034, userpage 1, subpage 6034
pages           > flushing realpage 6035, userpage 1, subpage 6035
pages           > flushing realpage 6036, userpage 1, subpage 6036
pages           > flushing realpage 6037, userpage 1, subpage 6037
pages           > flushing realpage 6038, userpage 1, subpage 6038
pages           > flushing realpage 6039, userpage 1, subpage 6039
pages           > flushing realpage 6040, userpage 1, subpage 6040
pages           > flushing realpage 6041, userpage 1, subpage 6041
pages           > flushing realpage 6042, userpage 1, subpage 6042
pages           > flushing realpage 6043, userpage 1, subpage 6043
pages           > flushing realpage 6044, userpage 1, subpage 6044
pages           > flushing realpage 6045, userpage 1, subpage 6045
pages           > flushing realpage 6046, userpage 1, subpage 6046
pages           > flushing realpage 6047, userpage 1, subpage 6047
pages           > flushing realpage 6048, userpage 1, subpage 6048
pages           > flushing realpage 6049, userpage 1, subpage 6049
pages           > flushing realpage 6050, userpage 1, subpage 6050
pages           > flushing realpage 6051, userpage 1, subpage 6051
pages           > flushing realpage 6052, userpage 1, subpage 6052
pages           > flushing realpage 6053, userpage 1, subpage 6053
pages           > flushing realpage 6054, userpage 1, subpage 6054
pages           > flushing realpage 6055, userpage 1, subpage 6055
pages           > flushing realpage 6056, userpage 1, subpage 6056
pages           > flushing realpage 6057, userpage 1, subpage 6057
pages           > flushing realpage 6058, userpage 1, subpage 6058
pages           > flushing realpage 6059, userpage 1, subpage 6059
pages           > flushing realpage 6060, userpage 1, subpage 6060
pages           > flushing realpage 6061, userpage 1, subpage 6061
pages           > flushing realpage 6062, userpage 1, subpage 6062
pages           > flushing realpage 6063, userpage 1, subpage 6063
pages           > flushing realpage 6064, userpage 1, subpage 6064
pages           > flushing realpage 6065, userpage 1, subpage 6065
pages           > flushing realpage 6066, userpage 1, subpage 6066
pages           > flushing realpage 6067, userpage 1, subpage 6067
pages           > flushing realpage 6068, userpage 1, subpage 6068
pages           > flushing realpage 6069, userpage 1, subpage 6069
pages           > flushing realpage 6070, userpage 1, subpage 6070
pages           > flushing realpage 6071, userpage 1, subpage 6071
pages           > flushing realpage 6072, userpage 1, subpage 6072
pages           > flushing realpage 6073, userpage 1, subpage 6073
pages           > flushing realpage 6074, userpage 1, subpage 6074
pages           > flushing realpage 6075, userpage 1, subpage 6075
pages           > flushing realpage 6076, userpage 1, subpage 6076
pages           > flushing realpage 6077, userpage 1, subpage 6077
pages           > flushing realpage 6078, userpage 1, subpage 6078
pages           > flushing realpage 6079, userpage 1, subpage 6079
pages           > flushing realpage 6080, userpage 1, subpage 6080
pages           > flushing realpage 6081, userpage 1, subpage 6081
pages           > flushing realpage 6082, userpage 1, subpage 6082
pages           > flushing realpage 6083, userpage 1, subpage 6083
pages           > flushing realpage 6084, userpage 1, subpage 6084
pages           > flushing realpage 6085, userpage 1, subpage 6085
pages           > flushing realpage 6086, userpage 1, subpage 6086
pages           > flushing realpage 6087, userpage 1, subpage 6087
pages           > flushing realpage 6088, userpage 1, subpage 6088
pages           > flushing realpage 6089, userpage 1, subpage 6089
pages           > flushing realpage 6090, userpage 1, subpage 6090
pages           > flushing realpage 6091, userpage 1, subpage 6091
pages           > flushing realpage 6092, userpage 1, subpage 6092
pages           > flushing realpage 6093, userpage 1, subpage 6093
pages           > flushing realpage 6094, userpage 1, subpage 6094
pages           > flushing realpage 6095, userpage 1, subpage 6095
pages           > flushing realpage 6096, userpage 1, subpage 6096
pages           > flushing realpage 6097, userpage 1, subpage 6097
pages           > flushing realpage 6098, userpage 1, subpage 6098
pages           > flushing realpage 6099, userpage 1, subpage 6099
pages           > flushing realpage 6100, userpage 1, subpage 6100
pages           > flushing realpage 6101, userpage 1, subpage 6101
pages           > flushing realpage 6102, userpage 1, subpage 6102
pages           > flushing realpage 6103, userpage 1, subpage 6103
pages           > flushing realpage 6104, userpage 1, subpage 6104
pages           > flushing realpage 6105, userpage 1, subpage 6105
pages           > flushing realpage 6106, userpage 1, subpage 6106
pages           > flushing realpage 6107, userpage 1, subpage 6107
pages           > flushing realpage 6108, userpage 1, subpage 6108
pages           > flushing realpage 6109, userpage 1, subpage 6109
pages           > flushing realpage 6110, userpage 1, subpage 6110
pages           > flushing realpage 6111, userpage 1, subpage 6111
pages           > flushing realpage 6112, userpage 1, subpage 6112
pages           > flushing realpage 6113, userpage 1, subpage 6113
pages           > flushing realpage 6114, userpage 1, subpage 6114
pages           > flushing realpage 6115, userpage 1, subpage 6115
pages           > flushing realpage 6116, userpage 1, subpage 6116
pages           > flushing realpage 6117, userpage 1, subpage 6117
pages           > flushing realpage 6118, userpage 1, subpage 6118
pages           > flushing realpage 6119, userpage 1, subpage 6119
pages           > flushing realpage 6120, userpage 1, subpage 6120
pages           > flushing realpage 6121, userpage 1, subpage 6121
pages           > flushing realpage 6122, userpage 1, subpage 6122
pages           > flushing realpage 6123, userpage 1, subpage 6123
pages           > flushing realpage 6124, userpage 1, subpage 6124
pages           > flushing realpage 6125, userpage 1, subpage 6125
pages           > flushing realpage 6126, userpage 1, subpage 6126
pages           > flushing realpage 6127, userpage 1, subpage 6127
pages           > flushing realpage 6128, userpage 1, subpage 6128
pages           > flushing realpage 6129, userpage 1, subpage 6129
pages           > flushing realpage 6130, userpage 1, subpage 6130
pages           > flushing realpage 6131, userpage 1, subpage 6131
pages           > flushing realpage 6132, userpage 1, subpage 6132
pages           > flushing realpage 6133, userpage 1, subpage 6133
pages           > flushing realpage 6134, userpage 1, subpage 6134
pages           > flushing realpage 6135, userpage 1, subpage 6135
pages           > flushing realpage 6136, userpage 1, subpage 6136
pages           > flushing realpage 6137, userpage 1, subpage 6137
pages           > flushing realpage 6138, userpage 1, subpage 6138
pages           > flushing realpage 6139, userpage 1, subpage 6139
pages           > flushing realpage 6140, userpage 1, subpage 6140
pages           > flushing realpage 6141, userpage 1, subpage 6141
pages           > flushing realpage 6142, userpage 1, subpage 6142
pages           > flushing realpage 6143, userpage 1, subpage 6143
pages           > flushing realpage 6144, userpage 1, subpage 6144
pages           > flushing realpage 6145, userpage 1, subpage 6145
pages           > flushing realpage 6146, userpage 1, subpage 6146
pages           > flushing realpage 6147, userpage 1, subpage 6147
pages           > flushing realpage 6148, userpage 1, subpage 6148
pages           > flushing realpage 6149, userpage 1, subpage 6149
pages           > flushing realpage 6150, userpage 1, subpage 6150
pages           > flushing realpage 6151, userpage 1, subpage 6151
pages           > flushing realpage 6152, userpage 1, subpage 6152
pages           > flushing realpage 6153, userpage 1, subpage 6153
pages           > flushing realpage 6154, userpage 1, subpage 6154
pages           > flushing realpage 6155, userpage 1, subpage 6155
pages           > flushing realpage 6156, userpage 1, subpage 6156
pages           > flushing realpage 6157, userpage 1, subpage 6157
pages           > flushing realpage 6158, userpage 1, subpage 6158
pages           > flushing realpage 6159, userpage 1, subpage 6159
pages           > flushing realpage 6160, userpage 1, subpage 6160
pages           > flushing realpage 6161, userpage 1, subpage 6161
pages           > flushing realpage 6162, userpage 1, subpage 6162
pages           > flushing realpage 6163, userpage 1, subpage 6163
pages           > flushing realpage 6164, userpage 1, subpage 6164
pages           > flushing realpage 6165, userpage 1, subpage 6165
pages           > flushing realpage 6166, userpage 1, subpage 6166
pages           > flushing realpage 6167, userpage 1, subpage 6167
pages           > flushing realpage 6168, userpage 1, subpage 6168
pages           > flushing realpage 6169, userpage 1, subpage 6169
pages           > flushing realpage 6170, userpage 1, subpage 6170
pages           > flushing realpage 6171, userpage 1, subpage 6171
pages           > flushing realpage 6172, userpage 1, subpage 6172
pages           > flushing realpage 6173, userpage 1, subpage 6173
pages           > flushing realpage 6174, userpage 1, subpage 6174
pages           > flushing realpage 6175, userpage 1, subpage 6175
pages           > flushing realpage 6176, userpage 1, subpage 6176
pages           > flushing realpage 6177, userpage 1, subpage 6177
pages           > flushing realpage 6178, userpage 1, subpage 6178
pages           > flushing realpage 6179, userpage 1, subpage 6179
pages           > flushing realpage 6180, userpage 1, subpage 6180
pages           > flushing realpage 6181, userpage 1, subpage 6181
pages           > flushing realpage 6182, userpage 1, subpage 6182
pages           > flushing realpage 6183, userpage 1, subpage 6183
pages           > flushing realpage 6184, userpage 1, subpage 6184
pages           > flushing realpage 6185, userpage 1, subpage 6185
pages           > flushing realpage 6186, userpage 1, subpage 6186
pages           > flushing realpage 6187, userpage 1, subpage 6187
pages           > flushing realpage 6188, userpage 1, subpage 6188
pages           > flushing realpage 6189, userpage 1, subpage 6189
pages           > flushing realpage 6190, userpage 1, subpage 6190
pages           > flushing realpage 6191, userpage 1, subpage 6191
pages           > flushing realpage 6192, userpage 1, subpage 6192
pages           > flushing realpage 6193, userpage 1, subpage 6193
pages           > flushing realpage 6194, userpage 1, subpage 6194
pages           > flushing realpage 6195, userpage 1, subpage 6195
pages           > flushing realpage 6196, userpage 1, subpage 6196
pages           > flushing realpage 6197, userpage 1, subpage 6197
pages           > flushing realpage 6198, userpage 1, subpage 6198
pages           > flushing realpage 6199, userpage 1, subpage 6199
pages           > flushing realpage 6200, userpage 1, subpage 6200
pages           > flushing realpage 6201, userpage 1, subpage 6201
pages           > flushing realpage 6202, userpage 1, subpage 6202
pages           > flushing realpage 6203, userpage 1, subpage 6203
pages           > flushing realpage 6204, userpage 1, subpage 6204
pages           > flushing realpage 6205, userpage 1, subpage 6205
pages           > flushing realpage 6206, userpage 1, subpage 6206
pages           > flushing realpage 6207, userpage 1, subpage 6207
pages           > flushing realpage 6208, userpage 1, subpage 6208
pages           > flushing realpage 6209, userpage 1, subpage 6209
pages           > flushing realpage 6210, userpage 1, subpage 6210
pages           > flushing realpage 6211, userpage 1, subpage 6211
pages           > flushing realpage 6212, userpage 1, subpage 6212
pages           > flushing realpage 6213, userpage 1, subpage 6213
pages           > flushing realpage 6214, userpage 1, subpage 6214
pages           > flushing realpage 6215, userpage 1, subpage 6215
pages           > flushing realpage 6216, userpage 1, subpage 6216
pages           > flushing realpage 6217, userpage 1, subpage 6217
pages           > flushing realpage 6218, userpage 1, subpage 6218
pages           > flushing realpage 6219, userpage 1, subpage 6219
pages           > flushing realpage 6220, userpage 1, subpage 6220
pages           > flushing realpage 6221, userpage 1, subpage 6221
pages           > flushing realpage 6222, userpage 1, subpage 6222
pages           > flushing realpage 6223, userpage 1, subpage 6223
pages           > flushing realpage 6224, userpage 1, subpage 6224
pages           > flushing realpage 6225, userpage 1, subpage 6225
pages           > flushing realpage 6226, userpage 1, subpage 6226
pages           > flushing realpage 6227, userpage 1, subpage 6227
pages           > flushing realpage 6228, userpage 1, subpage 6228
pages           > flushing realpage 6229, userpage 1, subpage 6229
pages           > flushing realpage 6230, userpage 1, subpage 6230
pages           > flushing realpage 6231, userpage 1, subpage 6231
pages           > flushing realpage 6232, userpage 1, subpage 6232
pages           > flushing realpage 6233, userpage 1, subpage 6233
pages           > flushing realpage 6234, userpage 1, subpage 6234
pages           > flushing realpage 6235, userpage 1, subpage 6235
pages           > flushing realpage 6236, userpage 1, subpage 6236
pages           > flushing realpage 6237, userpage 1, subpage 6237
pages           > flushing realpage 6238, userpage 1, subpage 6238
pages           > flushing realpage 6239, userpage 1, subpage 6239
pages           > flushing realpage 6240, userpage 1, subpage 6240
pages           > flushing realpage 6241, userpage 1, subpage 6241
pages           > flushing realpage 6242, userpage 1, subpage 6242
pages           > flushing realpage 6243, userpage 1, subpage 6243
pages           > flushing realpage 6244, userpage 1, subpage 6244
pages           > flushing realpage 6245, userpage 1, subpage 6245
pages           > flushing realpage 6246, userpage 1, subpage 6246
pages           > flushing realpage 6247, userpage 1, subpage 6247
pages           > flushing realpage 6248, userpage 1, subpage 6248
pages           > flushing realpage 6249, userpage 1, subpage 6249
pages           > flushing realpage 6250, userpage 1, subpage 6250
pages           > flushing realpage 6251, userpage 1, subpage 6251
pages           > flushing realpage 6252, userpage 1, subpage 6252
pages           > flushing realpage 6253, userpage 1, subpage 6253
pages           > flushing realpage 6254, userpage 1, subpage 6254
pages           > flushing realpage 6255, userpage 1, subpage 6255
pages           > flushing realpage 6256, userpage 1, subpage 6256
pages           > flushing realpage 6257, userpage 1, subpage 6257
pages           > flushing realpage 6258, userpage 1, subpage 6258
pages           > flushing realpage 6259, userpage 1, subpage 6259
pages           > flushing realpage 6260, userpage 1, subpage 6260
pages           > flushing realpage 6261, userpage 1, subpage 6261
pages           > flushing realpage 6262, userpage 1, subpage 6262
pages           > flushing realpage 6263, userpage 1, subpage 6263
pages           > flushing realpage 6264, userpage 1, subpage 6264
pages           > flushing realpage 6265, userpage 1, subpage 6265
pages           > flushing realpage 6266, userpage 1, subpage 6266
pages           > flushing realpage 6267, userpage 1, subpage 6267
pages           > flushing realpage 6268, userpage 1, subpage 6268
pages           > flushing realpage 6269, userpage 1, subpage 6269
pages           > flushing realpage 6270, userpage 1, subpage 6270
pages           > flushing realpage 6271, userpage 1, subpage 6271
pages           > flushing realpage 6272, userpage 1, subpage 6272
pages           > flushing realpage 6273, userpage 1, subpage 6273
pages           > flushing realpage 6274, userpage 1, subpage 6274
pages           > flushing realpage 6275, userpage 1, subpage 6275
pages           > flushing realpage 6276, userpage 1, subpage 6276
pages           > flushing realpage 6277, userpage 1, subpage 6277
pages           > flushing realpage 6278, userpage 1, subpage 6278
pages           > flushing realpage 6279, userpage 1, subpage 6279
pages           > flushing realpage 6280, userpage 1, subpage 6280
pages           > flushing realpage 6281, userpage 1, subpage 6281
pages           > flushing realpage 6282, userpage 1, subpage 6282
pages           > flushing realpage 6283, userpage 1, subpage 6283
pages           > flushing realpage 6284, userpage 1, subpage 6284
pages           > flushing realpage 6285, userpage 1, subpage 6285
pages           > flushing realpage 6286, userpage 1, subpage 6286
pages           > flushing realpage 6287, userpage 1, subpage 6287
pages           > flushing realpage 6288, userpage 1, subpage 6288
pages           > flushing realpage 6289, userpage 1, subpage 6289
pages           > flushing realpage 6290, userpage 1, subpage 6290
pages           > flushing realpage 6291, userpage 1, subpage 6291
pages           > flushing realpage 6292, userpage 1, subpage 6292
pages           > flushing realpage 6293, userpage 1, subpage 6293
pages           > flushing realpage 6294, userpage 1, subpage 6294
pages           > flushing realpage 6295, userpage 1, subpage 6295
pages           > flushing realpage 6296, userpage 1, subpage 6296
pages           > flushing realpage 6297, userpage 1, subpage 6297
pages           > flushing realpage 6298, userpage 1, subpage 6298
pages           > flushing realpage 6299, userpage 1, subpage 6299
pages           > flushing realpage 6300, userpage 1, subpage 6300
pages           > flushing realpage 6301, userpage 1, subpage 6301
pages           > flushing realpage 6302, userpage 1, subpage 6302
pages           > flushing realpage 6303, userpage 1, subpage 6303
pages           > flushing realpage 6304, userpage 1, subpage 6304
pages           > flushing realpage 6305, userpage 1, subpage 6305
pages           > flushing realpage 6306, userpage 1, subpage 6306
pages           > flushing realpage 6307, userpage 1, subpage 6307
pages           > flushing realpage 6308, userpage 1, subpage 6308
pages           > flushing realpage 6309, userpage 1, subpage 6309
pages           > flushing realpage 6310, userpage 1, subpage 6310
pages           > flushing realpage 6311, userpage 1, subpage 6311
pages           > flushing realpage 6312, userpage 1, subpage 6312
pages           > flushing realpage 6313, userpage 1, subpage 6313
pages           > flushing realpage 6314, userpage 1, subpage 6314
pages           > flushing realpage 6315, userpage 1, subpage 6315
pages           > flushing realpage 6316, userpage 1, subpage 6316
pages           > flushing realpage 6317, userpage 1, subpage 6317
pages           > flushing realpage 6318, userpage 1, subpage 6318
pages           > flushing realpage 6319, userpage 1, subpage 6319
pages           > flushing realpage 6320, userpage 1, subpage 6320
pages           > flushing realpage 6321, userpage 1, subpage 6321
pages           > flushing realpage 6322, userpage 1, subpage 6322
pages           > flushing realpage 6323, userpage 1, subpage 6323
pages           > flushing realpage 6324, userpage 1, subpage 6324
pages           > flushing realpage 6325, userpage 1, subpage 6325
pages           > flushing realpage 6326, userpage 1, subpage 6326
pages           > flushing realpage 6327, userpage 1, subpage 6327
pages           > flushing realpage 6328, userpage 1, subpage 6328
pages           > flushing realpage 6329, userpage 1, subpage 6329
pages           > flushing realpage 6330, userpage 1, subpage 6330
pages           > flushing realpage 6331, userpage 1, subpage 6331
pages           > flushing realpage 6332, userpage 1, subpage 6332
pages           > flushing realpage 6333, userpage 1, subpage 6333
pages           > flushing realpage 6334, userpage 1, subpage 6334
pages           > flushing realpage 6335, userpage 1, subpage 6335
pages           > flushing realpage 6336, userpage 1, subpage 6336
pages           > flushing realpage 6337, userpage 1, subpage 6337
pages           > flushing realpage 6338, userpage 1, subpage 6338
pages           > flushing realpage 6339, userpage 1, subpage 6339
pages           > flushing realpage 6340, userpage 1, subpage 6340
pages           > flushing realpage 6341, userpage 1, subpage 6341
pages           > flushing realpage 6342, userpage 1, subpage 6342
pages           > flushing realpage 6343, userpage 1, subpage 6343
pages           > flushing realpage 6344, userpage 1, subpage 6344
pages           > flushing realpage 6345, userpage 1, subpage 6345
pages           > flushing realpage 6346, userpage 1, subpage 6346
pages           > flushing realpage 6347, userpage 1, subpage 6347
pages           > flushing realpage 6348, userpage 1, subpage 6348
pages           > flushing realpage 6349, userpage 1, subpage 6349
pages           > flushing realpage 6350, userpage 1, subpage 6350
pages           > flushing realpage 6351, userpage 1, subpage 6351
pages           > flushing realpage 6352, userpage 1, subpage 6352
pages           > flushing realpage 6353, userpage 1, subpage 6353
pages           > flushing realpage 6354, userpage 1, subpage 6354
pages           > flushing realpage 6355, userpage 1, subpage 6355
pages           > flushing realpage 6356, userpage 1, subpage 6356
pages           > flushing realpage 6357, userpage 1, subpage 6357
pages           > flushing realpage 6358, userpage 1, subpage 6358
pages           > flushing realpage 6359, userpage 1, subpage 6359
pages           > flushing realpage 6360, userpage 1, subpage 6360
pages           > flushing realpage 6361, userpage 1, subpage 6361
pages           > flushing realpage 6362, userpage 1, subpage 6362
pages           > flushing realpage 6363, userpage 1, subpage 6363
pages           > flushing realpage 6364, userpage 1, subpage 6364
pages           > flushing realpage 6365, userpage 1, subpage 6365
pages           > flushing realpage 6366, userpage 1, subpage 6366
pages           > flushing realpage 6367, userpage 1, subpage 6367
pages           > flushing realpage 6368, userpage 1, subpage 6368
pages           > flushing realpage 6369, userpage 1, subpage 6369
pages           > flushing realpage 6370, userpage 1, subpage 6370
pages           > flushing realpage 6371, userpage 1, subpage 6371
pages           > flushing realpage 6372, userpage 1, subpage 6372
pages           > flushing realpage 6373, userpage 1, subpage 6373
pages           > flushing realpage 6374, userpage 1, subpage 6374
pages           > flushing realpage 6375, userpage 1, subpage 6375
pages           > flushing realpage 6376, userpage 1, subpage 6376
pages           > flushing realpage 6377, userpage 1, subpage 6377
pages           > flushing realpage 6378, userpage 1, subpage 6378
pages           > flushing realpage 6379, userpage 1, subpage 6379
pages           > flushing realpage 6380, userpage 1, subpage 6380
pages           > flushing realpage 6381, userpage 1, subpage 6381
pages           > flushing realpage 6382, userpage 1, subpage 6382
pages           > flushing realpage 6383, userpage 1, subpage 6383
pages           > flushing realpage 6384, userpage 1, subpage 6384
pages           > flushing realpage 6385, userpage 1, subpage 6385
pages           > flushing realpage 6386, userpage 1, subpage 6386
pages           > flushing realpage 6387, userpage 1, subpage 6387
pages           > flushing realpage 6388, userpage 1, subpage 6388
pages           > flushing realpage 6389, userpage 1, subpage 6389
pages           > flushing realpage 6390, userpage 1, subpage 6390
pages           > flushing realpage 6391, userpage 1, subpage 6391
pages           > flushing realpage 6392, userpage 1, subpage 6392
pages           > flushing realpage 6393, userpage 1, subpage 6393
pages           > flushing realpage 6394, userpage 1, subpage 6394
pages           > flushing realpage 6395, userpage 1, subpage 6395
pages           > flushing realpage 6396, userpage 1, subpage 6396
pages           > flushing realpage 6397, userpage 1, subpage 6397
pages           > flushing realpage 6398, userpage 1, subpage 6398
pages           > flushing realpage 6399, userpage 1, subpage 6399
pages           > flushing realpage 6400, userpage 1, subpage 6400
pages           > flushing realpage 6401, userpage 1, subpage 6401
pages           > flushing realpage 6402, userpage 1, subpage 6402
pages           > flushing realpage 6403, userpage 1, subpage 6403
pages           > flushing realpage 6404, userpage 1, subpage 6404
pages           > flushing realpage 6405, userpage 1, subpage 6405
pages           > flushing realpage 6406, userpage 1, subpage 6406
pages           > flushing realpage 6407, userpage 1, subpage 6407
pages           > flushing realpage 6408, userpage 1, subpage 6408
pages           > flushing realpage 6409, userpage 1, subpage 6409
pages           > flushing realpage 6410, userpage 1, subpage 6410
pages           > flushing realpage 6411, userpage 1, subpage 6411
pages           > flushing realpage 6412, userpage 1, subpage 6412
pages           > flushing realpage 6413, userpage 1, subpage 6413
pages           > flushing realpage 6414, userpage 1, subpage 6414
pages           > flushing realpage 6415, userpage 1, subpage 6415
pages           > flushing realpage 6416, userpage 1, subpage 6416
pages           > flushing realpage 6417, userpage 1, subpage 6417
pages           > flushing realpage 6418, userpage 1, subpage 6418
pages           > flushing realpage 6419, userpage 1, subpage 6419
pages           > flushing realpage 6420, userpage 1, subpage 6420
pages           > flushing realpage 6421, userpage 1, subpage 6421
pages           > flushing realpage 6422, userpage 1, subpage 6422
pages           > flushing realpage 6423, userpage 1, subpage 6423
pages           > flushing realpage 6424, userpage 1, subpage 6424
pages           > flushing realpage 6425, userpage 1, subpage 6425
pages           > flushing realpage 6426, userpage 1, subpage 6426
pages           > flushing realpage 6427, userpage 1, subpage 6427
pages           > flushing realpage 6428, userpage 1, subpage 6428
pages           > flushing realpage 6429, userpage 1, subpage 6429
pages           > flushing realpage 6430, userpage 1, subpage 6430
pages           > flushing realpage 6431, userpage 1, subpage 6431
pages           > flushing realpage 6432, userpage 1, subpage 6432
pages           > flushing realpage 6433, userpage 1, subpage 6433
pages           > flushing realpage 6434, userpage 1, subpage 6434
pages           > flushing realpage 6435, userpage 1, subpage 6435
pages           > flushing realpage 6436, userpage 1, subpage 6436
pages           > flushing realpage 6437, userpage 1, subpage 6437
pages           > flushing realpage 6438, userpage 1, subpage 6438
pages           > flushing realpage 6439, userpage 1, subpage 6439
pages           > flushing realpage 6440, userpage 1, subpage 6440
pages           > flushing realpage 6441, userpage 1, subpage 6441
pages           > flushing realpage 6442, userpage 1, subpage 6442
pages           > flushing realpage 6443, userpage 1, subpage 6443
pages           > flushing realpage 6444, userpage 1, subpage 6444
pages           > flushing realpage 6445, userpage 1, subpage 6445
pages           > flushing realpage 6446, userpage 1, subpage 6446
pages           > flushing realpage 6447, userpage 1, subpage 6447
pages           > flushing realpage 6448, userpage 1, subpage 6448
pages           > flushing realpage 6449, userpage 1, subpage 6449
pages           > flushing realpage 6450, userpage 1, subpage 6450
pages           > flushing realpage 6451, userpage 1, subpage 6451
pages           > flushing realpage 6452, userpage 1, subpage 6452
pages           > flushing realpage 6453, userpage 1, subpage 6453
pages           > flushing realpage 6454, userpage 1, subpage 6454
pages           > flushing realpage 6455, userpage 1, subpage 6455
pages           > flushing realpage 6456, userpage 1, subpage 6456
pages           > flushing realpage 6457, userpage 1, subpage 6457
pages           > flushing realpage 6458, userpage 1, subpage 6458
pages           > flushing realpage 6459, userpage 1, subpage 6459
pages           > flushing realpage 6460, userpage 1, subpage 6460
pages           > flushing realpage 6461, userpage 1, subpage 6461
pages           > flushing realpage 6462, userpage 1, subpage 6462
pages           > flushing realpage 6463, userpage 1, subpage 6463
pages           > flushing realpage 6464, userpage 1, subpage 6464
pages           > flushing realpage 6465, userpage 1, subpage 6465
pages           > flushing realpage 6466, userpage 1, subpage 6466
pages           > flushing realpage 6467, userpage 1, subpage 6467
pages           > flushing realpage 6468, userpage 1, subpage 6468
pages           > flushing realpage 6469, userpage 1, subpage 6469
pages           > flushing realpage 6470, userpage 1, subpage 6470
pages           > flushing realpage 6471, userpage 1, subpage 6471
pages           > flushing realpage 6472, userpage 1, subpage 6472
pages           > flushing realpage 6473, userpage 1, subpage 6473
pages           > flushing realpage 6474, userpage 1, subpage 6474
pages           > flushing realpage 6475, userpage 1, subpage 6475
pages           > flushing realpage 6476, userpage 1, subpage 6476
pages           > flushing realpage 6477, userpage 1, subpage 6477
pages           > flushing realpage 6478, userpage 1, subpage 6478
pages           > flushing realpage 6479, userpage 1, subpage 6479
pages           > flushing realpage 6480, userpage 1, subpage 6480
pages           > flushing realpage 6481, userpage 1, subpage 6481
pages           > flushing realpage 6482, userpage 1, subpage 6482
pages           > flushing realpage 6483, userpage 1, subpage 6483
pages           > flushing realpage 6484, userpage 1, subpage 6484
pages           > flushing realpage 6485, userpage 1, subpage 6485
pages           > flushing realpage 6486, userpage 1, subpage 6486
pages           > flushing realpage 6487, userpage 1, subpage 6487
pages           > flushing realpage 6488, userpage 1, subpage 6488
pages           > flushing realpage 6489, userpage 1, subpage 6489
pages           > flushing realpage 6490, userpage 1, subpage 6490
pages           > flushing realpage 6491, userpage 1, subpage 6491
pages           > flushing realpage 6492, userpage 1, subpage 6492
pages           > flushing realpage 6493, userpage 1, subpage 6493
pages           > flushing realpage 6494, userpage 1, subpage 6494
pages           > flushing realpage 6495, userpage 1, subpage 6495
pages           > flushing realpage 6496, userpage 1, subpage 6496
pages           > flushing realpage 6497, userpage 1, subpage 6497
pages           > flushing realpage 6498, userpage 1, subpage 6498
pages           > flushing realpage 6499, userpage 1, subpage 6499
pages           > flushing realpage 6500, userpage 1, subpage 6500
pages           > flushing realpage 6501, userpage 1, subpage 6501
pages           > flushing realpage 6502, userpage 1, subpage 6502
pages           > flushing realpage 6503, userpage 1, subpage 6503
pages           > flushing realpage 6504, userpage 1, subpage 6504
pages           > flushing realpage 6505, userpage 1, subpage 6505
pages           > flushing realpage 6506, userpage 1, subpage 6506
pages           > flushing realpage 6507, userpage 1, subpage 6507
pages           > flushing realpage 6508, userpage 1, subpage 6508
pages           > flushing realpage 6509, userpage 1, subpage 6509
pages           > flushing realpage 6510, userpage 1, subpage 6510
pages           > flushing realpage 6511, userpage 1, subpage 6511
pages           > flushing realpage 6512, userpage 1, subpage 6512
pages           > flushing realpage 6513, userpage 1, subpage 6513
pages           > flushing realpage 6514, userpage 1, subpage 6514
pages           > flushing realpage 6515, userpage 1, subpage 6515
pages           > flushing realpage 6516, userpage 1, subpage 6516
pages           > flushing realpage 6517, userpage 1, subpage 6517
pages           > flushing realpage 6518, userpage 1, subpage 6518
pages           > flushing realpage 6519, userpage 1, subpage 6519
pages           > flushing realpage 6520, userpage 1, subpage 6520
pages           > flushing realpage 6521, userpage 1, subpage 6521
pages           > flushing realpage 6522, userpage 1, subpage 6522
pages           > flushing realpage 6523, userpage 1, subpage 6523
pages           > flushing realpage 6524, userpage 1, subpage 6524
pages           > flushing realpage 6525, userpage 1, subpage 6525
pages           > flushing realpage 6526, userpage 1, subpage 6526
pages           > flushing realpage 6527, userpage 1, subpage 6527
pages           > flushing realpage 6528, userpage 1, subpage 6528
pages           > flushing realpage 6529, userpage 1, subpage 6529
pages           > flushing realpage 6530, userpage 1, subpage 6530
pages           > flushing realpage 6531, userpage 1, subpage 6531
pages           > flushing realpage 6532, userpage 1, subpage 6532
pages           > flushing realpage 6533, userpage 1, subpage 6533
pages           > flushing realpage 6534, userpage 1, subpage 6534
pages           > flushing realpage 6535, userpage 1, subpage 6535
pages           > flushing realpage 6536, userpage 1, subpage 6536
pages           > flushing realpage 6537, userpage 1, subpage 6537
pages           > flushing realpage 6538, userpage 1, subpage 6538
pages           > flushing realpage 6539, userpage 1, subpage 6539
pages           > flushing realpage 6540, userpage 1, subpage 6540
pages           > flushing realpage 6541, userpage 1, subpage 6541
pages           > flushing realpage 6542, userpage 1, subpage 6542
pages           > flushing realpage 6543, userpage 1, subpage 6543
pages           > flushing realpage 6544, userpage 1, subpage 6544
pages           > flushing realpage 6545, userpage 1, subpage 6545
pages           > flushing realpage 6546, userpage 1, subpage 6546
pages           > flushing realpage 6547, userpage 1, subpage 6547
pages           > flushing realpage 6548, userpage 1, subpage 6548
pages           > flushing realpage 6549, userpage 1, subpage 6549
pages           > flushing realpage 6550, userpage 1, subpage 6550
pages           > flushing realpage 6551, userpage 1, subpage 6551
pages           > flushing realpage 6552, userpage 1, subpage 6552
pages           > flushing realpage 6553, userpage 1, subpage 6553
pages           > flushing realpage 6554, userpage 1, subpage 6554
pages           > flushing realpage 6555, userpage 1, subpage 6555
pages           > flushing realpage 6556, userpage 1, subpage 6556
pages           > flushing realpage 6557, userpage 1, subpage 6557
pages           > flushing realpage 6558, userpage 1, subpage 6558
pages           > flushing realpage 6559, userpage 1, subpage 6559
pages           > flushing realpage 6560, userpage 1, subpage 6560
pages           > flushing realpage 6561, userpage 1, subpage 6561
pages           > flushing realpage 6562, userpage 1, subpage 6562
pages           > flushing realpage 6563, userpage 1, subpage 6563
pages           > flushing realpage 6564, userpage 1, subpage 6564
pages           > flushing realpage 6565, userpage 1, subpage 6565
pages           > flushing realpage 6566, userpage 1, subpage 6566
pages           > flushing realpage 6567, userpage 1, subpage 6567
pages           > flushing realpage 6568, userpage 1, subpage 6568
pages           > flushing realpage 6569, userpage 1, subpage 6569
pages           > flushing realpage 6570, userpage 1, subpage 6570
pages           > flushing realpage 6571, userpage 1, subpage 6571
pages           > flushing realpage 6572, userpage 1, subpage 6572
pages           > flushing realpage 6573, userpage 1, subpage 6573
pages           > flushing realpage 6574, userpage 1, subpage 6574
pages           > flushing realpage 6575, userpage 1, subpage 6575
pages           > flushing realpage 6576, userpage 1, subpage 6576
pages           > flushing realpage 6577, userpage 1, subpage 6577
pages           > flushing realpage 6578, userpage 1, subpage 6578
pages           > flushing realpage 6579, userpage 1, subpage 6579
pages           > flushing realpage 6580, userpage 1, subpage 6580
pages           > flushing realpage 6581, userpage 1, subpage 6581
pages           > flushing realpage 6582, userpage 1, subpage 6582
pages           > flushing realpage 6583, userpage 1, subpage 6583
pages           > flushing realpage 6584, userpage 1, subpage 6584
pages           > flushing realpage 6585, userpage 1, subpage 6585
pages           > flushing realpage 6586, userpage 1, subpage 6586
pages           > flushing realpage 6587, userpage 1, subpage 6587
pages           > flushing realpage 6588, userpage 1, subpage 6588
pages           > flushing realpage 6589, userpage 1, subpage 6589
pages           > flushing realpage 6590, userpage 1, subpage 6590
pages           > flushing realpage 6591, userpage 1, subpage 6591
pages           > flushing realpage 6592, userpage 1, subpage 6592
pages           > flushing realpage 6593, userpage 1, subpage 6593
pages           > flushing realpage 6594, userpage 1, subpage 6594
pages           > flushing realpage 6595, userpage 1, subpage 6595
pages           > flushing realpage 6596, userpage 1, subpage 6596
pages           > flushing realpage 6597, userpage 1, subpage 6597
pages           > flushing realpage 6598, userpage 1, subpage 6598
pages           > flushing realpage 6599, userpage 1, subpage 6599
pages           > flushing realpage 6600, userpage 1, subpage 6600
pages           > flushing realpage 6601, userpage 1, subpage 6601
pages           > flushing realpage 6602, userpage 1, subpage 6602
pages           > flushing realpage 6603, userpage 1, subpage 6603
pages           > flushing realpage 6604, userpage 1, subpage 6604
pages           > flushing realpage 6605, userpage 1, subpage 6605
pages           > flushing realpage 6606, userpage 1, subpage 6606
pages           > flushing realpage 6607, userpage 1, subpage 6607
pages           > flushing realpage 6608, userpage 1, subpage 6608
pages           > flushing realpage 6609, userpage 1, subpage 6609
pages           > flushing realpage 6610, userpage 1, subpage 6610
pages           > flushing realpage 6611, userpage 1, subpage 6611
pages           > flushing realpage 6612, userpage 1, subpage 6612
pages           > flushing realpage 6613, userpage 1, subpage 6613
pages           > flushing realpage 6614, userpage 1, subpage 6614
pages           > flushing realpage 6615, userpage 1, subpage 6615
pages           > flushing realpage 6616, userpage 1, subpage 6616
pages           > flushing realpage 6617, userpage 1, subpage 6617
pages           > flushing realpage 6618, userpage 1, subpage 6618
pages           > flushing realpage 6619, userpage 1, subpage 6619
pages           > flushing realpage 6620, userpage 1, subpage 6620
pages           > flushing realpage 6621, userpage 1, subpage 6621
pages           > flushing realpage 6622, userpage 1, subpage 6622
pages           > flushing realpage 6623, userpage 1, subpage 6623
pages           > flushing realpage 6624, userpage 1, subpage 6624
pages           > flushing realpage 6625, userpage 1, subpage 6625
pages           > flushing realpage 6626, userpage 1, subpage 6626
pages           > flushing realpage 6627, userpage 1, subpage 6627
pages           > flushing realpage 6628, userpage 1, subpage 6628
pages           > flushing realpage 6629, userpage 1, subpage 6629
pages           > flushing realpage 6630, userpage 1, subpage 6630
pages           > flushing realpage 6631, userpage 1, subpage 6631
pages           > flushing realpage 6632, userpage 1, subpage 6632
pages           > flushing realpage 6633, userpage 1, subpage 6633
pages           > flushing realpage 6634, userpage 1, subpage 6634
pages           > flushing realpage 6635, userpage 1, subpage 6635
pages           > flushing realpage 6636, userpage 1, subpage 6636
pages           > flushing realpage 6637, userpage 1, subpage 6637
pages           > flushing realpage 6638, userpage 1, subpage 6638
pages           > flushing realpage 6639, userpage 1, subpage 6639
pages           > flushing realpage 6640, userpage 1, subpage 6640
pages           > flushing realpage 6641, userpage 1, subpage 6641
pages           > flushing realpage 6642, userpage 1, subpage 6642
pages           > flushing realpage 6643, userpage 1, subpage 6643
pages           > flushing realpage 6644, userpage 1, subpage 6644
pages           > flushing realpage 6645, userpage 1, subpage 6645
pages           > flushing realpage 6646, userpage 1, subpage 6646
pages           > flushing realpage 6647, userpage 1, subpage 6647
pages           > flushing realpage 6648, userpage 1, subpage 6648
pages           > flushing realpage 6649, userpage 1, subpage 6649
pages           > flushing realpage 6650, userpage 1, subpage 6650
pages           > flushing realpage 6651, userpage 1, subpage 6651
pages           > flushing realpage 6652, userpage 1, subpage 6652
pages           > flushing realpage 6653, userpage 1, subpage 6653
pages           > flushing realpage 6654, userpage 1, subpage 6654
pages           > flushing realpage 6655, userpage 1, subpage 6655
pages           > flushing realpage 6656, userpage 1, subpage 6656
pages           > flushing realpage 6657, userpage 1, subpage 6657
pages           > flushing realpage 6658, userpage 1, subpage 6658
pages           > flushing realpage 6659, userpage 1, subpage 6659
pages           > flushing realpage 6660, userpage 1, subpage 6660
pages           > flushing realpage 6661, userpage 1, subpage 6661
pages           > flushing realpage 6662, userpage 1, subpage 6662
pages           > flushing realpage 6663, userpage 1, subpage 6663
pages           > flushing realpage 6664, userpage 1, subpage 6664
pages           > flushing realpage 6665, userpage 1, subpage 6665
pages           > flushing realpage 6666, userpage 1, subpage 6666
pages           > flushing realpage 6667, userpage 1, subpage 6667
pages           > flushing realpage 6668, userpage 1, subpage 6668
pages           > flushing realpage 6669, userpage 1, subpage 6669
pages           > flushing realpage 6670, userpage 1, subpage 6670
pages           > flushing realpage 6671, userpage 1, subpage 6671
pages           > flushing realpage 6672, userpage 1, subpage 6672
pages           > flushing realpage 6673, userpage 1, subpage 6673
pages           > flushing realpage 6674, userpage 1, subpage 6674
pages           > flushing realpage 6675, userpage 1, subpage 6675
pages           > flushing realpage 6676, userpage 1, subpage 6676
pages           > flushing realpage 6677, userpage 1, subpage 6677
pages           > flushing realpage 6678, userpage 1, subpage 6678
pages           > flushing realpage 6679, userpage 1, subpage 6679
pages           > flushing realpage 6680, userpage 1, subpage 6680
pages           > flushing realpage 6681, userpage 1, subpage 6681
pages           > flushing realpage 6682, userpage 1, subpage 6682
pages           > flushing realpage 6683, userpage 1, subpage 6683
pages           > flushing realpage 6684, userpage 1, subpage 6684
pages           > flushing realpage 6685, userpage 1, subpage 6685
pages           > flushing realpage 6686, userpage 1, subpage 6686
pages           > flushing realpage 6687, userpage 1, subpage 6687
pages           > flushing realpage 6688, userpage 1, subpage 6688
pages           > flushing realpage 6689, userpage 1, subpage 6689
pages           > flushing realpage 6690, userpage 1, subpage 6690
pages           > flushing realpage 6691, userpage 1, subpage 6691
pages           > flushing realpage 6692, userpage 1, subpage 6692
pages           > flushing realpage 6693, userpage 1, subpage 6693
pages           > flushing realpage 6694, userpage 1, subpage 6694
close source    > level 1, order 6, name './main.tex'
backend         > xmp > using file '/usr/local/texlive/2025/texmf-dist/tex/context/base/mkiv/lpdf-pdx.xml'
system          > start used files
system          > text: main
system          > stop used files
system          > start used files
system          >    1: filename=publ-imp-default.lua filetype=lua foundname=/usr/local/texlive/2025/texmf-dist/tex/context/base/mkiv/publ-imp-default.lua fullname=/usr/local/texlive/2025/texmf-dist/tex/context/base/mkiv/publ-imp-default.lua usedmethod=database
system          >    2: filename=cont-new.mkxl filetype=tex foundname=/usr/local/texlive/2025/texmf-dist/tex/context/base/mkxl/cont-new.mkxl fullname=/usr/local/texlive/2025/texmf-dist/tex/context/base/mkxl/cont-new.mkxl usedmethod=database
system          >    3: filename=cont-sys.mkxl filetype=tex foundname=/usr/local/texlive/2025/texmf-dist/tex/context/texlive/cont-sys.mkxl fullname=/usr/local/texlive/2025/texmf-dist/tex/context/texlive/cont-sys.mkxl usedmethod=database
system          >    4: filename=m-texlive.mkxl filetype=tex foundname=/usr/local/texlive/2025/texmf-dist/tex/context/modules/mkxl/m-texlive.mkxl fullname=/usr/local/texlive/2025/texmf-dist/tex/context/modules/mkxl/m-texlive.mkxl usedmethod=database
system          >    5: filename=data-tld.lua filetype=tex format=tex foundname=/usr/local/texlive/2025/texmf-dist/tex/context/base/mkiv/data-tld.lua fullname=/usr/local/texlive/2025/texmf-dist/tex/context/base/mkiv/data-tld.lua usedmethod=database
system          >    6: filename=context-papersize.tex filetype=tex foundname=/usr/local/texlive/2025/texmf-config/tex/context/user/context-papersize.tex fullname=/usr/local/texlive/2025/texmf-config/tex/context/user/context-papersize.tex usedmethod=database
system          >    7: filename=lang-exc.lua filetype=lua foundname=/usr/local/texlive/2025/texmf-dist/tex/context/base/mkiv/lang-exc.lua fullname=/usr/local/texlive/2025/texmf-dist/tex/context/base/mkiv/lang-exc.lua usedmethod=database
system          >    8: filename=lang-us.lua filetype=lua foundname=/usr/local/texlive/2025/texmf-dist/tex/context/patterns/mkiv/lang-us.lua fullname=/usr/local/texlive/2025/texmf-dist/tex/context/patterns/mkiv/lang-us.lua usedmethod=database
system          >    9: filename=/Users/nice/Desktop/Private_Repository/Personal/theorem_2-2-2/main.tex format=tex foundname=/Users/nice/Desktop/Private_Repository/Personal/theorem_2-2-2/main.tex fullname=/Users/nice/Desktop/Private_Repository/Personal/theorem_2-2-2/main.tex usedmethod=direct
system          >   10: filename=context-libraries.tma filetype=lua foundname=/usr/local/texlive/2025/texmf-dist/tex/context/base/mkxl/context-libraries.tma fullname=/usr/local/texlive/2025/texmf-dist/tex/context/base/mkxl/context-libraries.tma usedmethod=database
system          >   11: filename=type-imp-texgyre.mkiv filetype=tex foundname=/usr/local/texlive/2025/texmf-dist/tex/context/fonts/mkiv/type-imp-texgyre.mkiv fullname=/usr/local/texlive/2025/texmf-dist/tex/context/fonts/mkiv/type-imp-texgyre.mkiv usedmethod=database
system          >   12: filename=lm.lfg filetype=tex foundname=/usr/local/texlive/2025/texmf-dist/tex/context/fonts/mkiv/lm.lfg fullname=/usr/local/texlive/2025/texmf-dist/tex/context/fonts/mkiv/lm.lfg usedmethod=database
system          >   13: filename=texgyrepagella-regular filetype=otf format=otf foundname=/usr/local/texlive/2025/texmf-dist/fonts/opentype/public/tex-gyre/texgyrepagella-regular.otf fullname=/usr/local/texlive/2025/texmf-dist/fonts/opentype/public/tex-gyre/texgyrepagella-regular.otf usedmethod=database
system          >   14: filename=texgyre-text.lfg filetype=tex foundname=/usr/local/texlive/2025/texmf-dist/tex/context/fonts/mkiv/texgyre-text.lfg fullname=/usr/local/texlive/2025/texmf-dist/tex/context/fonts/mkiv/texgyre-text.lfg usedmethod=database
system          >   15: filename=texgyrepagella-math.otf filetype=otf format=otf foundname=/usr/local/texlive/2025/texmf-dist/fonts/opentype/public/tex-gyre-math/texgyrepagella-math.otf fullname=/usr/local/texlive/2025/texmf-dist/fonts/opentype/public/tex-gyre-math/texgyrepagella-math.otf usedmethod=database
system          >   16: filename=pagella-math.lfg filetype=tex foundname=/usr/local/texlive/2025/texmf-dist/tex/context/fonts/mkiv/pagella-math.lfg fullname=/usr/local/texlive/2025/texmf-dist/tex/context/fonts/mkiv/pagella-math.lfg usedmethod=database
system          >   17: filename=common-math.lfg filetype=tex foundname=/usr/local/texlive/2025/texmf-dist/tex/context/fonts/mkiv/common-math.lfg fullname=/usr/local/texlive/2025/texmf-dist/tex/context/fonts/mkiv/common-math.lfg usedmethod=database
system          >   18: filename=texgyrepagellamathcompanion-regular.otf filetype=otf format=otf foundname=/usr/local/texlive/2025/texmf-dist/fonts/opentype/public/context/TeXGyrePagellaMathCompanion-Regular.otf fullname=/usr/local/texlive/2025/texmf-dist/fonts/opentype/public/context/TeXGyrePagellaMathCompanion-Regular.otf usedmethod=database
system          >   19: filename=lmroman10-regular filetype=otf format=otf foundname=/usr/local/texlive/2025/texmf-dist/fonts/opentype/public/lm/lmroman10-regular.otf fullname=/usr/local/texlive/2025/texmf-dist/fonts/opentype/public/lm/lmroman10-regular.otf usedmethod=database
system          >   20: filename=modern-text.lfg filetype=tex foundname=/usr/local/texlive/2025/texmf-dist/tex/context/fonts/mkiv/modern-text.lfg fullname=/usr/local/texlive/2025/texmf-dist/tex/context/fonts/mkiv/modern-text.lfg usedmethod=database
system          >   21: filename=latinmodern-math.otf filetype=otf format=otf foundname=/usr/local/texlive/2025/texmf-dist/fonts/opentype/public/lm-math/latinmodern-math.otf fullname=/usr/local/texlive/2025/texmf-dist/fonts/opentype/public/lm-math/latinmodern-math.otf usedmethod=database
system          >   22: filename=modern-math.lfg filetype=tex foundname=/usr/local/texlive/2025/texmf-dist/tex/context/fonts/mkiv/modern-math.lfg fullname=/usr/local/texlive/2025/texmf-dist/tex/context/fonts/mkiv/modern-math.lfg usedmethod=database
system          >   23: filename=latinmodernmathcompanion-regular.otf filetype=otf format=otf foundname=/usr/local/texlive/2025/texmf-dist/fonts/opentype/public/context/LatinModernMathCompanion-Regular.otf fullname=/usr/local/texlive/2025/texmf-dist/fonts/opentype/public/context/LatinModernMathCompanion-Regular.otf usedmethod=database
system          >   24: filename=parametric.lua format=tex foundname=parametric.lua fullname=/Users/nice/Desktop/Private_Repository/Personal/theorem_2-2-2/parametric.lua usedmethod=direct
system          >   25: filename=linalg.lua format=tex foundname=linalg.lua fullname=/Users/nice/Desktop/Private_Repository/Personal/theorem_2-2-2/linalg.lua usedmethod=direct
system          >   26: filename=metafun.mpxl filetype=mp foundname=/usr/local/texlive/2025/texmf-dist/metapost/context/base/mpxl/metafun.mpxl fullname=/usr/local/texlive/2025/texmf-dist/metapost/context/base/mpxl/metafun.mpxl usedmethod=database
system          >   27: filename=mp-base.mpxl filetype=mp foundname=/usr/local/texlive/2025/texmf-dist/metapost/context/base/mpxl/mp-base.mpxl fullname=/usr/local/texlive/2025/texmf-dist/metapost/context/base/mpxl/mp-base.mpxl usedmethod=database
system          >   28: filename=mp-tool.mpxl filetype=mp foundname=/usr/local/texlive/2025/texmf-dist/metapost/context/base/mpxl/mp-tool.mpxl fullname=/usr/local/texlive/2025/texmf-dist/metapost/context/base/mpxl/mp-tool.mpxl usedmethod=database
system          >   29: filename=mp-luas.mpxl filetype=mp foundname=/usr/local/texlive/2025/texmf-dist/metapost/context/base/mpxl/mp-luas.mpxl fullname=/usr/local/texlive/2025/texmf-dist/metapost/context/base/mpxl/mp-luas.mpxl usedmethod=database
system          >   30: filename=mp-mlib.mpxl filetype=mp foundname=/usr/local/texlive/2025/texmf-dist/metapost/context/base/mpxl/mp-mlib.mpxl fullname=/usr/local/texlive/2025/texmf-dist/metapost/context/base/mpxl/mp-mlib.mpxl usedmethod=database
system          >   31: filename=mp-math.mpxl filetype=mp foundname=/usr/local/texlive/2025/texmf-dist/metapost/context/base/mpxl/mp-math.mpxl fullname=/usr/local/texlive/2025/texmf-dist/metapost/context/base/mpxl/mp-math.mpxl usedmethod=database
system          >   32: filename=mp-cont.mpxl filetype=mp foundname=/usr/local/texlive/2025/texmf-dist/metapost/context/base/mpxl/mp-cont.mpxl fullname=/usr/local/texlive/2025/texmf-dist/metapost/context/base/mpxl/mp-cont.mpxl usedmethod=database
system          >   33: filename=mp-page.mpxl filetype=mp foundname=/usr/local/texlive/2025/texmf-dist/metapost/context/base/mpxl/mp-page.mpxl fullname=/usr/local/texlive/2025/texmf-dist/metapost/context/base/mpxl/mp-page.mpxl usedmethod=database
system          >   34: filename=mp-butt.mpxl filetype=mp foundname=/usr/local/texlive/2025/texmf-dist/metapost/context/base/mpxl/mp-butt.mpxl fullname=/usr/local/texlive/2025/texmf-dist/metapost/context/base/mpxl/mp-butt.mpxl usedmethod=database
system          >   35: filename=mp-shap.mpxl filetype=mp foundname=/usr/local/texlive/2025/texmf-dist/metapost/context/base/mpxl/mp-shap.mpxl fullname=/usr/local/texlive/2025/texmf-dist/metapost/context/base/mpxl/mp-shap.mpxl usedmethod=database
system          >   36: filename=mp-grph.mpxl filetype=mp foundname=/usr/local/texlive/2025/texmf-dist/metapost/context/base/mpxl/mp-grph.mpxl fullname=/usr/local/texlive/2025/texmf-dist/metapost/context/base/mpxl/mp-grph.mpxl usedmethod=database
system          >   37: filename=mp-grid.mpxl filetype=mp foundname=/usr/local/texlive/2025/texmf-dist/metapost/context/base/mpxl/mp-grid.mpxl fullname=/usr/local/texlive/2025/texmf-dist/metapost/context/base/mpxl/mp-grid.mpxl usedmethod=database
system          >   38: filename=mp-form.mpxl filetype=mp foundname=/usr/local/texlive/2025/texmf-dist/metapost/context/base/mpxl/mp-form.mpxl fullname=/usr/local/texlive/2025/texmf-dist/metapost/context/base/mpxl/mp-form.mpxl usedmethod=database
system          >   39: filename=mp-figs.mpxl filetype=mp foundname=/usr/local/texlive/2025/texmf-dist/metapost/context/base/mpxl/mp-figs.mpxl fullname=/usr/local/texlive/2025/texmf-dist/metapost/context/base/mpxl/mp-figs.mpxl usedmethod=database
system          >   40: filename=mp-func.mpxl filetype=mp foundname=/usr/local/texlive/2025/texmf-dist/metapost/context/base/mpxl/mp-func.mpxl fullname=/usr/local/texlive/2025/texmf-dist/metapost/context/base/mpxl/mp-func.mpxl usedmethod=database
system          >   41: filename=mp-node.mpxl filetype=mp foundname=/usr/local/texlive/2025/texmf-dist/metapost/context/base/mpxl/mp-node.mpxl fullname=/usr/local/texlive/2025/texmf-dist/metapost/context/base/mpxl/mp-node.mpxl usedmethod=database
system          >   42: filename=mp-apos.mpxl filetype=mp foundname=/usr/local/texlive/2025/texmf-dist/metapost/context/base/mpxl/mp-apos.mpxl fullname=/usr/local/texlive/2025/texmf-dist/metapost/context/base/mpxl/mp-apos.mpxl usedmethod=database
system          >   43: filename=mp-abck.mpxl filetype=mp foundname=/usr/local/texlive/2025/texmf-dist/metapost/context/base/mpxl/mp-abck.mpxl fullname=/usr/local/texlive/2025/texmf-dist/metapost/context/base/mpxl/mp-abck.mpxl usedmethod=database
system          >   44: filename=mp-asnc.mpxl filetype=mp foundname=/usr/local/texlive/2025/texmf-dist/metapost/context/base/mpxl/mp-asnc.mpxl fullname=/usr/local/texlive/2025/texmf-dist/metapost/context/base/mpxl/mp-asnc.mpxl usedmethod=database
system          >   45: filename=mp-blob.mpxl filetype=mp foundname=/usr/local/texlive/2025/texmf-dist/metapost/context/base/mpxl/mp-blob.mpxl fullname=/usr/local/texlive/2025/texmf-dist/metapost/context/base/mpxl/mp-blob.mpxl usedmethod=database
system          >   46: filename=mp-lmtx.mpxl filetype=mp foundname=/usr/local/texlive/2025/texmf-dist/metapost/context/base/mpxl/mp-lmtx.mpxl fullname=/usr/local/texlive/2025/texmf-dist/metapost/context/base/mpxl/mp-lmtx.mpxl usedmethod=database
system          >   47: filename=mp-text.mpxl filetype=mp foundname=/usr/local/texlive/2025/texmf-dist/metapost/context/base/mpxl/mp-text.mpxl fullname=/usr/local/texlive/2025/texmf-dist/metapost/context/base/mpxl/mp-text.mpxl usedmethod=database
system          >   48: filename=register_mp_cmd.mp foundname=register_mp_cmd.mp fullname=/Users/nice/Desktop/Private_Repository/Personal/theorem_2-2-2/register_mp_cmd.mp usedmethod=direct
system          >   49: filename=lmroman10-bold filetype=otf format=otf foundname=/usr/local/texlive/2025/texmf-dist/fonts/opentype/public/lm/lmroman10-bold.otf fullname=/usr/local/texlive/2025/texmf-dist/fonts/opentype/public/lm/lmroman10-bold.otf usedmethod=database
system          >   50: filename=lmroman10-italic filetype=otf format=otf foundname=/usr/local/texlive/2025/texmf-dist/fonts/opentype/public/lm/lmroman10-italic.otf fullname=/usr/local/texlive/2025/texmf-dist/fonts/opentype/public/lm/lmroman10-italic.otf usedmethod=database
system          >   51: filename=lpdf-pdx.xml filetype=tex foundname=/usr/local/texlive/2025/texmf-dist/tex/context/base/mkiv/lpdf-pdx.xml fullname=/usr/local/texlive/2025/texmf-dist/tex/context/base/mkiv/lpdf-pdx.xml usedmethod=database
system          > stop used files
system          > start commandline options
system          >   currentrun="2"
system          >   fulljobname="./main.tex"
system          >   input="./main.tex"
system          >   kindofrun="2"
system          >   maxnofruns="9"
system          >   texmfbinpath="/Library/TeX/texbin"
system          > stop commandline options
system          > start commandline files
system          >    1: ./main.tex
system          > stop commandline files
modules         > start used modules
modules         >   loaded : *-texlive
modules         > stop used modules
system          > 
system          > status after finishing run
system          > 
system          >   ----------------------------------------------------------------------------------------------------------------------------------------------------------------------------------------------
system          >           string       pool       hash     lookup       node      token     buffer      input       file       nest  parameter       save       font   language       mark     insert        mvl
system          >   ----------------------------------------------------------------------------------------------------------------------------------------------------------------------------------------------
system          >   max    2097152  100000000    2097152    2097152  100000000   10000000  100000000     100000       2000      10000     100000     500000     100000      10000      10000        500        500
system          >   min     150000   10000000     150000     150000   10000000    2000000    1000000      10000        500       1000      20000     100000        250        250         50         25         10
system          >   set     500000   10000000     250000     250000   50000000   10000000   10000000     100000       2000      10000     100000     500000     100000        250        250        250         10
system          >   stp     100000    1000000     100000     100000    5000000    1000000    1000000      10000        250       1000      10000      10000        250        250         50         25         10
system          > 
system          >   mem     150000    1031729     150000              10000000    2000000    1000000      10000        500       1000      20000      10000        250        250         50         25         10
system          >   itm         16          1         16                     9          8          1         32         32         80          4         16          8          8         28         56         80
system          >   ext          0          0          0          0          0          0          0          0          0          0          0          0    4651592         96          0          0          0
system          >   all    2400000    1031729    2400000          1   90000000   16000000    1000000     320000      16000      80000      80000     160000    4653592       2096       1400       1400        800
system          > 
system          >   ini    2149084     994696          0      51915          0     573610                                                                                       0                                 
system          >   ptr      53381                  7798      53364                                0          0          0          0          0          0         16          0          0         11          0
system          >   top      53382                938218     262146      39351     608282        240         38          8         13         43        367        250        250         50         25         10
system          >   ----------------------------------------------------------------------------------------------------------------------------------------------------------------------------------------------
system          > 
system          >   current input type    : initial
system          > 
system          >   approximate memory    : 121296825 (115 MB)
system          > 
system          >   expansion depth       : min: 10000, max: 1000000, set: 10000, top: 7
system          > 
system          >   luabytecode registers : 1031
system          >   luabytecode bytes     : 16512 (0 MB)
system          >   luastate bytes now    : -762543546 (-728 MB)
system          >   luastate bytes max    : 197198914 (188 MB)
system          > 
system          >   file callbacks        : 323626
system          >   saved callbacks       : 828750
system          >   direct callbacks      : 5
system          >   function callbacks    : 1609454
system          >   value callbacks       : 1619
system          >   message callbacks     : 0
system          >   bytecode callbacks    : 637
system          > 
system          >   mp instances          : 1
system          >   mp estimated memory   : 0 (0 MB)
system          >   mp file callbacks     : 61645
system          >   mp text callbacks     : 0
system          >   mp script callbacks   : 286830
system          >   mp log callbacks      : 40184
system          > 
system          >   total callbacks       : 2764091
system          >   mp total callbacks    : 388659
system          >   backend callbacks     : 0
system          > 
system          >   linebreak statistics  : context      calls     first    second     final  passonly   subpass
system          > 
system          >   linebreak statistics  : normal       73634     73634         0         0         0         0
system          >   linebreak statistics  : vbox         26776     26776         0         0         0         0
system          > 
system          >   linebreak statistics  :             100410    100410         0         0         0         0
system          > 
system          >   hyphenation state     : checked      212852
system          >   hyphenation state     : hyphenated   615848
system          >   hyphenation state     : lists        212852
system          >   hyphenation state     : nothing      145912
system          >   hyphenation state     : words       1097816
system          > 
mkxl run stats  > used config file: selfautoparent:/texmfcnf.lua;selfautoparent:/texmf-dist/web2c/texmfcnf.lua
mkxl run stats  > used cache path: readable+writable: '/Users/nice/Library/texlive/2025/texmf-var/luametatex-cache/context/a86c089b384a3076dc514ba966a1fac9'
mkxl run stats  > resource resolver: loadtime 0.297 seconds, 0 scans with scantime 0.000 seconds, 0 shared scans, 51 found files, scanned paths: <none>
mkxl run stats  > stored bytecode data: 531 modules (0.667 sec), 106 tables (0.023 sec), 637 chunks (0.690 sec)
mkxl run stats  > traced context lua functions: maxstack: 1878, freed: 2, unreachable: 1876
mkxl run stats  > cleaned up reserved nodes: 80 nodes, 8 lists of 444
mkxl run stats  > node memory usage: 18 attribute, 9 fontspec, 135 gluespec, 1 kern, 661 mathspec, 4 penalty, 29 specification, 2 temp
mkxl run stats  > node list callback tasks: 17 unique task lists, 11 instances (re)created, 755070 calls
mkxl run stats  > attribute processing time: 3.689 seconds front- and backend
mkxl run stats  > driver time: 47.866 seconds 
mkxl run stats  > used backend: pdf
mkxl run stats  > randomizer: resumed with value 0.71263488270392616
mkxl run stats  > jobdata time: 0.146 seconds saving, 0.029 seconds loading
mkxl run stats  > callbacks: file: 323626, saved: 828750, direct: 5, function: 1609454, value: 1619, message: 0, bytecode: 637, late 0, total: 2764091 (413 per page)
mkxl run stats  > loaded tex modules: 1 requested, all found (*-texlive)
mkxl run stats  > loaded patterns: en::1, load time: 0.000
mkxl run stats  > loaded fonts: 8 files: latinmodernmathcompanion-regular.otf, texgyrepagellamathcompanion-regular.otf, latinmodern-math.otf, lmroman10-bold.otf, lmroman10-italic.otf, lmroman10-regular.otf, texgyrepagella-math.otf, texgyrepagella-regular.otf
mkxl run stats  > font engine: otf 3.145, afm 1.541, tfm 1.000, 12 instances, 4 shared in backend, 4 common vectors, 0 common hashes, load time 0.368 seconds 
mkxl run stats  > body font sizes: defined: 10pt 11pt 12pt 14.4pt 17.3pt 20.7pt 4pt 5pt 6pt 7pt 8pt 9pt, undefined: 24pt
mkxl run stats  > metapost: 779.211 seconds, loading: 0.102, execution: 585.045, n: 6697, average: 0.204, instances: 1, luacalls: 388659 (file: 61645, text: 0, script: 286830, log: 40184), memory: 0.000 M
mkxl run stats  > math tweaking time: 0.092 seconds, 12 math goodie tables
mkxl run stats  > font embedding time: 0.033 seconds, 4 fonts
mkxl run stats  > result saved in file: main.pdf, compresslevel 1, objectcompresslevel 3, 6707 streams, 0 uncompressed, 6706 compressed, 1 not compressed, threshold 40
mkxl run stats  > positions: 4 collected, 0 deltas, 0 shared partials, 0 partial entries
mkxl run stats  > used platform: osx-64, type: unix, binary subtree: bin
mkxl run stats  > used engine: luametatex version: 2.11.07, functionality level: 20250725, format id: 723, compiler: clang
mkxl run stats  > tex properties: 938218 hash slots used of 2097152, 53364 control sequences, approximate memory usage: 115 MB
mkxl run stats  > lua properties: engine: lua 5.5, format 0, used memory: 143 MB, ctx: -728 MB, max: 188 MB, symbol mask: utf (τεχ)
mkxl run stats  > runtime: 442.771 seconds, 6694 processed pages, 6694 shipped pages, 15.118 pages/second
